path,type,license,license_confidence,source_url,chosen_path,roblox_import_notes,verification
Res/AnimController/AC_CharacterTemplate.controller,animation,Unity-EULA,high,https://www.codester.com/items/55926/bullethell-elemental-template-unity,rebuild,rebuilt natively in Roblox; nothing imported,n/a
Res/AnimController/Action_Dummy/Attack.anim,animation,Unity-EULA,high,https://www.codester.com/items/55926/bullethell-elemental-template-unity,rebuild,rebuilt natively in Roblox; nothing imported,n/a
Res/AnimController/Action_Dummy/Death.anim,animation,Unity-EULA,high,https://www.codester.com/items/55926/bullethell-elemental-template-unity,rebuild,rebuilt natively in Roblox; nothing imported,n/a
Res/AnimController/Action_Dummy/ReceiveDamage.anim,animation,Unity-EULA,high,https://www.codester.com/items/55926/bullethell-elemental-template-unity,rebuild,rebuilt natively in Roblox; nothing imported,n/a
Res/AnimController/Action_Dummy/Skill_0.anim,animation,Unity-EULA,high,https://www.codester.com/items/55926/bullethell-elemental-template-unity,rebuild,rebuilt natively in Roblox; nothing imported,n/a
Res/AnimController/Action_Dummy/Skill_1.anim,animation,Unity-EULA,high,https://www.codester.com/items/55926/bullethell-elemental-template-unity,rebuild,rebuilt natively in Roblox; nothing imported,n/a
Res/AnimController/Action_Dummy/Skill_2.anim,animation,Unity-EULA,high,https://www.codester.com/items/55926/bullethell-elemental-template-unity,rebuild,rebuilt natively in Roblox; nothing imported,n/a
Res/AnimController/Action_Dummy/Skill_3.anim,animation,Unity-EULA,high,https://www.codester.com/items/55926/bullethell-elemental-template-unity,rebuild,rebuilt natively in Roblox; nothing imported,n/a
Res/AnimController/Action_Dummy/Skill_4.anim,animation,Unity-EULA,high,https://www.codester.com/items/55926/bullethell-elemental-template-unity,rebuild,rebuilt natively in Roblox; nothing imported,n/a
Res/AnimController/Action_Dummy/Skill_5.anim,animation,Unity-EULA,high,https://www.codester.com/items/55926/bullethell-elemental-template-unity,rebuild,rebuilt natively in Roblox; nothing imported,n/a
Res/AnimController/Action_Dummy/Skill_6.anim,animation,Unity-EULA,high,https://www.codester.com/items/55926/bullethell-elemental-template-unity,rebuild,rebuilt natively in Roblox; nothing imported,n/a
Res/AnimController/HFSM_Generic.controller,animation,Unity-EULA,high,https://www.codester.com/items/55926/bullethell-elemental-template-unity,rebuild,rebuilt natively in Roblox; nothing imported,n/a
Res/AnimController/Idle_Dummy/Idle_E.anim,animation,Unity-EULA,high,https://www.codester.com/items/55926/bullethell-elemental-template-unity,rebuild,rebuilt natively in Roblox; nothing imported,n/a
Res/AnimController/Idle_Dummy/Idle_N.anim,animation,Unity-EULA,high,https://www.codester.com/items/55926/bullethell-elemental-template-unity,rebuild,rebuilt natively in Roblox; nothing imported,n/a
Res/AnimController/Idle_Dummy/Idle_NE.anim,animation,Unity-EULA,high,https://www.codester.com/items/55926/bullethell-elemental-template-unity,rebuild,rebuilt natively in Roblox; nothing imported,n/a
Res/AnimController/Idle_Dummy/Idle_NW.anim,animation,Unity-EULA,high,https://www.codester.com/items/55926/bullethell-elemental-template-unity,rebuild,rebuilt natively in Roblox; nothing imported,n/a
Res/AnimController/Idle_Dummy/Idle_S.anim,animation,Unity-EULA,high,https://www.codester.com/items/55926/bullethell-elemental-template-unity,rebuild,rebuilt natively in Roblox; nothing imported,n/a
Res/AnimController/Idle_Dummy/Idle_SE.anim,animation,Unity-EULA,high,https://www.codester.com/items/55926/bullethell-elemental-template-unity,rebuild,rebuilt natively in Roblox; nothing imported,n/a
Res/AnimController/Idle_Dummy/Idle_SW.anim,animation,Unity-EULA,high,https://www.codester.com/items/55926/bullethell-elemental-template-unity,rebuild,rebuilt natively in Roblox; nothing imported,n/a
Res/AnimController/Idle_Dummy/Idle_W.anim,animation,Unity-EULA,high,https://www.codester.com/items/55926/bullethell-elemental-template-unity,rebuild,rebuilt natively in Roblox; nothing imported,n/a
Res/AnimController/Legacy/CharacterController.controller,animation,Unity-EULA,high,https://www.codester.com/items/55926/bullethell-elemental-template-unity,rebuild,rebuilt natively in Roblox; nothing imported,n/a
Res/AnimController/Run_Dummy/Run_E.anim,animation,Unity-EULA,high,https://www.codester.com/items/55926/bullethell-elemental-template-unity,rebuild,rebuilt natively in Roblox; nothing imported,n/a
Res/AnimController/Run_Dummy/Run_N.anim,animation,Unity-EULA,high,https://www.codester.com/items/55926/bullethell-elemental-template-unity,rebuild,rebuilt natively in Roblox; nothing imported,n/a
Res/AnimController/Run_Dummy/Run_NE.anim,animation,Unity-EULA,high,https://www.codester.com/items/55926/bullethell-elemental-template-unity,rebuild,rebuilt natively in Roblox; nothing imported,n/a
Res/AnimController/Run_Dummy/Run_NW.anim,animation,Unity-EULA,high,https://www.codester.com/items/55926/bullethell-elemental-template-unity,rebuild,rebuilt natively in Roblox; nothing imported,n/a
Res/AnimController/Run_Dummy/Run_S.anim,animation,Unity-EULA,high,https://www.codester.com/items/55926/bullethell-elemental-template-unity,rebuild,rebuilt natively in Roblox; nothing imported,n/a
Res/AnimController/Run_Dummy/Run_SE.anim,animation,Unity-EULA,high,https://www.codester.com/items/55926/bullethell-elemental-template-unity,rebuild,rebuilt natively in Roblox; nothing imported,n/a
Res/AnimController/Run_Dummy/Run_SW.anim,animation,Unity-EULA,high,https://www.codester.com/items/55926/bullethell-elemental-template-unity,rebuild,rebuilt natively in Roblox; nothing imported,n/a
Res/AnimController/Run_Dummy/Run_W.anim,animation,Unity-EULA,high,https://www.codester.com/items/55926/bullethell-elemental-template-unity,rebuild,rebuilt natively in Roblox; nothing imported,n/a
Res/Audio/AA.wav,audio,Unity-EULA,low,https://www.codester.com/items/55926/bullethell-elemental-template-unity,B,"SFX not covered by publisher disclosure (it names ThirdPartyResources/Audio only); no source located; treat as BizachiCode-original. embed only, no standalone redistribution; upload Restricted. audio <20MB, <7min, <=48kHz; private upload; ID-verified quota 2000/30d",unverified
Res/Audio/Ambient/AudioClip_Background-Ambient.wav,audio,Unity-EULA,low,https://www.codester.com/items/55926/bullethell-elemental-template-unity,B,"34.5MB ambience EXCEEDS Roblox 20MB limit - recompress/replace; source not located. embed only, no standalone redistribution; upload Restricted. audio <20MB, <7min, <=48kHz; private upload; ID-verified quota 2000/30d",unverified
Res/Audio/Ambient/at-the-park-afternoon- XtremeFreddy.wav,audio,Pixabay-Content,high,https://pixabay.com/music/sneaky-at-the-park-afternoon-193011/,A,"'At the Park (Afternoon)' by XtremeFreddy, Pixabay Music (Pixabay Content License: free commercial use, no standalone redistribution). audio <20MB, <7min, <=48kHz; private upload; ID-verified quota 2000/30d",verified
Res/Audio/AudioClip_Purchase-Cha-Ching.wav,audio,Unity-EULA,low,https://www.codester.com/items/55926/bullethell-elemental-template-unity,B,"SFX not covered by publisher disclosure (it names ThirdPartyResources/Audio only); no source located; treat as BizachiCode-original. embed only, no standalone redistribution; upload Restricted. audio <20MB, <7min, <=48kHz; private upload; ID-verified quota 2000/30d",unverified
Res/Audio/BackCancelSound.wav,audio,Unity-EULA,low,https://www.codester.com/items/55926/bullethell-elemental-template-unity,B,"SFX not covered by publisher disclosure (it names ThirdPartyResources/Audio only); no source located; treat as BizachiCode-original. embed only, no standalone redistribution; upload Restricted. audio <20MB, <7min, <=48kHz; private upload; ID-verified quota 2000/30d",unverified
Res/Audio/Click.wav,audio,Unity-EULA,low,https://www.codester.com/items/55926/bullethell-elemental-template-unity,B,"SFX not covered by publisher disclosure (it names ThirdPartyResources/Audio only); no source located; treat as BizachiCode-original. embed only, no standalone redistribution; upload Restricted. audio <20MB, <7min, <=48kHz; private upload; ID-verified quota 2000/30d",unverified
Res/Audio/Launch.wav,audio,Unity-EULA,low,https://www.codester.com/items/55926/bullethell-elemental-template-unity,B,"SFX not covered by publisher disclosure (it names ThirdPartyResources/Audio only); no source located; treat as BizachiCode-original. embed only, no standalone redistribution; upload Restricted. audio <20MB, <7min, <=48kHz; private upload; ID-verified quota 2000/30d",unverified
Res/Audio/Music/AudioClip_Fanfares_Defeat.wav,audio,Unity-EULA,low,https://www.codester.com/items/55926/bullethell-elemental-template-unity,B,"SFX not covered by publisher disclosure (it names ThirdPartyResources/Audio only); no source located; treat as BizachiCode-original. embed only, no standalone redistribution; upload Restricted. audio <20MB, <7min, <=48kHz; private upload; ID-verified quota 2000/30d",unverified
Res/Audio/Music/AudioClip_Fanfares_Victory.wav,audio,Unity-EULA,low,https://www.codester.com/items/55926/bullethell-elemental-template-unity,B,"SFX not covered by publisher disclosure (it names ThirdPartyResources/Audio only); no source located; treat as BizachiCode-original. embed only, no standalone redistribution; upload Restricted. audio <20MB, <7min, <=48kHz; private upload; ID-verified quota 2000/30d",unverified
Res/Audio/Music/AudioClip_Music_Darkling.wav,audio,CC-BY,high,https://incompetech.com/music/royalty-free/full_list.php,A,"'Darkling' Kevin MacLeod (incompetech), ISRC USUAN1700050, CC BY - attribution required or paid no-attribution license; consider CC0 replacement. audio <20MB, <7min, <=48kHz; private upload; ID-verified quota 2000/30d",verified
Res/Audio/Music/AudioClip_Music_MorganaRides.wav,audio,CC-BY,high,https://incompetech.com/music/royalty-free/full_list.php,A,"'Morgana Rides' Kevin MacLeod (incompetech), ISRC USUAN1800010, CC BY - attribution required or paid no-attribution license; consider CC0 replacement. audio <20MB, <7min, <=48kHz; private upload; ID-verified quota 2000/30d",verified
Res/Audio/SFX/AudioClip_Click-Medium.wav,audio,Unity-EULA,low,https://www.codester.com/items/55926/bullethell-elemental-template-unity,B,"SFX not covered by publisher disclosure (it names ThirdPartyResources/Audio only); no source located; treat as BizachiCode-original. embed only, no standalone redistribution; upload Restricted. audio <20MB, <7min, <=48kHz; private upload; ID-verified quota 2000/30d",unverified
Res/Audio/SFX/AudioClip_Click-Soft.wav,audio,Unity-EULA,low,https://www.codester.com/items/55926/bullethell-elemental-template-unity,B,"SFX not covered by publisher disclosure (it names ThirdPartyResources/Audio only); no source located; treat as BizachiCode-original. embed only, no standalone redistribution; upload Restricted. audio <20MB, <7min, <=48kHz; private upload; ID-verified quota 2000/30d",unverified
Res/Audio/SFX/AudioClip_Click-Springy.wav,audio,Unity-EULA,low,https://www.codester.com/items/55926/bullethell-elemental-template-unity,B,"SFX not covered by publisher disclosure (it names ThirdPartyResources/Audio only); no source located; treat as BizachiCode-original. embed only, no standalone redistribution; upload Restricted. audio <20MB, <7min, <=48kHz; private upload; ID-verified quota 2000/30d",unverified
Res/Audio/SFX/AudioClip_Click-Switch.wav,audio,Unity-EULA,low,https://www.codester.com/items/55926/bullethell-elemental-template-unity,B,"SFX not covered by publisher disclosure (it names ThirdPartyResources/Audio only); no source located; treat as BizachiCode-original. embed only, no standalone redistribution; upload Restricted. audio <20MB, <7min, <=48kHz; private upload; ID-verified quota 2000/30d",unverified
Res/Audio/SFX/AudioClip_Click-Tap.wav,audio,Unity-EULA,low,https://www.codester.com/items/55926/bullethell-elemental-template-unity,B,"SFX not covered by publisher disclosure (it names ThirdPartyResources/Audio only); no source located; treat as BizachiCode-original. embed only, no standalone redistribution; upload Restricted. audio <20MB, <7min, <=48kHz; private upload; ID-verified quota 2000/30d",unverified
Res/Audio/SFX/AudioClip_Error.wav,audio,Unity-EULA,low,https://www.codester.com/items/55926/bullethell-elemental-template-unity,B,"SFX not covered by publisher disclosure (it names ThirdPartyResources/Audio only); no source located; treat as BizachiCode-original. embed only, no standalone redistribution; upload Restricted. audio <20MB, <7min, <=48kHz; private upload; ID-verified quota 2000/30d",unverified
Res/Audio/SFX/AudioClip_PotionDrop.wav,audio,Unity-EULA,low,https://www.codester.com/items/55926/bullethell-elemental-template-unity,B,"SFX not covered by publisher disclosure (it names ThirdPartyResources/Audio only); no source located; treat as BizachiCode-original. embed only, no standalone redistribution; upload Restricted. audio <20MB, <7min, <=48kHz; private upload; ID-verified quota 2000/30d",unverified
Res/Audio/gameplay/AudioClip_generic-gethit.wav,audio,Unity-EULA,low,https://www.codester.com/items/55926/bullethell-elemental-template-unity,B,"SFX not covered by publisher disclosure (it names ThirdPartyResources/Audio only); no source located; treat as BizachiCode-original. embed only, no standalone redistribution; upload Restricted. audio <20MB, <7min, <=48kHz; private upload; ID-verified quota 2000/30d",unverified
Res/CharacterEntity.prefab,other,Unity-EULA,high,https://www.codester.com/items/55926/bullethell-elemental-template-unity,rebuild,rebuilt natively in Roblox; nothing imported,n/a
Res/CharacterFace/Eyes/Eye1/Eye1BG.png,texture,Unity-EULA,high,https://www.codester.com/items/55926/bullethell-elemental-template-unity,B,"BizachiCode-original. embed only, no standalone redistribution; upload Restricted. texture <=1024px (Roblox downscales larger); OpenGL-normal convention if normal maps",n/a
Res/CharacterFace/Eyes/Eye1/Eye1Full.png,texture,Unity-EULA,high,https://www.codester.com/items/55926/bullethell-elemental-template-unity,B,"BizachiCode-original. embed only, no standalone redistribution; upload Restricted. texture <=1024px (Roblox downscales larger); OpenGL-normal convention if normal maps",n/a
Res/CharacterFace/Eyes/Eye1/Eye1Iris.png,texture,Unity-EULA,high,https://www.codester.com/items/55926/bullethell-elemental-template-unity,B,"BizachiCode-original. embed only, no standalone redistribution; upload Restricted. texture <=1024px (Roblox downscales larger); OpenGL-normal convention if normal maps",n/a
Res/CharacterFace/Eyes/Eye1/Materials/ClosedL.mat,other,Unity-EULA,high,https://www.codester.com/items/55926/bullethell-elemental-template-unity,rebuild,rebuilt natively in Roblox; nothing imported,n/a
Res/CharacterFace/Eyes/Eye1/Materials/ClosedR.mat,other,Unity-EULA,high,https://www.codester.com/items/55926/bullethell-elemental-template-unity,rebuild,rebuilt natively in Roblox; nothing imported,n/a
Res/CharacterFace/Eyes/Eye1/Materials/Eye1IFull.mat,other,Unity-EULA,high,https://www.codester.com/items/55926/bullethell-elemental-template-unity,rebuild,rebuilt natively in Roblox; nothing imported,n/a
Res/CharacterFace/Eyes/Eye1/Materials/Eye1Iris.mat,other,Unity-EULA,high,https://www.codester.com/items/55926/bullethell-elemental-template-unity,rebuild,rebuilt natively in Roblox; nothing imported,n/a
Res/CharacterFace/Eyes/Eye1/Materials/EyeL.mat,other,Unity-EULA,high,https://www.codester.com/items/55926/bullethell-elemental-template-unity,rebuild,rebuilt natively in Roblox; nothing imported,n/a
Res/CharacterFace/Eyes/Eye1/Materials/EyeR 1.mat,other,Unity-EULA,high,https://www.codester.com/items/55926/bullethell-elemental-template-unity,rebuild,rebuilt natively in Roblox; nothing imported,n/a
Res/CharacterFace/Eyes/Eye1/Materials/EyeR 2.mat,other,Unity-EULA,high,https://www.codester.com/items/55926/bullethell-elemental-template-unity,rebuild,rebuilt natively in Roblox; nothing imported,n/a
Res/CharacterFace/Eyes/Eye1/Materials/EyeR.mat,other,Unity-EULA,high,https://www.codester.com/items/55926/bullethell-elemental-template-unity,rebuild,rebuilt natively in Roblox; nothing imported,n/a
Res/CharacterFace/Eyes/Eye2/Eye2.png,texture,Unity-EULA,high,https://www.codester.com/items/55926/bullethell-elemental-template-unity,B,"BizachiCode-original. embed only, no standalone redistribution; upload Restricted. texture <=1024px (Roblox downscales larger); OpenGL-normal convention if normal maps",n/a
Res/CharacterFace/Eyes/Eye2/F_EyeL 1.mat,other,Unity-EULA,high,https://www.codester.com/items/55926/bullethell-elemental-template-unity,rebuild,rebuilt natively in Roblox; nothing imported,n/a
Res/CharacterFace/Eyes/Eye2/F_EyeL 2.mat,other,Unity-EULA,high,https://www.codester.com/items/55926/bullethell-elemental-template-unity,rebuild,rebuilt natively in Roblox; nothing imported,n/a
Res/CharacterFace/Eyes/Eye2/FemaleEye1.png,texture,Unity-EULA,high,https://www.codester.com/items/55926/bullethell-elemental-template-unity,B,"BizachiCode-original. embed only, no standalone redistribution; upload Restricted. texture <=1024px (Roblox downscales larger); OpenGL-normal convention if normal maps",n/a
Res/CharacterFace/Mouths/Mouth1/Material/DefaultMouth 1.mat,other,Unity-EULA,high,https://www.codester.com/items/55926/bullethell-elemental-template-unity,rebuild,rebuilt natively in Roblox; nothing imported,n/a
Res/CharacterFace/Mouths/Mouth1/Material/DefaultMouth.mat,other,Unity-EULA,high,https://www.codester.com/items/55926/bullethell-elemental-template-unity,rebuild,rebuilt natively in Roblox; nothing imported,n/a
Res/CharacterFace/Mouths/Mouth1/Material/Mouth1.mat,other,Unity-EULA,high,https://www.codester.com/items/55926/bullethell-elemental-template-unity,rebuild,rebuilt natively in Roblox; nothing imported,n/a
Res/CharacterFace/Mouths/Mouth1/Mouth1.png,texture,Unity-EULA,high,https://www.codester.com/items/55926/bullethell-elemental-template-unity,B,"BizachiCode-original. embed only, no standalone redistribution; upload Restricted. texture <=1024px (Roblox downscales larger); OpenGL-normal convention if normal maps",n/a
Res/CharacterFace/Mouths/Mouth1/Mouth2.png,texture,Unity-EULA,high,https://www.codester.com/items/55926/bullethell-elemental-template-unity,B,"BizachiCode-original. embed only, no standalone redistribution; upload Restricted. texture <=1024px (Roblox downscales larger); OpenGL-normal convention if normal maps",n/a
Res/CharacterFace/Mouths/Mouth1/Mouth3.png,texture,Unity-EULA,high,https://www.codester.com/items/55926/bullethell-elemental-template-unity,B,"BizachiCode-original. embed only, no standalone redistribution; upload Restricted. texture <=1024px (Roblox downscales larger); OpenGL-normal convention if normal maps",n/a
Res/CharacterFace/Noses/Nose1/Materials/Nose1Material.mat,other,Unity-EULA,high,https://www.codester.com/items/55926/bullethell-elemental-template-unity,rebuild,rebuilt natively in Roblox; nothing imported,n/a
Res/CharacterFace/Noses/Nose1/Nose1.png,texture,Unity-EULA,high,https://www.codester.com/items/55926/bullethell-elemental-template-unity,B,"BizachiCode-original. embed only, no standalone redistribution; upload Restricted. texture <=1024px (Roblox downscales larger); OpenGL-normal convention if normal maps",n/a
Res/CharacterFace/Noses/Nose2/Nose2.png,texture,Unity-EULA,high,https://www.codester.com/items/55926/bullethell-elemental-template-unity,B,"BizachiCode-original. embed only, no standalone redistribution; upload Restricted. texture <=1024px (Roblox downscales larger); OpenGL-normal convention if normal maps",n/a
Res/CharacterFace/Noses/Nose2/Nose2Material.mat,other,Unity-EULA,high,https://www.codester.com/items/55926/bullethell-elemental-template-unity,rebuild,rebuilt natively in Roblox; nothing imported,n/a
Res/Drops/CollectExp.prefab,other,Unity-EULA,high,https://www.codester.com/items/55926/bullethell-elemental-template-unity,rebuild,rebuilt natively in Roblox; nothing imported,n/a
Res/Drops/EXPDrop.prefab,other,Unity-EULA,high,https://www.codester.com/items/55926/bullethell-elemental-template-unity,rebuild,rebuilt natively in Roblox; nothing imported,n/a
Res/Drops/GoldDrop.prefab,other,Unity-EULA,high,https://www.codester.com/items/55926/bullethell-elemental-template-unity,rebuild,rebuilt natively in Roblox; nothing imported,n/a
Res/Drops/HealthDrop.prefab,other,Unity-EULA,high,https://www.codester.com/items/55926/bullethell-elemental-template-unity,rebuild,rebuilt natively in Roblox; nothing imported,n/a
Res/Drops/ShieldDrop.prefab,other,Unity-EULA,high,https://www.codester.com/items/55926/bullethell-elemental-template-unity,rebuild,rebuilt natively in Roblox; nothing imported,n/a
Res/Effects/DaggerEffect/AdditiveScroll.shadergraph,other,Unity-EULA,high,https://www.codester.com/items/55926/bullethell-elemental-template-unity,rebuild,rebuilt natively in Roblox; nothing imported,n/a
Res/Effects/DaggerEffect/Materials/Dag1.mat,other,Unity-EULA,high,https://www.codester.com/items/55926/bullethell-elemental-template-unity,rebuild,rebuilt natively in Roblox; nothing imported,n/a
Res/Effects/DaggerEffect/Materials/DagFire.mat,other,Unity-EULA,high,https://www.codester.com/items/55926/bullethell-elemental-template-unity,rebuild,rebuilt natively in Roblox; nothing imported,n/a
Res/Effects/DaggerEffect/Mesh/BulletMesh 1.fbx,mesh,Unity-EULA,high,https://www.codester.com/items/55926/bullethell-elemental-template-unity,B,"BizachiCode-original. embed only, no standalone redistribution; upload Restricted. ",n/a
Res/Effects/DaggerEffect/Mesh/BulletMesh 1.prefab,other,Unity-EULA,high,https://www.codester.com/items/55926/bullethell-elemental-template-unity,rebuild,rebuilt natively in Roblox; nothing imported,n/a
Res/Effects/DaggerEffect/Mesh/Cone.fbx,mesh,Unity-EULA,high,https://www.codester.com/items/55926/bullethell-elemental-template-unity,B,"BizachiCode-original. embed only, no standalone redistribution; upload Restricted. ",n/a
Res/Effects/DaggerEffect/Mesh/Cone.prefab,other,Unity-EULA,high,https://www.codester.com/items/55926/bullethell-elemental-template-unity,rebuild,rebuilt natively in Roblox; nothing imported,n/a
Res/Effects/DaggerEffect/Mesh/Materials/Material.001.mat,other,Unity-EULA,high,https://www.codester.com/items/55926/bullethell-elemental-template-unity,rebuild,rebuilt natively in Roblox; nothing imported,n/a
Res/Effects/DaggerEffect/Texture/FireLine.png,texture,Unity-EULA,high,https://www.codester.com/items/55926/bullethell-elemental-template-unity,B,"BizachiCode-original. embed only, no standalone redistribution; upload Restricted. texture <=1024px (Roblox downscales larger); OpenGL-normal convention if normal maps",n/a
Res/Effects/DaggerEffect/Texture/NoiseDag.png,texture,Unity-EULA,high,https://www.codester.com/items/55926/bullethell-elemental-template-unity,B,"BizachiCode-original. embed only, no standalone redistribution; upload Restricted. texture <=1024px (Roblox downscales larger); OpenGL-normal convention if normal maps",n/a
Res/Effects/DaggerEffect/Texture/NoiseDag2.png,texture,Unity-EULA,high,https://www.codester.com/items/55926/bullethell-elemental-template-unity,B,"BizachiCode-original. embed only, no standalone redistribution; upload Restricted. texture <=1024px (Roblox downscales larger); OpenGL-normal convention if normal maps",n/a
Res/Effects/Dash/DashEffect.prefab,other,Unity-EULA,high,https://www.codester.com/items/55926/bullethell-elemental-template-unity,rebuild,rebuilt natively in Roblox; nothing imported,n/a
Res/Effects/Dash/Materials/Dash.mat,other,Unity-EULA,high,https://www.codester.com/items/55926/bullethell-elemental-template-unity,rebuild,rebuilt natively in Roblox; nothing imported,n/a
Res/Effects/Dash/Textures/dash.PNG,texture,Unity-EULA,high,https://www.codester.com/items/55926/bullethell-elemental-template-unity,B,"BizachiCode-original. embed only, no standalone redistribution; upload Restricted. texture <=1024px (Roblox downscales larger); OpenGL-normal convention if normal maps",n/a
Res/Effects/EmissiveUnlitMat/EmissiveUnlitMat.mat,other,Unity-EULA,high,https://www.codester.com/items/55926/bullethell-elemental-template-unity,rebuild,rebuilt natively in Roblox; nothing imported,n/a
Res/Effects/Gradients/Gradient.PNG,texture,Unity-EULA,high,https://www.codester.com/items/55926/bullethell-elemental-template-unity,B,"BizachiCode-original. embed only, no standalone redistribution; upload Restricted. texture <=1024px (Roblox downscales larger); OpenGL-normal convention if normal maps",n/a
Res/Effects/Gradients/GradientCenter.PNG,texture,Unity-EULA,high,https://www.codester.com/items/55926/bullethell-elemental-template-unity,B,"BizachiCode-original. embed only, no standalone redistribution; upload Restricted. texture <=1024px (Roblox downscales larger); OpenGL-normal convention if normal maps",n/a
Res/Effects/Gradients/GradientCenter2.PNG,texture,Unity-EULA,high,https://www.codester.com/items/55926/bullethell-elemental-template-unity,B,"BizachiCode-original. embed only, no standalone redistribution; upload Restricted. texture <=1024px (Roblox downscales larger); OpenGL-normal convention if normal maps",n/a
Res/Effects/Gradients/GradientCenter3.png,texture,Unity-EULA,high,https://www.codester.com/items/55926/bullethell-elemental-template-unity,B,"BizachiCode-original. embed only, no standalone redistribution; upload Restricted. texture <=1024px (Roblox downscales larger); OpenGL-normal convention if normal maps",n/a
Res/Effects/Gradients/Gradient_greyscale.PNG,texture,Unity-EULA,high,https://www.codester.com/items/55926/bullethell-elemental-template-unity,B,"BizachiCode-original. embed only, no standalone redistribution; upload Restricted. texture <=1024px (Roblox downscales larger); OpenGL-normal convention if normal maps",n/a
Res/Effects/Gradients/Vignette2.png,texture,Unity-EULA,high,https://www.codester.com/items/55926/bullethell-elemental-template-unity,B,"BizachiCode-original. embed only, no standalone redistribution; upload Restricted. texture <=1024px (Roblox downscales larger); OpenGL-normal convention if normal maps",n/a
Res/Effects/Poisons/Materials/EffectsPoison 1.mat,other,Unity-EULA,high,https://www.codester.com/items/55926/bullethell-elemental-template-unity,rebuild,rebuilt natively in Roblox; nothing imported,n/a
Res/Effects/Poisons/Materials/EffectsPoison.mat,other,Unity-EULA,high,https://www.codester.com/items/55926/bullethell-elemental-template-unity,rebuild,rebuilt natively in Roblox; nothing imported,n/a
Res/Effects/Shiny/Materials/BlackEffect.mat,other,Unity-EULA,high,https://www.codester.com/items/55926/bullethell-elemental-template-unity,rebuild,rebuilt natively in Roblox; nothing imported,n/a
Res/Effects/Shiny/Materials/FireEffect.mat,other,Unity-EULA,high,https://www.codester.com/items/55926/bullethell-elemental-template-unity,rebuild,rebuilt natively in Roblox; nothing imported,n/a
Res/Effects/Shiny/Materials/Square.mat,other,Unity-EULA,high,https://www.codester.com/items/55926/bullethell-elemental-template-unity,rebuild,rebuilt natively in Roblox; nothing imported,n/a
Res/Effects/Shiny/Materials/TrailLine.mat,other,Unity-EULA,high,https://www.codester.com/items/55926/bullethell-elemental-template-unity,rebuild,rebuilt natively in Roblox; nothing imported,n/a
Res/Effects/Shiny/Shiny.prefab,other,Unity-EULA,high,https://www.codester.com/items/55926/bullethell-elemental-template-unity,rebuild,rebuilt natively in Roblox; nothing imported,n/a
Res/Effects/Shiny/Textures/EffectIcon.PNG,texture,Unity-EULA,high,https://www.codester.com/items/55926/bullethell-elemental-template-unity,B,"BizachiCode-original. embed only, no standalone redistribution; upload Restricted. texture <=1024px (Roblox downscales larger); OpenGL-normal convention if normal maps",n/a
Res/Effects/Shiny/Textures/Square.PNG,texture,Unity-EULA,high,https://www.codester.com/items/55926/bullethell-elemental-template-unity,B,"BizachiCode-original. embed only, no standalone redistribution; upload Restricted. texture <=1024px (Roblox downscales larger); OpenGL-normal convention if normal maps",n/a
Res/Effects/SimpleTrail/Materials/M_Trail.mat,other,Unity-EULA,high,https://www.codester.com/items/55926/bullethell-elemental-template-unity,rebuild,rebuilt natively in Roblox; nothing imported,n/a
Res/Effects/SimpleTrail/Prefabs/Trail.prefab,other,Unity-EULA,high,https://www.codester.com/items/55926/bullethell-elemental-template-unity,rebuild,rebuilt natively in Roblox; nothing imported,n/a
Res/Effects/SimpleTrail/Textures/T_Trail_finger.png,texture,Unity-EULA,high,https://www.codester.com/items/55926/bullethell-elemental-template-unity,B,"BizachiCode-original. embed only, no standalone redistribution; upload Restricted. texture <=1024px (Roblox downscales larger); OpenGL-normal convention if normal maps",n/a
Res/Effects/Swirl/Materials/Swirl.mat,other,Unity-EULA,high,https://www.codester.com/items/55926/bullethell-elemental-template-unity,rebuild,rebuilt natively in Roblox; nothing imported,n/a
Res/Effects/Swirl/Swirl.prefab,other,Unity-EULA,high,https://www.codester.com/items/55926/bullethell-elemental-template-unity,rebuild,rebuilt natively in Roblox; nothing imported,n/a
Res/Effects/Swirl/SwirlEffect.prefab,other,Unity-EULA,high,https://www.codester.com/items/55926/bullethell-elemental-template-unity,rebuild,rebuilt natively in Roblox; nothing imported,n/a
Res/Effects/Swirl/SwirlEffect.shadergraph,other,Unity-EULA,high,https://www.codester.com/items/55926/bullethell-elemental-template-unity,rebuild,rebuilt natively in Roblox; nothing imported,n/a
Res/Effects/Swirl/Textures/Swirl01.png,texture,Unity-EULA,high,https://www.codester.com/items/55926/bullethell-elemental-template-unity,B,"BizachiCode-original. embed only, no standalone redistribution; upload Restricted. texture <=1024px (Roblox downscales larger); OpenGL-normal convention if normal maps",n/a
Res/Effects/Sword/Materials/EffectIconDark.mat,other,Unity-EULA,high,https://www.codester.com/items/55926/bullethell-elemental-template-unity,rebuild,rebuilt natively in Roblox; nothing imported,n/a
Res/FX/Aura/Materials/Glow_Mat.mat,other,Unity-EULA,high,https://www.codester.com/items/55926/bullethell-elemental-template-unity,rebuild,rebuilt natively in Roblox; nothing imported,n/a
Res/FX/Aura/Prefabs/Aura.prefab,other,Unity-EULA,high,https://www.codester.com/items/55926/bullethell-elemental-template-unity,rebuild,rebuilt natively in Roblox; nothing imported,n/a
Res/FX/Aura/Textures/GlowStreaks.png,texture,Unity-EULA,high,https://www.codester.com/items/55926/bullethell-elemental-template-unity,B,"BizachiCode-original. embed only, no standalone redistribution; upload Restricted. texture <=1024px (Roblox downscales larger); OpenGL-normal convention if normal maps",n/a
Res/FX/CoinGemMagnet/Prefabs/P_VFX_ForceField.prefab,other,Unity-EULA,high,https://www.codester.com/items/55926/bullethell-elemental-template-unity,rebuild,rebuilt natively in Roblox; nothing imported,n/a
Res/FX/CoinGemMagnet/Prefabs/P_VFX_GemMagnetFX Variant.prefab,other,Unity-EULA,high,https://www.codester.com/items/55926/bullethell-elemental-template-unity,rebuild,rebuilt natively in Roblox; nothing imported,n/a
Res/FX/CoinGemMagnet/Prefabs/P_VFX_GoldMagnetFX.prefab,other,Unity-EULA,high,https://www.codester.com/items/55926/bullethell-elemental-template-unity,rebuild,rebuilt natively in Roblox; nothing imported,n/a
Res/FX/FrameFire/Frame FX.prefab,other,Unity-EULA,high,https://www.codester.com/items/55926/bullethell-elemental-template-unity,rebuild,rebuilt natively in Roblox; nothing imported,n/a
Res/FX/GlowEffect/GlowItem_1.prefab,other,Unity-EULA,high,https://www.codester.com/items/55926/bullethell-elemental-template-unity,rebuild,rebuilt natively in Roblox; nothing imported,n/a
Res/FX/GlowEffect/GlowItem_2.prefab,other,Unity-EULA,high,https://www.codester.com/items/55926/bullethell-elemental-template-unity,rebuild,rebuilt natively in Roblox; nothing imported,n/a
Res/FX/GlowEffect/GlowParticleMat 1.mat,other,Unity-EULA,high,https://www.codester.com/items/55926/bullethell-elemental-template-unity,rebuild,rebuilt natively in Roblox; nothing imported,n/a
Res/FX/GlowEffect/GlowParticleMat.mat,other,Unity-EULA,high,https://www.codester.com/items/55926/bullethell-elemental-template-unity,rebuild,rebuilt natively in Roblox; nothing imported,n/a
Res/FX/HitEffect/Materials/Mat_HitEffect_VFX_AlphaThreshold.mat,other,Unity-EULA,high,https://www.codester.com/items/55926/bullethell-elemental-template-unity,rebuild,rebuilt natively in Roblox; nothing imported,n/a
Res/FX/HitEffect/Materials/Mat_HitEffect_VFX_PunchTrail.mat,other,Unity-EULA,high,https://www.codester.com/items/55926/bullethell-elemental-template-unity,rebuild,rebuilt natively in Roblox; nothing imported,n/a
Res/FX/HitEffect/Materials/Mat_HitEffect_VFX_SmallDrop.mat,other,Unity-EULA,high,https://www.codester.com/items/55926/bullethell-elemental-template-unity,rebuild,rebuilt natively in Roblox; nothing imported,n/a
Res/FX/HitEffect/Prefabs/Fire_HitEffect.prefab,other,Unity-EULA,high,https://www.codester.com/items/55926/bullethell-elemental-template-unity,rebuild,rebuilt natively in Roblox; nothing imported,n/a
Res/FX/HitEffect/Prefabs/Grass_HitEffect.prefab,other,Unity-EULA,high,https://www.codester.com/items/55926/bullethell-elemental-template-unity,rebuild,rebuilt natively in Roblox; nothing imported,n/a
Res/FX/HitEffect/Prefabs/Water_HitEffect.prefab,other,Unity-EULA,high,https://www.codester.com/items/55926/bullethell-elemental-template-unity,rebuild,rebuilt natively in Roblox; nothing imported,n/a
Res/FX/HitEffect/Sprites/Sprite_HitEffect.png,texture,Unity-EULA,high,https://www.codester.com/items/55926/bullethell-elemental-template-unity,B,"BizachiCode-original. embed only, no standalone redistribution; upload Restricted. texture <=1024px (Roblox downscales larger); OpenGL-normal convention if normal maps",n/a
Res/FX/HitEffect/Sprites/Sprite_PunchTrail.png,texture,Unity-EULA,high,https://www.codester.com/items/55926/bullethell-elemental-template-unity,B,"BizachiCode-original. embed only, no standalone redistribution; upload Restricted. texture <=1024px (Roblox downscales larger); OpenGL-normal convention if normal maps",n/a
Res/FX/HitEffect/Sprites/Sprite_Triangle.png,texture,Unity-EULA,high,https://www.codester.com/items/55926/bullethell-elemental-template-unity,B,"BizachiCode-original. embed only, no standalone redistribution; upload Restricted. texture <=1024px (Roblox downscales larger); OpenGL-normal convention if normal maps",n/a
Res/FX/LevelUp/Materials/VerticalRay_Mat 1.mat,other,Unity-EULA,high,https://www.codester.com/items/55926/bullethell-elemental-template-unity,rebuild,rebuilt natively in Roblox; nothing imported,n/a
Res/FX/LevelUp/Materials/VerticalRay_Mat.mat,other,Unity-EULA,high,https://www.codester.com/items/55926/bullethell-elemental-template-unity,rebuild,rebuilt natively in Roblox; nothing imported,n/a
Res/FX/LevelUp/Materials/VerticalSteaks_Mat.mat,other,Unity-EULA,high,https://www.codester.com/items/55926/bullethell-elemental-template-unity,rebuild,rebuilt natively in Roblox; nothing imported,n/a
Res/FX/LevelUp/Prefabs/Swirls.prefab,other,Unity-EULA,high,https://www.codester.com/items/55926/bullethell-elemental-template-unity,rebuild,rebuilt natively in Roblox; nothing imported,n/a
Res/FX/LevelUp/Prefabs/VerticalRays.prefab,other,Unity-EULA,high,https://www.codester.com/items/55926/bullethell-elemental-template-unity,rebuild,rebuilt natively in Roblox; nothing imported,n/a
Res/FX/LevelUp/Textures/Ramp01.png,texture,Unity-EULA,high,https://www.codester.com/items/55926/bullethell-elemental-template-unity,B,"BizachiCode-original. embed only, no standalone redistribution; upload Restricted. texture <=1024px (Roblox downscales larger); OpenGL-normal convention if normal maps",n/a
Res/FX/LevelUp/Textures/VerticalRay.png,texture,Unity-EULA,high,https://www.codester.com/items/55926/bullethell-elemental-template-unity,B,"BizachiCode-original. embed only, no standalone redistribution; upload Restricted. texture <=1024px (Roblox downscales larger); OpenGL-normal convention if normal maps",n/a
Res/FX/LevelUp/Textures/VerticalRaySmall.png,texture,Unity-EULA,high,https://www.codester.com/items/55926/bullethell-elemental-template-unity,B,"BizachiCode-original. embed only, no standalone redistribution; upload Restricted. texture <=1024px (Roblox downscales larger); OpenGL-normal convention if normal maps",n/a
Res/FX/Sparkles/Materials/Sparkle_Mat.mat,other,Unity-EULA,high,https://www.codester.com/items/55926/bullethell-elemental-template-unity,rebuild,rebuilt natively in Roblox; nothing imported,n/a
Res/FX/Sparkles/Prefabs/Sparkles.prefab,other,Unity-EULA,high,https://www.codester.com/items/55926/bullethell-elemental-template-unity,rebuild,rebuilt natively in Roblox; nothing imported,n/a
Res/FX/Sparkles/Sparkle.psd,texture,Unity-EULA,high,https://www.codester.com/items/55926/bullethell-elemental-template-unity,B,"flatten PSD to PNG/TGA before upload (Roblox accepts png/jpg/gif/tga/bmp). embed only, no standalone redistribution; upload Restricted",n/a
Res/FX/Sparkles/Textures/Sparkles.png,texture,Unity-EULA,high,https://www.codester.com/items/55926/bullethell-elemental-template-unity,B,"BizachiCode-original. embed only, no standalone redistribution; upload Restricted. texture <=1024px (Roblox downscales larger); OpenGL-normal convention if normal maps",n/a
Res/FX/VFX/HitFolder2/Art/ExplosionSpriteSheet.png,texture,Unity-EULA,high,https://www.codester.com/items/55926/bullethell-elemental-template-unity,B,"BizachiCode-original. embed only, no standalone redistribution; upload Restricted. texture <=1024px (Roblox downscales larger); OpenGL-normal convention if normal maps",n/a
Res/FX/VFX/HitFolder2/Art/HitEffect2x2.png,texture,Unity-EULA,high,https://www.codester.com/items/55926/bullethell-elemental-template-unity,B,"BizachiCode-original. embed only, no standalone redistribution; upload Restricted. texture <=1024px (Roblox downscales larger); OpenGL-normal convention if normal maps",n/a
Res/FX/VFX/HitFolder2/Art/HollowCircle.png,texture,Unity-EULA,high,https://www.codester.com/items/55926/bullethell-elemental-template-unity,B,"BizachiCode-original. embed only, no standalone redistribution; upload Restricted. texture <=1024px (Roblox downscales larger); OpenGL-normal convention if normal maps",n/a
Res/FX/VFX/HitFolder2/Art/LensFlareBlur.png,texture,Unity-EULA,high,https://www.codester.com/items/55926/bullethell-elemental-template-unity,B,"BizachiCode-original. embed only, no standalone redistribution; upload Restricted. texture <=1024px (Roblox downscales larger); OpenGL-normal convention if normal maps",n/a
Res/FX/VFX/HitFolder2/Art/MultiCirlceHue.png,texture,Unity-EULA,high,https://www.codester.com/items/55926/bullethell-elemental-template-unity,B,"BizachiCode-original. embed only, no standalone redistribution; upload Restricted. texture <=1024px (Roblox downscales larger); OpenGL-normal convention if normal maps",n/a
Res/FX/VFX/HitFolder2/Art/Ring.png,texture,Unity-EULA,high,https://www.codester.com/items/55926/bullethell-elemental-template-unity,B,"BizachiCode-original. embed only, no standalone redistribution; upload Restricted. texture <=1024px (Roblox downscales larger); OpenGL-normal convention if normal maps",n/a
Res/FX/VFX/HitFolder2/Art/Ring2x2.png,texture,Unity-EULA,high,https://www.codester.com/items/55926/bullethell-elemental-template-unity,B,"BizachiCode-original. embed only, no standalone redistribution; upload Restricted. texture <=1024px (Roblox downscales larger); OpenGL-normal convention if normal maps",n/a
Res/FX/VFX/HitFolder2/Art/RingHit.png,texture,Unity-EULA,high,https://www.codester.com/items/55926/bullethell-elemental-template-unity,B,"BizachiCode-original. embed only, no standalone redistribution; upload Restricted. texture <=1024px (Roblox downscales larger); OpenGL-normal convention if normal maps",n/a
Res/FX/VFX/HitFolder2/Art/Spark.png,texture,Unity-EULA,high,https://www.codester.com/items/55926/bullethell-elemental-template-unity,B,"BizachiCode-original. embed only, no standalone redistribution; upload Restricted. texture <=1024px (Roblox downscales larger); OpenGL-normal convention if normal maps",n/a
Res/FX/VFX/HitFolder2/Art/SparkHit1.png,texture,Unity-EULA,high,https://www.codester.com/items/55926/bullethell-elemental-template-unity,B,"BizachiCode-original. embed only, no standalone redistribution; upload Restricted. texture <=1024px (Roblox downscales larger); OpenGL-normal convention if normal maps",n/a
Res/FX/VFX/HitFolder2/Materials/DissolveMaterials/DissolveAdd.mat,other,Unity-EULA,high,https://www.codester.com/items/55926/bullethell-elemental-template-unity,rebuild,rebuilt natively in Roblox; nothing imported,n/a
Res/FX/VFX/HitFolder2/Materials/DissolveMaterials/DissolveAlpha.mat,other,Unity-EULA,high,https://www.codester.com/items/55926/bullethell-elemental-template-unity,rebuild,rebuilt natively in Roblox; nothing imported,n/a
Res/FX/VFX/HitFolder2/Materials/PlaneMaterial.mat,other,Unity-EULA,high,https://www.codester.com/items/55926/bullethell-elemental-template-unity,rebuild,rebuilt natively in Roblox; nothing imported,n/a
Res/FX/VFX/HitFolder2/Materials/Regular/RegularAdd.mat,other,Unity-EULA,high,https://www.codester.com/items/55926/bullethell-elemental-template-unity,rebuild,rebuilt natively in Roblox; nothing imported,n/a
Res/FX/VFX/HitFolder2/Materials/Regular/RegularAddClear.mat,other,Unity-EULA,high,https://www.codester.com/items/55926/bullethell-elemental-template-unity,rebuild,rebuilt natively in Roblox; nothing imported,n/a
Res/FX/VFX/HitFolder2/Materials/Regular/RegularAddHit 0.mat,other,Unity-EULA,high,https://www.codester.com/items/55926/bullethell-elemental-template-unity,rebuild,rebuilt natively in Roblox; nothing imported,n/a
Res/FX/VFX/HitFolder2/Materials/Regular/RegularAddHit1.mat,other,Unity-EULA,high,https://www.codester.com/items/55926/bullethell-elemental-template-unity,rebuild,rebuilt natively in Roblox; nothing imported,n/a
Res/FX/VFX/HitFolder2/Materials/Regular/RegularAddHit2.mat,other,Unity-EULA,high,https://www.codester.com/items/55926/bullethell-elemental-template-unity,rebuild,rebuilt natively in Roblox; nothing imported,n/a
Res/FX/VFX/HitFolder2/Materials/Regular/RegularAddHit3.mat,other,Unity-EULA,high,https://www.codester.com/items/55926/bullethell-elemental-template-unity,rebuild,rebuilt natively in Roblox; nothing imported,n/a
Res/FX/VFX/HitFolder2/Materials/Skybox/Skybox 2.mat,other,Unity-EULA,high,https://www.codester.com/items/55926/bullethell-elemental-template-unity,rebuild,rebuilt natively in Roblox; nothing imported,n/a
Res/FX/VFX/HitFolder2/Prefabs/vfx_AnimatedHit1.prefab,other,Unity-EULA,high,https://www.codester.com/items/55926/bullethell-elemental-template-unity,rebuild,rebuilt natively in Roblox; nothing imported,n/a
Res/FX/VFX/HitFolder2/Prefabs/vfx_DissolveEffect1.prefab,other,Unity-EULA,high,https://www.codester.com/items/55926/bullethell-elemental-template-unity,rebuild,rebuilt natively in Roblox; nothing imported,n/a
Res/FX/VFX/HitFolder2/Prefabs/vfx_DissolveEffect2.prefab,other,Unity-EULA,high,https://www.codester.com/items/55926/bullethell-elemental-template-unity,rebuild,rebuilt natively in Roblox; nothing imported,n/a
Res/FX/VFX/HitFolder2/Prefabs/vfx_Explosion1.prefab,other,Unity-EULA,high,https://www.codester.com/items/55926/bullethell-elemental-template-unity,rebuild,rebuilt natively in Roblox; nothing imported,n/a
Res/FX/VFX/HitFolder2/Prefabs/vfx_Explosion2.prefab,other,Unity-EULA,high,https://www.codester.com/items/55926/bullethell-elemental-template-unity,rebuild,rebuilt natively in Roblox; nothing imported,n/a
Res/FX/VFX/HitFolder2/Prefabs/vfx_HitEffect1.prefab,other,Unity-EULA,high,https://www.codester.com/items/55926/bullethell-elemental-template-unity,rebuild,rebuilt natively in Roblox; nothing imported,n/a
Res/FX/VFX/HitFolder2/Prefabs/vfx_HitEffect10.prefab,other,Unity-EULA,high,https://www.codester.com/items/55926/bullethell-elemental-template-unity,rebuild,rebuilt natively in Roblox; nothing imported,n/a
Res/FX/VFX/HitFolder2/Prefabs/vfx_HitEffect2.prefab,other,Unity-EULA,high,https://www.codester.com/items/55926/bullethell-elemental-template-unity,rebuild,rebuilt natively in Roblox; nothing imported,n/a
Res/FX/VFX/HitFolder2/Prefabs/vfx_HitEffect3.prefab,other,Unity-EULA,high,https://www.codester.com/items/55926/bullethell-elemental-template-unity,rebuild,rebuilt natively in Roblox; nothing imported,n/a
Res/FX/VFX/HitFolder2/Prefabs/vfx_HitEffect4.prefab,other,Unity-EULA,high,https://www.codester.com/items/55926/bullethell-elemental-template-unity,rebuild,rebuilt natively in Roblox; nothing imported,n/a
Res/FX/VFX/HitFolder2/Prefabs/vfx_HitEffect5.prefab,other,Unity-EULA,high,https://www.codester.com/items/55926/bullethell-elemental-template-unity,rebuild,rebuilt natively in Roblox; nothing imported,n/a
Res/FX/VFX/HitFolder2/Prefabs/vfx_HitEffect6.prefab,other,Unity-EULA,high,https://www.codester.com/items/55926/bullethell-elemental-template-unity,rebuild,rebuilt natively in Roblox; nothing imported,n/a
Res/FX/VFX/HitFolder2/Prefabs/vfx_HitEffect7.prefab,other,Unity-EULA,high,https://www.codester.com/items/55926/bullethell-elemental-template-unity,rebuild,rebuilt natively in Roblox; nothing imported,n/a
Res/FX/VFX/HitFolder2/Prefabs/vfx_HitEffect8.prefab,other,Unity-EULA,high,https://www.codester.com/items/55926/bullethell-elemental-template-unity,rebuild,rebuilt natively in Roblox; nothing imported,n/a
Res/FX/VFX/HitFolder2/Prefabs/vfx_HitEffect9.prefab,other,Unity-EULA,high,https://www.codester.com/items/55926/bullethell-elemental-template-unity,rebuild,rebuilt natively in Roblox; nothing imported,n/a
Res/FX/VFX/HitFolder2/Shadergraph/Dissolve/DissolveAdd.shadergraph,other,Unity-EULA,high,https://www.codester.com/items/55926/bullethell-elemental-template-unity,rebuild,rebuilt natively in Roblox; nothing imported,n/a
Res/FX/VFX/HitFolder2/Shadergraph/Dissolve/DissolveAlpha.shadergraph,other,Unity-EULA,high,https://www.codester.com/items/55926/bullethell-elemental-template-unity,rebuild,rebuilt natively in Roblox; nothing imported,n/a
Res/FX/VFX/HitFolder2/Shadergraph/Regular/RegularAdd.shadergraph,other,Unity-EULA,high,https://www.codester.com/items/55926/bullethell-elemental-template-unity,rebuild,rebuilt natively in Roblox; nothing imported,n/a
Res/FX/VFX/Orbital spheres/FireOrbital.prefab,other,Unity-EULA,high,https://www.codester.com/items/55926/bullethell-elemental-template-unity,rebuild,rebuilt natively in Roblox; nothing imported,n/a
Res/FX/VFX/Orbital spheres/GrassOrbital.prefab,other,Unity-EULA,high,https://www.codester.com/items/55926/bullethell-elemental-template-unity,rebuild,rebuilt natively in Roblox; nothing imported,n/a
Res/FX/VFX/Orbital spheres/IceOrbital.prefab,other,Unity-EULA,high,https://www.codester.com/items/55926/bullethell-elemental-template-unity,rebuild,rebuilt natively in Roblox; nothing imported,n/a
Res/FX/VFX/Orbital spheres/Materials/Snow Dots.mat,other,Unity-EULA,high,https://www.codester.com/items/55926/bullethell-elemental-template-unity,rebuild,rebuilt natively in Roblox; nothing imported,n/a
Res/FX/VFX/Orbital spheres/Materials/Snow smoke.mat,other,Unity-EULA,high,https://www.codester.com/items/55926/bullethell-elemental-template-unity,rebuild,rebuilt natively in Roblox; nothing imported,n/a
Res/FX/VFX/Orbital spheres/Materials/SnowTrail.mat,other,Unity-EULA,high,https://www.codester.com/items/55926/bullethell-elemental-template-unity,rebuild,rebuilt natively in Roblox; nothing imported,n/a
Res/FX/VFX/Orbital spheres/Materials/Snowflake dots.mat,other,Unity-EULA,high,https://www.codester.com/items/55926/bullethell-elemental-template-unity,rebuild,rebuilt natively in Roblox; nothing imported,n/a
Res/FX/VFX/Orbital spheres/Materials/Snowflake.mat,other,Unity-EULA,high,https://www.codester.com/items/55926/bullethell-elemental-template-unity,rebuild,rebuilt natively in Roblox; nothing imported,n/a
Res/FX/VFX/Orbital spheres/Textures/Blur_Dot02.png,texture,Unity-EULA,high,https://www.codester.com/items/55926/bullethell-elemental-template-unity,B,"BizachiCode-original. embed only, no standalone redistribution; upload Restricted. texture <=1024px (Roblox downscales larger); OpenGL-normal convention if normal maps",n/a
Res/FX/VFX/Orbital spheres/Textures/Smoke_Spritesheet01.png,texture,Unity-EULA,high,https://www.codester.com/items/55926/bullethell-elemental-template-unity,B,"BizachiCode-original. embed only, no standalone redistribution; upload Restricted. texture <=1024px (Roblox downscales larger); OpenGL-normal convention if normal maps",n/a
Res/FX/VFX/Orbital spheres/Textures/Snow01.png,texture,Unity-EULA,high,https://www.codester.com/items/55926/bullethell-elemental-template-unity,B,"BizachiCode-original. embed only, no standalone redistribution; upload Restricted. texture <=1024px (Roblox downscales larger); OpenGL-normal convention if normal maps",n/a
Res/FX/VFX/Orbital spheres/Textures/Snowflake01.png,texture,Unity-EULA,high,https://www.codester.com/items/55926/bullethell-elemental-template-unity,B,"BizachiCode-original. embed only, no standalone redistribution; upload Restricted. texture <=1024px (Roblox downscales larger); OpenGL-normal convention if normal maps",n/a
Res/FX/VFX/Orbital spheres/Textures/Trail06.png,texture,Unity-EULA,high,https://www.codester.com/items/55926/bullethell-elemental-template-unity,B,"BizachiCode-original. embed only, no standalone redistribution; upload Restricted. texture <=1024px (Roblox downscales larger); OpenGL-normal convention if normal maps",n/a
Res/FX/VFX/ToxicBubble/Material/BubbleMat.mat,other,Unity-EULA,high,https://www.codester.com/items/55926/bullethell-elemental-template-unity,rebuild,rebuilt natively in Roblox; nothing imported,n/a
Res/FX/VFX/ToxicBubble/Material/eff_tex_fbmNoise1.png,texture,Unity-EULA,high,https://www.codester.com/items/55926/bullethell-elemental-template-unity,B,"BizachiCode-original. embed only, no standalone redistribution; upload Restricted. texture <=1024px (Roblox downscales larger); OpenGL-normal convention if normal maps",n/a
Res/FX/VFX/ToxicBubble/Material/eff_tex_glow03.png,texture,Unity-EULA,high,https://www.codester.com/items/55926/bullethell-elemental-template-unity,B,"BizachiCode-original. embed only, no standalone redistribution; upload Restricted. texture <=1024px (Roblox downscales larger); OpenGL-normal convention if normal maps",n/a
Res/FX/VFX/ToxicBubble/Material/embers.mat,other,Unity-EULA,high,https://www.codester.com/items/55926/bullethell-elemental-template-unity,rebuild,rebuilt natively in Roblox; nothing imported,n/a
Res/FX/VFX/ToxicBubble/ToxicBubble.prefab,other,Unity-EULA,high,https://www.codester.com/items/55926/bullethell-elemental-template-unity,rebuild,rebuilt natively in Roblox; nothing imported,n/a
Res/FullHDMainMenu.renderTexture,other,Unity-EULA,high,https://www.codester.com/items/55926/bullethell-elemental-template-unity,rebuild,rebuilt natively in Roblox; nothing imported,n/a
Res/GameData/BattlePassItems/PassItem 1.asset,other,Unity-EULA,high,https://www.codester.com/items/55926/bullethell-elemental-template-unity,rebuild,rebuilt natively in Roblox; nothing imported; design data already extracted to extraction/gamedata-json (rebuild as Luau Config modules),n/a
Res/GameData/BattlePassItems/PassItem 10.asset,other,Unity-EULA,high,https://www.codester.com/items/55926/bullethell-elemental-template-unity,rebuild,rebuilt natively in Roblox; nothing imported; design data already extracted to extraction/gamedata-json (rebuild as Luau Config modules),n/a
Res/GameData/BattlePassItems/PassItem 2.asset,other,Unity-EULA,high,https://www.codester.com/items/55926/bullethell-elemental-template-unity,rebuild,rebuilt natively in Roblox; nothing imported; design data already extracted to extraction/gamedata-json (rebuild as Luau Config modules),n/a
Res/GameData/BattlePassItems/PassItem 3.asset,other,Unity-EULA,high,https://www.codester.com/items/55926/bullethell-elemental-template-unity,rebuild,rebuilt natively in Roblox; nothing imported; design data already extracted to extraction/gamedata-json (rebuild as Luau Config modules),n/a
Res/GameData/BattlePassItems/PassItem 4.asset,other,Unity-EULA,high,https://www.codester.com/items/55926/bullethell-elemental-template-unity,rebuild,rebuilt natively in Roblox; nothing imported; design data already extracted to extraction/gamedata-json (rebuild as Luau Config modules),n/a
Res/GameData/BattlePassItems/PassItem 5.asset,other,Unity-EULA,high,https://www.codester.com/items/55926/bullethell-elemental-template-unity,rebuild,rebuilt natively in Roblox; nothing imported; design data already extracted to extraction/gamedata-json (rebuild as Luau Config modules),n/a
Res/GameData/BattlePassItems/PassItem 6.asset,other,Unity-EULA,high,https://www.codester.com/items/55926/bullethell-elemental-template-unity,rebuild,rebuilt natively in Roblox; nothing imported; design data already extracted to extraction/gamedata-json (rebuild as Luau Config modules),n/a
Res/GameData/BattlePassItems/PassItem 7.asset,other,Unity-EULA,high,https://www.codester.com/items/55926/bullethell-elemental-template-unity,rebuild,rebuilt natively in Roblox; nothing imported; design data already extracted to extraction/gamedata-json (rebuild as Luau Config modules),n/a
Res/GameData/BattlePassItems/PassItem 8.asset,other,Unity-EULA,high,https://www.codester.com/items/55926/bullethell-elemental-template-unity,rebuild,rebuilt natively in Roblox; nothing imported; design data already extracted to extraction/gamedata-json (rebuild as Luau Config modules),n/a
Res/GameData/BattlePassItems/PassItem 9.asset,other,Unity-EULA,high,https://www.codester.com/items/55926/bullethell-elemental-template-unity,rebuild,rebuilt natively in Roblox; nothing imported; design data already extracted to extraction/gamedata-json (rebuild as Luau Config modules),n/a
Res/GameData/CharacterData/character1.asset,other,Unity-EULA,high,https://www.codester.com/items/55926/bullethell-elemental-template-unity,rebuild,rebuilt natively in Roblox; nothing imported; design data already extracted to extraction/gamedata-json (rebuild as Luau Config modules),n/a
Res/GameData/CharacterData/character2.asset,other,Unity-EULA,high,https://www.codester.com/items/55926/bullethell-elemental-template-unity,rebuild,rebuilt natively in Roblox; nothing imported; design data already extracted to extraction/gamedata-json (rebuild as Luau Config modules),n/a
Res/GameData/CharacterData/character3.asset,other,Unity-EULA,high,https://www.codester.com/items/55926/bullethell-elemental-template-unity,rebuild,rebuilt natively in Roblox; nothing imported; design data already extracted to extraction/gamedata-json (rebuild as Luau Config modules),n/a
Res/GameData/CharacterData/character4.asset,other,Unity-EULA,high,https://www.codester.com/items/55926/bullethell-elemental-template-unity,rebuild,rebuilt natively in Roblox; nothing imported; design data already extracted to extraction/gamedata-json (rebuild as Luau Config modules),n/a
Res/GameData/CharacterData/character5Update.asset,other,Unity-EULA,high,https://www.codester.com/items/55926/bullethell-elemental-template-unity,rebuild,rebuilt natively in Roblox; nothing imported; design data already extracted to extraction/gamedata-json (rebuild as Luau Config modules),n/a
Res/GameData/CharacterData/character6Update.asset,other,Unity-EULA,high,https://www.codester.com/items/55926/bullethell-elemental-template-unity,rebuild,rebuilt natively in Roblox; nothing imported; design data already extracted to extraction/gamedata-json (rebuild as Luau Config modules),n/a
Res/GameData/CharacterData/character7.asset,other,Unity-EULA,high,https://www.codester.com/items/55926/bullethell-elemental-template-unity,rebuild,rebuilt natively in Roblox; nothing imported; design data already extracted to extraction/gamedata-json (rebuild as Luau Config modules),n/a
Res/GameData/Coupons/Coupon1.asset,other,Unity-EULA,high,https://www.codester.com/items/55926/bullethell-elemental-template-unity,rebuild,rebuilt natively in Roblox; nothing imported; design data already extracted to extraction/gamedata-json (rebuild as Luau Config modules),n/a
Res/GameData/Coupons/Coupon2.asset,other,Unity-EULA,high,https://www.codester.com/items/55926/bullethell-elemental-template-unity,rebuild,rebuilt natively in Roblox; nothing imported; design data already extracted to extraction/gamedata-json (rebuild as Luau Config modules),n/a
Res/GameData/Coupons/Coupon3.asset,other,Unity-EULA,high,https://www.codester.com/items/55926/bullethell-elemental-template-unity,rebuild,rebuilt natively in Roblox; nothing imported; design data already extracted to extraction/gamedata-json (rebuild as Luau Config modules),n/a
Res/GameData/Currencies/Diamond.asset,other,Unity-EULA,high,https://www.codester.com/items/55926/bullethell-elemental-template-unity,rebuild,rebuilt natively in Roblox; nothing imported; design data already extracted to extraction/gamedata-json (rebuild as Luau Config modules),n/a
Res/GameData/Currencies/Gold.asset,other,Unity-EULA,high,https://www.codester.com/items/55926/bullethell-elemental-template-unity,rebuild,rebuilt natively in Roblox; nothing imported; design data already extracted to extraction/gamedata-json (rebuild as Luau Config modules),n/a
Res/GameData/Currencies/Stamine.asset,other,Unity-EULA,high,https://www.codester.com/items/55926/bullethell-elemental-template-unity,rebuild,rebuilt natively in Roblox; nothing imported; design data already extracted to extraction/gamedata-json (rebuild as Luau Config modules),n/a
Res/GameData/Currencies/TicketName.asset,other,Unity-EULA,high,https://www.codester.com/items/55926/bullethell-elemental-template-unity,rebuild,rebuilt natively in Roblox; nothing imported; design data already extracted to extraction/gamedata-json (rebuild as Luau Config modules),n/a
Res/GameData/Currencies/Upgrade.asset,other,Unity-EULA,high,https://www.codester.com/items/55926/bullethell-elemental-template-unity,rebuild,rebuilt natively in Roblox; nothing imported; design data already extracted to extraction/gamedata-json (rebuild as Luau Config modules),n/a
Res/GameData/CurrenciesIAPItem/DiamongPack1.asset,other,Unity-EULA,high,https://www.codester.com/items/55926/bullethell-elemental-template-unity,rebuild,rebuilt natively in Roblox; nothing imported; design data already extracted to extraction/gamedata-json (rebuild as Luau Config modules),n/a
Res/GameData/CurrenciesIAPItem/DiamongPack2.asset,other,Unity-EULA,high,https://www.codester.com/items/55926/bullethell-elemental-template-unity,rebuild,rebuilt natively in Roblox; nothing imported; design data already extracted to extraction/gamedata-json (rebuild as Luau Config modules),n/a
Res/GameData/CurrenciesIAPItem/DiamongPack3.asset,other,Unity-EULA,high,https://www.codester.com/items/55926/bullethell-elemental-template-unity,rebuild,rebuilt natively in Roblox; nothing imported; design data already extracted to extraction/gamedata-json (rebuild as Luau Config modules),n/a
Res/GameData/CurrenciesIAPItem/DiamongPack4.asset,other,Unity-EULA,high,https://www.codester.com/items/55926/bullethell-elemental-template-unity,rebuild,rebuilt natively in Roblox; nothing imported; design data already extracted to extraction/gamedata-json (rebuild as Luau Config modules),n/a
Res/GameData/ElementalTypes/ElectricalType.asset,other,Unity-EULA,high,https://www.codester.com/items/55926/bullethell-elemental-template-unity,rebuild,rebuilt natively in Roblox; nothing imported; design data already extracted to extraction/gamedata-json (rebuild as Luau Config modules),n/a
Res/GameData/ElementalTypes/FireType.asset,other,Unity-EULA,high,https://www.codester.com/items/55926/bullethell-elemental-template-unity,rebuild,rebuilt natively in Roblox; nothing imported; design data already extracted to extraction/gamedata-json (rebuild as Luau Config modules),n/a
Res/GameData/ElementalTypes/FlyingType.asset,other,Unity-EULA,high,https://www.codester.com/items/55926/bullethell-elemental-template-unity,rebuild,rebuilt natively in Roblox; nothing imported; design data already extracted to extraction/gamedata-json (rebuild as Luau Config modules),n/a
Res/GameData/ElementalTypes/GrassType.asset,other,Unity-EULA,high,https://www.codester.com/items/55926/bullethell-elemental-template-unity,rebuild,rebuilt natively in Roblox; nothing imported; design data already extracted to extraction/gamedata-json (rebuild as Luau Config modules),n/a
Res/GameData/ElementalTypes/GroundType.asset,other,Unity-EULA,high,https://www.codester.com/items/55926/bullethell-elemental-template-unity,rebuild,rebuilt natively in Roblox; nothing imported; design data already extracted to extraction/gamedata-json (rebuild as Luau Config modules),n/a
Res/GameData/ElementalTypes/MysticalType.asset,other,Unity-EULA,high,https://www.codester.com/items/55926/bullethell-elemental-template-unity,rebuild,rebuilt natively in Roblox; nothing imported; design data already extracted to extraction/gamedata-json (rebuild as Luau Config modules),n/a
Res/GameData/ElementalTypes/PoisonType.asset,other,Unity-EULA,high,https://www.codester.com/items/55926/bullethell-elemental-template-unity,rebuild,rebuilt natively in Roblox; nothing imported; design data already extracted to extraction/gamedata-json (rebuild as Luau Config modules),n/a
Res/GameData/ElementalTypes/SteelType.asset,other,Unity-EULA,high,https://www.codester.com/items/55926/bullethell-elemental-template-unity,rebuild,rebuilt natively in Roblox; nothing imported; design data already extracted to extraction/gamedata-json (rebuild as Luau Config modules),n/a
Res/GameData/ElementalTypes/WaterType.asset,other,Unity-EULA,high,https://www.codester.com/items/55926/bullethell-elemental-template-unity,rebuild,rebuilt natively in Roblox; nothing imported; design data already extracted to extraction/gamedata-json (rebuild as Luau Config modules),n/a
Res/GameData/FrameData/Frame 1.asset,other,Unity-EULA,high,https://www.codester.com/items/55926/bullethell-elemental-template-unity,rebuild,rebuilt natively in Roblox; nothing imported; design data already extracted to extraction/gamedata-json (rebuild as Luau Config modules),n/a
Res/GameData/FrameData/Frame 10.asset,other,Unity-EULA,high,https://www.codester.com/items/55926/bullethell-elemental-template-unity,rebuild,rebuilt natively in Roblox; nothing imported; design data already extracted to extraction/gamedata-json (rebuild as Luau Config modules),n/a
Res/GameData/FrameData/Frame 11.asset,other,Unity-EULA,high,https://www.codester.com/items/55926/bullethell-elemental-template-unity,rebuild,rebuilt natively in Roblox; nothing imported; design data already extracted to extraction/gamedata-json (rebuild as Luau Config modules),n/a
Res/GameData/FrameData/Frame 2.asset,other,Unity-EULA,high,https://www.codester.com/items/55926/bullethell-elemental-template-unity,rebuild,rebuilt natively in Roblox; nothing imported; design data already extracted to extraction/gamedata-json (rebuild as Luau Config modules),n/a
Res/GameData/FrameData/Frame 3.asset,other,Unity-EULA,high,https://www.codester.com/items/55926/bullethell-elemental-template-unity,rebuild,rebuilt natively in Roblox; nothing imported; design data already extracted to extraction/gamedata-json (rebuild as Luau Config modules),n/a
Res/GameData/FrameData/Frame 4.asset,other,Unity-EULA,high,https://www.codester.com/items/55926/bullethell-elemental-template-unity,rebuild,rebuilt natively in Roblox; nothing imported; design data already extracted to extraction/gamedata-json (rebuild as Luau Config modules),n/a
Res/GameData/FrameData/Frame 5.asset,other,Unity-EULA,high,https://www.codester.com/items/55926/bullethell-elemental-template-unity,rebuild,rebuilt natively in Roblox; nothing imported; design data already extracted to extraction/gamedata-json (rebuild as Luau Config modules),n/a
Res/GameData/FrameData/Frame 6.asset,other,Unity-EULA,high,https://www.codester.com/items/55926/bullethell-elemental-template-unity,rebuild,rebuilt natively in Roblox; nothing imported; design data already extracted to extraction/gamedata-json (rebuild as Luau Config modules),n/a
Res/GameData/FrameData/Frame 7.asset,other,Unity-EULA,high,https://www.codester.com/items/55926/bullethell-elemental-template-unity,rebuild,rebuilt natively in Roblox; nothing imported; design data already extracted to extraction/gamedata-json (rebuild as Luau Config modules),n/a
Res/GameData/FrameData/Frame 8.asset,other,Unity-EULA,high,https://www.codester.com/items/55926/bullethell-elemental-template-unity,rebuild,rebuilt natively in Roblox; nothing imported; design data already extracted to extraction/gamedata-json (rebuild as Luau Config modules),n/a
Res/GameData/FrameData/Frame 9.asset,other,Unity-EULA,high,https://www.codester.com/items/55926/bullethell-elemental-template-unity,rebuild,rebuilt natively in Roblox; nothing imported; design data already extracted to extraction/gamedata-json (rebuild as Luau Config modules),n/a
Res/GameData/IconData/IconData1.asset,other,Unity-EULA,high,https://www.codester.com/items/55926/bullethell-elemental-template-unity,rebuild,rebuilt natively in Roblox; nothing imported; design data already extracted to extraction/gamedata-json (rebuild as Luau Config modules),n/a
Res/GameData/IconData/IconData2.asset,other,Unity-EULA,high,https://www.codester.com/items/55926/bullethell-elemental-template-unity,rebuild,rebuilt natively in Roblox; nothing imported; design data already extracted to extraction/gamedata-json (rebuild as Luau Config modules),n/a
Res/GameData/IconData/IconData3.asset,other,Unity-EULA,high,https://www.codester.com/items/55926/bullethell-elemental-template-unity,rebuild,rebuilt natively in Roblox; nothing imported; design data already extracted to extraction/gamedata-json (rebuild as Luau Config modules),n/a
Res/GameData/IconData/IconData4.asset,other,Unity-EULA,high,https://www.codester.com/items/55926/bullethell-elemental-template-unity,rebuild,rebuilt natively in Roblox; nothing imported; design data already extracted to extraction/gamedata-json (rebuild as Luau Config modules),n/a
Res/GameData/IconData/IconData5.asset,other,Unity-EULA,high,https://www.codester.com/items/55926/bullethell-elemental-template-unity,rebuild,rebuilt natively in Roblox; nothing imported; design data already extracted to extraction/gamedata-json (rebuild as Luau Config modules),n/a
Res/GameData/IconData/IconData6.asset,other,Unity-EULA,high,https://www.codester.com/items/55926/bullethell-elemental-template-unity,rebuild,rebuilt natively in Roblox; nothing imported; design data already extracted to extraction/gamedata-json (rebuild as Luau Config modules),n/a
Res/GameData/IconData/IconData7.asset,other,Unity-EULA,high,https://www.codester.com/items/55926/bullethell-elemental-template-unity,rebuild,rebuilt natively in Roblox; nothing imported; design data already extracted to extraction/gamedata-json (rebuild as Luau Config modules),n/a
Res/GameData/IconData/IconData8.asset,other,Unity-EULA,high,https://www.codester.com/items/55926/bullethell-elemental-template-unity,rebuild,rebuilt natively in Roblox; nothing imported; design data already extracted to extraction/gamedata-json (rebuild as Luau Config modules),n/a
Res/GameData/MapInfo/Map 1.asset,other,Unity-EULA,high,https://www.codester.com/items/55926/bullethell-elemental-template-unity,rebuild,rebuilt natively in Roblox; nothing imported; design data already extracted to extraction/gamedata-json (rebuild as Luau Config modules),n/a
Res/GameData/MapInfo/Map 2.asset,other,Unity-EULA,high,https://www.codester.com/items/55926/bullethell-elemental-template-unity,rebuild,rebuilt natively in Roblox; nothing imported; design data already extracted to extraction/gamedata-json (rebuild as Luau Config modules),n/a
Res/GameData/MapInfo/Map 3.asset,other,Unity-EULA,high,https://www.codester.com/items/55926/bullethell-elemental-template-unity,rebuild,rebuilt natively in Roblox; nothing imported; design data already extracted to extraction/gamedata-json (rebuild as Luau Config modules),n/a
Res/GameData/MapInfo/Map 4.asset,other,Unity-EULA,high,https://www.codester.com/items/55926/bullethell-elemental-template-unity,rebuild,rebuilt natively in Roblox; nothing imported; design data already extracted to extraction/gamedata-json (rebuild as Luau Config modules),n/a
Res/GameData/MapInfo/Map_Event_1.asset,other,Unity-EULA,high,https://www.codester.com/items/55926/bullethell-elemental-template-unity,rebuild,rebuilt natively in Roblox; nothing imported; design data already extracted to extraction/gamedata-json (rebuild as Luau Config modules),n/a
Res/GameData/Quests/Quest1.asset,other,Unity-EULA,high,https://www.codester.com/items/55926/bullethell-elemental-template-unity,rebuild,rebuilt natively in Roblox; nothing imported; design data already extracted to extraction/gamedata-json (rebuild as Luau Config modules),n/a
Res/GameData/Quests/Quest2.asset,other,Unity-EULA,high,https://www.codester.com/items/55926/bullethell-elemental-template-unity,rebuild,rebuilt natively in Roblox; nothing imported; design data already extracted to extraction/gamedata-json (rebuild as Luau Config modules),n/a
Res/GameData/Quests/Quest3.asset,other,Unity-EULA,high,https://www.codester.com/items/55926/bullethell-elemental-template-unity,rebuild,rebuilt natively in Roblox; nothing imported; design data already extracted to extraction/gamedata-json (rebuild as Luau Config modules),n/a
Res/GameData/Quests/Quest4.asset,other,Unity-EULA,high,https://www.codester.com/items/55926/bullethell-elemental-template-unity,rebuild,rebuilt natively in Roblox; nothing imported; design data already extracted to extraction/gamedata-json (rebuild as Luau Config modules),n/a
Res/GameData/Quests/Quest5.asset,other,Unity-EULA,high,https://www.codester.com/items/55926/bullethell-elemental-template-unity,rebuild,rebuilt natively in Roblox; nothing imported; design data already extracted to extraction/gamedata-json (rebuild as Luau Config modules),n/a
Res/GameData/Quests/Quest6.asset,other,Unity-EULA,high,https://www.codester.com/items/55926/bullethell-elemental-template-unity,rebuild,rebuilt natively in Roblox; nothing imported; design data already extracted to extraction/gamedata-json (rebuild as Luau Config modules),n/a
Res/GameData/Quests/Quest7.asset,other,Unity-EULA,high,https://www.codester.com/items/55926/bullethell-elemental-template-unity,rebuild,rebuilt natively in Roblox; nothing imported; design data already extracted to extraction/gamedata-json (rebuild as Luau Config modules),n/a
Res/GameData/Quests/Quest8.asset,other,Unity-EULA,high,https://www.codester.com/items/55926/bullethell-elemental-template-unity,rebuild,rebuilt natively in Roblox; nothing imported; design data already extracted to extraction/gamedata-json (rebuild as Luau Config modules),n/a
Res/GameData/ShopData/ShopCharacter2.asset,other,Unity-EULA,high,https://www.codester.com/items/55926/bullethell-elemental-template-unity,rebuild,rebuilt natively in Roblox; nothing imported; design data already extracted to extraction/gamedata-json (rebuild as Luau Config modules),n/a
Res/GameData/ShopData/ShopCharacter3.asset,other,Unity-EULA,high,https://www.codester.com/items/55926/bullethell-elemental-template-unity,rebuild,rebuilt natively in Roblox; nothing imported; design data already extracted to extraction/gamedata-json (rebuild as Luau Config modules),n/a
Res/GameData/ShopData/ShopDataItems/Armor/ShopInventoryArmor 1.asset,other,Unity-EULA,high,https://www.codester.com/items/55926/bullethell-elemental-template-unity,rebuild,rebuilt natively in Roblox; nothing imported; design data already extracted to extraction/gamedata-json (rebuild as Luau Config modules),n/a
Res/GameData/ShopData/ShopDataItems/Armor/ShopInventoryArmor 2.asset,other,Unity-EULA,high,https://www.codester.com/items/55926/bullethell-elemental-template-unity,rebuild,rebuilt natively in Roblox; nothing imported; design data already extracted to extraction/gamedata-json (rebuild as Luau Config modules),n/a
Res/GameData/ShopData/ShopDataItems/Armor/ShopInventoryArmor 3.asset,other,Unity-EULA,high,https://www.codester.com/items/55926/bullethell-elemental-template-unity,rebuild,rebuilt natively in Roblox; nothing imported; design data already extracted to extraction/gamedata-json (rebuild as Luau Config modules),n/a
Res/GameData/ShopData/ShopDataItems/Armor/ShopInventoryArmor 4.asset,other,Unity-EULA,high,https://www.codester.com/items/55926/bullethell-elemental-template-unity,rebuild,rebuilt natively in Roblox; nothing imported; design data already extracted to extraction/gamedata-json (rebuild as Luau Config modules),n/a
Res/GameData/ShopData/ShopDataItems/Hat/ShopInventoryHead 1.asset,other,Unity-EULA,high,https://www.codester.com/items/55926/bullethell-elemental-template-unity,rebuild,rebuilt natively in Roblox; nothing imported; design data already extracted to extraction/gamedata-json (rebuild as Luau Config modules),n/a
Res/GameData/ShopData/ShopDataItems/Hat/ShopInventoryHead 2.asset,other,Unity-EULA,high,https://www.codester.com/items/55926/bullethell-elemental-template-unity,rebuild,rebuilt natively in Roblox; nothing imported; design data already extracted to extraction/gamedata-json (rebuild as Luau Config modules),n/a
Res/GameData/ShopData/ShopDataItems/Hat/ShopInventoryHead 3.asset,other,Unity-EULA,high,https://www.codester.com/items/55926/bullethell-elemental-template-unity,rebuild,rebuilt natively in Roblox; nothing imported; design data already extracted to extraction/gamedata-json (rebuild as Luau Config modules),n/a
Res/GameData/ShopData/ShopDataItems/Hat/ShopInventoryHead 4.asset,other,Unity-EULA,high,https://www.codester.com/items/55926/bullethell-elemental-template-unity,rebuild,rebuilt natively in Roblox; nothing imported; design data already extracted to extraction/gamedata-json (rebuild as Luau Config modules),n/a
Res/GameData/ShopData/ShopDataItems/Pants/ShopInventoryPants 1.asset,other,Unity-EULA,high,https://www.codester.com/items/55926/bullethell-elemental-template-unity,rebuild,rebuilt natively in Roblox; nothing imported; design data already extracted to extraction/gamedata-json (rebuild as Luau Config modules),n/a
Res/GameData/ShopData/ShopDataItems/Pants/ShopInventoryPants 2.asset,other,Unity-EULA,high,https://www.codester.com/items/55926/bullethell-elemental-template-unity,rebuild,rebuilt natively in Roblox; nothing imported; design data already extracted to extraction/gamedata-json (rebuild as Luau Config modules),n/a
Res/GameData/ShopData/ShopDataItems/Pants/ShopInventoryPants 3.asset,other,Unity-EULA,high,https://www.codester.com/items/55926/bullethell-elemental-template-unity,rebuild,rebuilt natively in Roblox; nothing imported; design data already extracted to extraction/gamedata-json (rebuild as Luau Config modules),n/a
Res/GameData/ShopData/ShopDataItems/Pants/ShopInventoryPants 4.asset,other,Unity-EULA,high,https://www.codester.com/items/55926/bullethell-elemental-template-unity,rebuild,rebuilt natively in Roblox; nothing imported; design data already extracted to extraction/gamedata-json (rebuild as Luau Config modules),n/a
Res/GameData/ShopData/ShopDataItems/Shoes/ShopInventoryShoes 1.asset,other,Unity-EULA,high,https://www.codester.com/items/55926/bullethell-elemental-template-unity,rebuild,rebuilt natively in Roblox; nothing imported; design data already extracted to extraction/gamedata-json (rebuild as Luau Config modules),n/a
Res/GameData/ShopData/ShopDataItems/Shoes/ShopInventoryShoes 2.asset,other,Unity-EULA,high,https://www.codester.com/items/55926/bullethell-elemental-template-unity,rebuild,rebuilt natively in Roblox; nothing imported; design data already extracted to extraction/gamedata-json (rebuild as Luau Config modules),n/a
Res/GameData/ShopData/ShopDataItems/Shoes/ShopInventoryShoes 3.asset,other,Unity-EULA,high,https://www.codester.com/items/55926/bullethell-elemental-template-unity,rebuild,rebuilt natively in Roblox; nothing imported; design data already extracted to extraction/gamedata-json (rebuild as Luau Config modules),n/a
Res/GameData/ShopData/ShopDataItems/Shoes/ShopInventoryShoes 4.asset,other,Unity-EULA,high,https://www.codester.com/items/55926/bullethell-elemental-template-unity,rebuild,rebuilt natively in Roblox; nothing imported; design data already extracted to extraction/gamedata-json (rebuild as Luau Config modules),n/a
Res/GameData/ShopData/ShopFrame1.asset,other,Unity-EULA,high,https://www.codester.com/items/55926/bullethell-elemental-template-unity,rebuild,rebuilt natively in Roblox; nothing imported; design data already extracted to extraction/gamedata-json (rebuild as Luau Config modules),n/a
Res/GameData/ShopData/ShopFrame2.asset,other,Unity-EULA,high,https://www.codester.com/items/55926/bullethell-elemental-template-unity,rebuild,rebuilt natively in Roblox; nothing imported; design data already extracted to extraction/gamedata-json (rebuild as Luau Config modules),n/a
Res/GameData/ShopData/ShopFrame3.asset,other,Unity-EULA,high,https://www.codester.com/items/55926/bullethell-elemental-template-unity,rebuild,rebuilt natively in Roblox; nothing imported; design data already extracted to extraction/gamedata-json (rebuild as Luau Config modules),n/a
Res/GameData/ShopData/ShopFrame_4.asset,other,Unity-EULA,high,https://www.codester.com/items/55926/bullethell-elemental-template-unity,rebuild,rebuilt natively in Roblox; nothing imported; design data already extracted to extraction/gamedata-json (rebuild as Luau Config modules),n/a
Res/GameData/ShopData/ShopFrame_5.asset,other,Unity-EULA,high,https://www.codester.com/items/55926/bullethell-elemental-template-unity,rebuild,rebuilt natively in Roblox; nothing imported; design data already extracted to extraction/gamedata-json (rebuild as Luau Config modules),n/a
Res/GameData/ShopData/ShopFrame_6.asset,other,Unity-EULA,high,https://www.codester.com/items/55926/bullethell-elemental-template-unity,rebuild,rebuilt natively in Roblox; nothing imported; design data already extracted to extraction/gamedata-json (rebuild as Luau Config modules),n/a
Res/GameData/ShopData/ShopFrame_7.asset,other,Unity-EULA,high,https://www.codester.com/items/55926/bullethell-elemental-template-unity,rebuild,rebuilt natively in Roblox; nothing imported; design data already extracted to extraction/gamedata-json (rebuild as Luau Config modules),n/a
Res/GameData/ShopData/ShopFrame_8.asset,other,Unity-EULA,high,https://www.codester.com/items/55926/bullethell-elemental-template-unity,rebuild,rebuilt natively in Roblox; nothing imported; design data already extracted to extraction/gamedata-json (rebuild as Luau Config modules),n/a
Res/GameData/ShopData/ShopGold1.asset,other,Unity-EULA,high,https://www.codester.com/items/55926/bullethell-elemental-template-unity,rebuild,rebuilt natively in Roblox; nothing imported; design data already extracted to extraction/gamedata-json (rebuild as Luau Config modules),n/a
Res/GameData/ShopData/ShopGold2.asset,other,Unity-EULA,high,https://www.codester.com/items/55926/bullethell-elemental-template-unity,rebuild,rebuilt natively in Roblox; nothing imported; design data already extracted to extraction/gamedata-json (rebuild as Luau Config modules),n/a
Res/GameData/ShopData/ShopGold3.asset,other,Unity-EULA,high,https://www.codester.com/items/55926/bullethell-elemental-template-unity,rebuild,rebuilt natively in Roblox; nothing imported; design data already extracted to extraction/gamedata-json (rebuild as Luau Config modules),n/a
Res/GameData/ShopData/ShopIcon1.asset,other,Unity-EULA,high,https://www.codester.com/items/55926/bullethell-elemental-template-unity,rebuild,rebuilt natively in Roblox; nothing imported; design data already extracted to extraction/gamedata-json (rebuild as Luau Config modules),n/a
Res/GameData/ShopData/ShopIcon2.asset,other,Unity-EULA,high,https://www.codester.com/items/55926/bullethell-elemental-template-unity,rebuild,rebuilt natively in Roblox; nothing imported; design data already extracted to extraction/gamedata-json (rebuild as Luau Config modules),n/a
Res/GameData/ShopData/ShopIcon3.asset,other,Unity-EULA,high,https://www.codester.com/items/55926/bullethell-elemental-template-unity,rebuild,rebuilt natively in Roblox; nothing imported; design data already extracted to extraction/gamedata-json (rebuild as Luau Config modules),n/a
Res/GameData/SkillsPeark/Burn Shot Perk.asset,other,Unity-EULA,high,https://www.codester.com/items/55926/bullethell-elemental-template-unity,rebuild,rebuilt natively in Roblox; nothing imported; design data already extracted to extraction/gamedata-json (rebuild as Luau Config modules),n/a
Res/GameData/SkillsPeark/Multi Shots Perk.asset,other,Unity-EULA,high,https://www.codester.com/items/55926/bullethell-elemental-template-unity,rebuild,rebuilt natively in Roblox; nothing imported; design data already extracted to extraction/gamedata-json (rebuild as Luau Config modules),n/a
Res/GameData/StatsPearks/CooldownRed.asset,other,Unity-EULA,high,https://www.codester.com/items/55926/bullethell-elemental-template-unity,rebuild,rebuilt natively in Roblox; nothing imported; design data already extracted to extraction/gamedata-json (rebuild as Luau Config modules),n/a
Res/GameData/StatsPearks/CriticalRate.asset,other,Unity-EULA,high,https://www.codester.com/items/55926/bullethell-elemental-template-unity,rebuild,rebuilt natively in Roblox; nothing imported; design data already extracted to extraction/gamedata-json (rebuild as Luau Config modules),n/a
Res/GameData/StatsPearks/Damage.asset,other,Unity-EULA,high,https://www.codester.com/items/55926/bullethell-elemental-template-unity,rebuild,rebuilt natively in Roblox; nothing imported; design data already extracted to extraction/gamedata-json (rebuild as Luau Config modules),n/a
Res/GameData/StatsPearks/Defense.asset,other,Unity-EULA,high,https://www.codester.com/items/55926/bullethell-elemental-template-unity,rebuild,rebuilt natively in Roblox; nothing imported; design data already extracted to extraction/gamedata-json (rebuild as Luau Config modules),n/a
Res/GameData/StatsPearks/HPRegen.asset,other,Unity-EULA,high,https://www.codester.com/items/55926/bullethell-elemental-template-unity,rebuild,rebuilt natively in Roblox; nothing imported; design data already extracted to extraction/gamedata-json (rebuild as Luau Config modules),n/a
Res/GameData/StatsPearks/HpLeech.asset,other,Unity-EULA,high,https://www.codester.com/items/55926/bullethell-elemental-template-unity,rebuild,rebuilt natively in Roblox; nothing imported; design data already extracted to extraction/gamedata-json (rebuild as Luau Config modules),n/a
Res/GameData/StatsPearks/MaxHPRate.asset,other,Unity-EULA,high,https://www.codester.com/items/55926/bullethell-elemental-template-unity,rebuild,rebuilt natively in Roblox; nothing imported; design data already extracted to extraction/gamedata-json (rebuild as Luau Config modules),n/a
Res/GameData/StatsPearks/MoveSpeed.asset,other,Unity-EULA,high,https://www.codester.com/items/55926/bullethell-elemental-template-unity,rebuild,rebuilt natively in Roblox; nothing imported; design data already extracted to extraction/gamedata-json (rebuild as Luau Config modules),n/a
Res/GameData/StatsPearks/attackSpeed.asset,other,Unity-EULA,high,https://www.codester.com/items/55926/bullethell-elemental-template-unity,rebuild,rebuilt natively in Roblox; nothing imported; design data already extracted to extraction/gamedata-json (rebuild as Luau Config modules),n/a
Res/Indicators/Arrow Indicator 2.png,texture,Unity-EULA,high,https://www.codester.com/items/55926/bullethell-elemental-template-unity,B,"BizachiCode-original. embed only, no standalone redistribution; upload Restricted. texture <=1024px (Roblox downscales larger); OpenGL-normal convention if normal maps",n/a
Res/Indicators/Arrow Indicator.png,texture,Unity-EULA,high,https://www.codester.com/items/55926/bullethell-elemental-template-unity,B,"BizachiCode-original. embed only, no standalone redistribution; upload Restricted. texture <=1024px (Roblox downscales larger); OpenGL-normal convention if normal maps",n/a
Res/Indicators/Arrow Indicator2.png,texture,Unity-EULA,high,https://www.codester.com/items/55926/bullethell-elemental-template-unity,B,"BizachiCode-original. embed only, no standalone redistribution; upload Restricted. texture <=1024px (Roblox downscales larger); OpenGL-normal convention if normal maps",n/a
Res/Indicators/Cone Indicator.png,texture,Unity-EULA,high,https://www.codester.com/items/55926/bullethell-elemental-template-unity,B,"BizachiCode-original. embed only, no standalone redistribution; upload Restricted. texture <=1024px (Roblox downscales larger); OpenGL-normal convention if normal maps",n/a
Res/Indicators/Heal Indicator.png,texture,Unity-EULA,high,https://www.codester.com/items/55926/bullethell-elemental-template-unity,B,"BizachiCode-original. embed only, no standalone redistribution; upload Restricted. texture <=1024px (Roblox downscales larger); OpenGL-normal convention if normal maps",n/a
Res/Indicators/Range Indicator.png,texture,Unity-EULA,high,https://www.codester.com/items/55926/bullethell-elemental-template-unity,B,"BizachiCode-original. embed only, no standalone redistribution; upload Restricted. texture <=1024px (Roblox downscales larger); OpenGL-normal convention if normal maps",n/a
Res/Materials/FloorDG.mat,other,Unity-EULA,high,https://www.codester.com/items/55926/bullethell-elemental-template-unity,rebuild,rebuilt natively in Roblox; nothing imported,n/a
Res/Materials/FloorDG.png,texture,Unity-EULA,high,https://www.codester.com/items/55926/bullethell-elemental-template-unity,B,"BizachiCode-original. embed only, no standalone redistribution; upload Restricted. texture <=1024px (Roblox downscales larger); OpenGL-normal convention if normal maps",n/a
Res/Materials/FloorsCheckerboard0055_9_350 1.mat,other,Unity-EULA,high,https://www.codester.com/items/55926/bullethell-elemental-template-unity,rebuild,rebuilt natively in Roblox; nothing imported,n/a
Res/Materials/FloorsCheckerboard0055_9_350 2.mat,other,Unity-EULA,high,https://www.codester.com/items/55926/bullethell-elemental-template-unity,rebuild,rebuilt natively in Roblox; nothing imported,n/a
Res/Materials/FloorsCheckerboard0055_9_350 3.mat,other,Unity-EULA,high,https://www.codester.com/items/55926/bullethell-elemental-template-unity,rebuild,rebuilt natively in Roblox; nothing imported,n/a
Res/Materials/FloorsCheckerboard0055_9_350 4.mat,other,Unity-EULA,high,https://www.codester.com/items/55926/bullethell-elemental-template-unity,rebuild,rebuilt natively in Roblox; nothing imported,n/a
Res/Materials/FloorsCheckerboard0055_9_350 5.mat,other,Unity-EULA,high,https://www.codester.com/items/55926/bullethell-elemental-template-unity,rebuild,rebuilt natively in Roblox; nothing imported,n/a
Res/Materials/FloorsCheckerboard0055_9_350.mat,other,Unity-EULA,high,https://www.codester.com/items/55926/bullethell-elemental-template-unity,rebuild,rebuilt natively in Roblox; nothing imported,n/a
Res/Materials/Wood.png,texture,Unity-EULA,high,https://www.codester.com/items/55926/bullethell-elemental-template-unity,B,"BizachiCode-original. embed only, no standalone redistribution; upload Restricted. texture <=1024px (Roblox downscales larger); OpenGL-normal convention if normal maps",n/a
Res/Materials/grass03.png,texture,Unity-EULA,high,https://www.codester.com/items/55926/bullethell-elemental-template-unity,B,"BizachiCode-original. embed only, no standalone redistribution; upload Restricted. texture <=1024px (Roblox downscales larger); OpenGL-normal convention if normal maps",n/a
Res/Minimap1.renderTexture,other,Unity-EULA,high,https://www.codester.com/items/55926/bullethell-elemental-template-unity,rebuild,rebuilt natively in Roblox; nothing imported,n/a
Res/Monsters/MiniBossController.controller,animation,Unity-EULA,high,https://www.codester.com/items/55926/bullethell-elemental-template-unity,rebuild,rebuilt natively in Roblox; nothing imported,n/a
Res/Monsters/MonsterBoss1.controller,animation,Unity-EULA,high,https://www.codester.com/items/55926/bullethell-elemental-template-unity,rebuild,rebuilt natively in Roblox; nothing imported,n/a
Res/Monsters/MonsterController.controller,animation,Unity-EULA,high,https://www.codester.com/items/55926/bullethell-elemental-template-unity,rebuild,rebuilt natively in Roblox; nothing imported,n/a
Res/OldUI/Font/AnderHedgeRegular SDF.asset,other,unknown,low,https://www.dafont.com/ander-hedge.font,rebuild,"rebuilt natively in Roblox; nothing imported; TMP SDF derived from Ander Hedge font - REPLACEMENT NEEDED (see .ttf row); Roblox uses raw font files, not SDF assets",unverified
Res/OldUI/Font/AnderHedgeRegular.ttf,font,unknown,low,https://www.dafont.com/ander-hedge.font,B,REPLACEMENT NEEDED: 'Ander Hedge' by Jayvee Enaguas is dafont '100% Free' freeware with no explicit cross-engine redistribution grant; replace with Evil Empire (OFL-1.1) or Lilita One (OFL). upload TTF/OTF as custom font (FontFace); Roblox does not use TMP SDF assets,unverified
Res/OldUI/Misc/BgPatternTile.png,texture,Unity-EULA,high,https://www.codester.com/items/55926/bullethell-elemental-template-unity,B,"BizachiCode-original. embed only, no standalone redistribution; upload Restricted. texture <=1024px (Roblox downscales larger); OpenGL-normal convention if normal maps",n/a
Res/OldUI/Misc/Fire_fx_small.png,texture,Unity-EULA,high,https://www.codester.com/items/55926/bullethell-elemental-template-unity,B,"BizachiCode-original. embed only, no standalone redistribution; upload Restricted. texture <=1024px (Roblox downscales larger); OpenGL-normal convention if normal maps",n/a
Res/OldUI/Misc/Separator_04.png,texture,Unity-EULA,high,https://www.codester.com/items/55926/bullethell-elemental-template-unity,B,"BizachiCode-original. embed only, no standalone redistribution; upload Restricted. texture <=1024px (Roblox downscales larger); OpenGL-normal convention if normal maps",n/a
Res/OldUI/Misc/Undelete.png,texture,Unity-EULA,high,https://www.codester.com/items/55926/bullethell-elemental-template-unity,B,"BizachiCode-original. embed only, no standalone redistribution; upload Restricted. texture <=1024px (Roblox downscales larger); OpenGL-normal convention if normal maps",n/a
Res/OldUI/Misc/coin-animation.png,texture,Unity-EULA,high,https://www.codester.com/items/55926/bullethell-elemental-template-unity,B,"BizachiCode-original. embed only, no standalone redistribution; upload Restricted. texture <=1024px (Roblox downscales larger); OpenGL-normal convention if normal maps",n/a
Res/OldUI/Misc/gem-animation.psd,texture,Unity-EULA,high,https://www.codester.com/items/55926/bullethell-elemental-template-unity,B,"flatten PSD to PNG/TGA before upload (Roblox accepts png/jpg/gif/tga/bmp). embed only, no standalone redistribution; upload Restricted",n/a
Res/OldUI/Misc/icon-heroes.png,texture,Unity-EULA,high,https://www.codester.com/items/55926/bullethell-elemental-template-unity,B,"BizachiCode-original. embed only, no standalone redistribution; upload Restricted. texture <=1024px (Roblox downscales larger); OpenGL-normal convention if normal maps",n/a
Res/OldUI/Misc/icon-scroll.png,texture,Unity-EULA,high,https://www.codester.com/items/55926/bullethell-elemental-template-unity,B,"BizachiCode-original. embed only, no standalone redistribution; upload Restricted. texture <=1024px (Roblox downscales larger); OpenGL-normal convention if normal maps",n/a
Res/OldUI/Misc/icon-shield.png,texture,Unity-EULA,high,https://www.codester.com/items/55926/bullethell-elemental-template-unity,B,"BizachiCode-original. embed only, no standalone redistribution; upload Restricted. texture <=1024px (Roblox downscales larger); OpenGL-normal convention if normal maps",n/a
Res/OldUI/Misc/icon-sword.png,texture,Unity-EULA,high,https://www.codester.com/items/55926/bullethell-elemental-template-unity,B,"BizachiCode-original. embed only, no standalone redistribution; upload Restricted. texture <=1024px (Roblox downscales larger); OpenGL-normal convention if normal maps",n/a
Res/OldUI/Misc/slider_shell.png,texture,Unity-EULA,high,https://www.codester.com/items/55926/bullethell-elemental-template-unity,B,"BizachiCode-original. embed only, no standalone redistribution; upload Restricted. texture <=1024px (Roblox downscales larger); OpenGL-normal convention if normal maps",n/a
Res/OldUI/UI Images/Amount_shape_01.png,texture,Unity-EULA,high,https://www.codester.com/items/55926/bullethell-elemental-template-unity,B,"BizachiCode-original. embed only, no standalone redistribution; upload Restricted. texture <=1024px (Roblox downscales larger); OpenGL-normal convention if normal maps",n/a
Res/OldUI/UI Images/Bundle_icon_01.png,texture,Unity-EULA,high,https://www.codester.com/items/55926/bullethell-elemental-template-unity,B,"BizachiCode-original. embed only, no standalone redistribution; upload Restricted. texture <=1024px (Roblox downscales larger); OpenGL-normal convention if normal maps",n/a
Res/OldUI/UI Images/Bundle_icon_02.png,texture,Unity-EULA,high,https://www.codester.com/items/55926/bullethell-elemental-template-unity,B,"BizachiCode-original. embed only, no standalone redistribution; upload Restricted. texture <=1024px (Roblox downscales larger); OpenGL-normal convention if normal maps",n/a
Res/OldUI/UI Images/Bundle_icon_03.png,texture,Unity-EULA,high,https://www.codester.com/items/55926/bullethell-elemental-template-unity,B,"BizachiCode-original. embed only, no standalone redistribution; upload Restricted. texture <=1024px (Roblox downscales larger); OpenGL-normal convention if normal maps",n/a
Res/OldUI/UI Images/Bundle_icon_04.png,texture,Unity-EULA,high,https://www.codester.com/items/55926/bullethell-elemental-template-unity,B,"BizachiCode-original. embed only, no standalone redistribution; upload Restricted. texture <=1024px (Roblox downscales larger); OpenGL-normal convention if normal maps",n/a
Res/OldUI/UI Images/Bundle_icon_05.png,texture,Unity-EULA,high,https://www.codester.com/items/55926/bullethell-elemental-template-unity,B,"BizachiCode-original. embed only, no standalone redistribution; upload Restricted. texture <=1024px (Roblox downscales larger); OpenGL-normal convention if normal maps",n/a
Res/OldUI/UI Images/Bundle_icon_06.png,texture,Unity-EULA,high,https://www.codester.com/items/55926/bullethell-elemental-template-unity,B,"BizachiCode-original. embed only, no standalone redistribution; upload Restricted. texture <=1024px (Roblox downscales larger); OpenGL-normal convention if normal maps",n/a
Res/OldUI/UI Images/Bundle_icon_07.png,texture,Unity-EULA,high,https://www.codester.com/items/55926/bullethell-elemental-template-unity,B,"BizachiCode-original. embed only, no standalone redistribution; upload Restricted. texture <=1024px (Roblox downscales larger); OpenGL-normal convention if normal maps",n/a
Res/OldUI/UI Images/Burst.png,texture,Unity-EULA,high,https://www.codester.com/items/55926/bullethell-elemental-template-unity,B,"BizachiCode-original. embed only, no standalone redistribution; upload Restricted. texture <=1024px (Roblox downscales larger); OpenGL-normal convention if normal maps",n/a
Res/OldUI/UI Images/Char_card_bg.png,texture,Unity-EULA,high,https://www.codester.com/items/55926/bullethell-elemental-template-unity,B,"BizachiCode-original. embed only, no standalone redistribution; upload Restricted. texture <=1024px (Roblox downscales larger); OpenGL-normal convention if normal maps",n/a
Res/OldUI/UI Images/Char_fx_frame.png,texture,Unity-EULA,high,https://www.codester.com/items/55926/bullethell-elemental-template-unity,B,"BizachiCode-original. embed only, no standalone redistribution; upload Restricted. texture <=1024px (Roblox downscales larger); OpenGL-normal convention if normal maps",n/a
Res/OldUI/UI Images/Christmas_Deco_01.png,texture,Unity-EULA,high,https://www.codester.com/items/55926/bullethell-elemental-template-unity,B,"BizachiCode-original. embed only, no standalone redistribution; upload Restricted. texture <=1024px (Roblox downscales larger); OpenGL-normal convention if normal maps",n/a
Res/OldUI/UI Images/Christmas_Deco_02.png,texture,Unity-EULA,high,https://www.codester.com/items/55926/bullethell-elemental-template-unity,B,"BizachiCode-original. embed only, no standalone redistribution; upload Restricted. texture <=1024px (Roblox downscales larger); OpenGL-normal convention if normal maps",n/a
Res/OldUI/UI Images/Christmas_Deco_03.png,texture,Unity-EULA,high,https://www.codester.com/items/55926/bullethell-elemental-template-unity,B,"BizachiCode-original. embed only, no standalone redistribution; upload Restricted. texture <=1024px (Roblox downscales larger); OpenGL-normal convention if normal maps",n/a
Res/OldUI/UI Images/Christmas_Deco_04.png,texture,Unity-EULA,high,https://www.codester.com/items/55926/bullethell-elemental-template-unity,B,"BizachiCode-original. embed only, no standalone redistribution; upload Restricted. texture <=1024px (Roblox downscales larger); OpenGL-normal convention if normal maps",n/a
Res/OldUI/UI Images/Christmas_Deco_05.png,texture,Unity-EULA,high,https://www.codester.com/items/55926/bullethell-elemental-template-unity,B,"BizachiCode-original. embed only, no standalone redistribution; upload Restricted. texture <=1024px (Roblox downscales larger); OpenGL-normal convention if normal maps",n/a
Res/OldUI/UI Images/Christmas_Deco_06.png,texture,Unity-EULA,high,https://www.codester.com/items/55926/bullethell-elemental-template-unity,B,"BizachiCode-original. embed only, no standalone redistribution; upload Restricted. texture <=1024px (Roblox downscales larger); OpenGL-normal convention if normal maps",n/a
Res/OldUI/UI Images/CloseEye.png,texture,Unity-EULA,high,https://www.codester.com/items/55926/bullethell-elemental-template-unity,B,"BizachiCode-original. embed only, no standalone redistribution; upload Restricted. texture <=1024px (Roblox downscales larger); OpenGL-normal convention if normal maps",n/a
Res/OldUI/UI Images/Defeat_banner.png,texture,Unity-EULA,high,https://www.codester.com/items/55926/bullethell-elemental-template-unity,B,"BizachiCode-original. embed only, no standalone redistribution; upload Restricted. texture <=1024px (Roblox downscales larger); OpenGL-normal convention if normal maps",n/a
Res/OldUI/UI Images/Delete_button.png,texture,Unity-EULA,high,https://www.codester.com/items/55926/bullethell-elemental-template-unity,B,"BizachiCode-original. embed only, no standalone redistribution; upload Restricted. texture <=1024px (Roblox downscales larger); OpenGL-normal convention if normal maps",n/a
Res/OldUI/UI Images/Dragon_head.png,texture,Unity-EULA,high,https://www.codester.com/items/55926/bullethell-elemental-template-unity,B,"BizachiCode-original. embed only, no standalone redistribution; upload Restricted. texture <=1024px (Roblox downscales larger); OpenGL-normal convention if normal maps",n/a
Res/OldUI/UI Images/Fade.png,texture,Unity-EULA,high,https://www.codester.com/items/55926/bullethell-elemental-template-unity,B,"BizachiCode-original. embed only, no standalone redistribution; upload Restricted. texture <=1024px (Roblox downscales larger); OpenGL-normal convention if normal maps",n/a
Res/OldUI/UI Images/Frame_02.png,texture,Unity-EULA,high,https://www.codester.com/items/55926/bullethell-elemental-template-unity,B,"BizachiCode-original. embed only, no standalone redistribution; upload Restricted. texture <=1024px (Roblox downscales larger); OpenGL-normal convention if normal maps",n/a
Res/OldUI/UI Images/Frame_03.png,texture,Unity-EULA,high,https://www.codester.com/items/55926/bullethell-elemental-template-unity,B,"BizachiCode-original. embed only, no standalone redistribution; upload Restricted. texture <=1024px (Roblox downscales larger); OpenGL-normal convention if normal maps",n/a
Res/OldUI/UI Images/Frame_skill_selected.png,texture,Unity-EULA,high,https://www.codester.com/items/55926/bullethell-elemental-template-unity,B,"BizachiCode-original. embed only, no standalone redistribution; upload Restricted. texture <=1024px (Roblox downscales larger); OpenGL-normal convention if normal maps",n/a
Res/OldUI/UI Images/Header_bg_01.png,texture,Unity-EULA,high,https://www.codester.com/items/55926/bullethell-elemental-template-unity,B,"BizachiCode-original. embed only, no standalone redistribution; upload Restricted. texture <=1024px (Roblox downscales larger); OpenGL-normal convention if normal maps",n/a
Res/OldUI/UI Images/Header_bg_02.png,texture,Unity-EULA,high,https://www.codester.com/items/55926/bullethell-elemental-template-unity,B,"BizachiCode-original. embed only, no standalone redistribution; upload Restricted. texture <=1024px (Roblox downscales larger); OpenGL-normal convention if normal maps",n/a
Res/OldUI/UI Images/Header_bg_03.png,texture,Unity-EULA,high,https://www.codester.com/items/55926/bullethell-elemental-template-unity,B,"BizachiCode-original. embed only, no standalone redistribution; upload Restricted. texture <=1024px (Roblox downscales larger); OpenGL-normal convention if normal maps",n/a
Res/OldUI/UI Images/Header_bg_christmas.png,texture,Unity-EULA,high,https://www.codester.com/items/55926/bullethell-elemental-template-unity,B,"BizachiCode-original. embed only, no standalone redistribution; upload Restricted. texture <=1024px (Roblox downscales larger); OpenGL-normal convention if normal maps",n/a
Res/OldUI/UI Images/Heal_button_bg.png,texture,Unity-EULA,high,https://www.codester.com/items/55926/bullethell-elemental-template-unity,B,"BizachiCode-original. embed only, no standalone redistribution; upload Restricted. texture <=1024px (Roblox downscales larger); OpenGL-normal convention if normal maps",n/a
Res/OldUI/UI Images/Hud_bg_01.png,texture,Unity-EULA,high,https://www.codester.com/items/55926/bullethell-elemental-template-unity,B,"BizachiCode-original. embed only, no standalone redistribution; upload Restricted. texture <=1024px (Roblox downscales larger); OpenGL-normal convention if normal maps",n/a
Res/OldUI/UI Images/Hud_bg_02.png,texture,Unity-EULA,high,https://www.codester.com/items/55926/bullethell-elemental-template-unity,B,"BizachiCode-original. embed only, no standalone redistribution; upload Restricted. texture <=1024px (Roblox downscales larger); OpenGL-normal convention if normal maps",n/a
Res/OldUI/UI Images/Hud_bg_03.png,texture,Unity-EULA,high,https://www.codester.com/items/55926/bullethell-elemental-template-unity,B,"BizachiCode-original. embed only, no standalone redistribution; upload Restricted. texture <=1024px (Roblox downscales larger); OpenGL-normal convention if normal maps",n/a
Res/OldUI/UI Images/Icon_Dayle.png,texture,Unity-EULA,high,https://www.codester.com/items/55926/bullethell-elemental-template-unity,B,"BizachiCode-original. embed only, no standalone redistribution; upload Restricted. texture <=1024px (Roblox downscales larger); OpenGL-normal convention if normal maps",n/a
Res/OldUI/UI Images/InputField.png,texture,Unity-EULA,high,https://www.codester.com/items/55926/bullethell-elemental-template-unity,B,"BizachiCode-original. embed only, no standalone redistribution; upload Restricted. texture <=1024px (Roblox downscales larger); OpenGL-normal convention if normal maps",n/a
Res/OldUI/UI Images/Knightboy_avatar.png,texture,Unity-EULA,high,https://www.codester.com/items/55926/bullethell-elemental-template-unity,B,"BizachiCode-original. embed only, no standalone redistribution; upload Restricted. texture <=1024px (Roblox downscales larger); OpenGL-normal convention if normal maps",n/a
Res/OldUI/UI Images/Life_Hud_bg.png,texture,Unity-EULA,high,https://www.codester.com/items/55926/bullethell-elemental-template-unity,B,"BizachiCode-original. embed only, no standalone redistribution; upload Restricted. texture <=1024px (Roblox downscales larger); OpenGL-normal convention if normal maps",n/a
Res/OldUI/UI Images/Life_Hud_juice_01.png,texture,Unity-EULA,high,https://www.codester.com/items/55926/bullethell-elemental-template-unity,B,"BizachiCode-original. embed only, no standalone redistribution; upload Restricted. texture <=1024px (Roblox downscales larger); OpenGL-normal convention if normal maps",n/a
Res/OldUI/UI Images/Life_Hud_juice_02.png,texture,Unity-EULA,high,https://www.codester.com/items/55926/bullethell-elemental-template-unity,B,"BizachiCode-original. embed only, no standalone redistribution; upload Restricted. texture <=1024px (Roblox downscales larger); OpenGL-normal convention if normal maps",n/a
Res/OldUI/UI Images/Life_Hud_juice_03.png,texture,Unity-EULA,high,https://www.codester.com/items/55926/bullethell-elemental-template-unity,B,"BizachiCode-original. embed only, no standalone redistribution; upload Restricted. texture <=1024px (Roblox downscales larger); OpenGL-normal convention if normal maps",n/a
Res/OldUI/UI Images/Life_Hud_juice_04.png,texture,Unity-EULA,high,https://www.codester.com/items/55926/bullethell-elemental-template-unity,B,"BizachiCode-original. embed only, no standalone redistribution; upload Restricted. texture <=1024px (Roblox downscales larger); OpenGL-normal convention if normal maps",n/a
Res/OldUI/UI Images/Main_menu_bg.png,texture,Unity-EULA,high,https://www.codester.com/items/55926/bullethell-elemental-template-unity,B,"BizachiCode-original. embed only, no standalone redistribution; upload Restricted. texture <=1024px (Roblox downscales larger); OpenGL-normal convention if normal maps",n/a
Res/OldUI/UI Images/Main_menu_button_01.png,texture,Unity-EULA,high,https://www.codester.com/items/55926/bullethell-elemental-template-unity,B,"BizachiCode-original. embed only, no standalone redistribution; upload Restricted. texture <=1024px (Roblox downscales larger); OpenGL-normal convention if normal maps",n/a
Res/OldUI/UI Images/Main_menu_icon_01.png,texture,Unity-EULA,high,https://www.codester.com/items/55926/bullethell-elemental-template-unity,B,"BizachiCode-original. embed only, no standalone redistribution; upload Restricted. texture <=1024px (Roblox downscales larger); OpenGL-normal convention if normal maps",n/a
Res/OldUI/UI Images/Main_menu_icon_02.png,texture,Unity-EULA,high,https://www.codester.com/items/55926/bullethell-elemental-template-unity,B,"BizachiCode-original. embed only, no standalone redistribution; upload Restricted. texture <=1024px (Roblox downscales larger); OpenGL-normal convention if normal maps",n/a
Res/OldUI/UI Images/Main_menu_icon_03.png,texture,Unity-EULA,high,https://www.codester.com/items/55926/bullethell-elemental-template-unity,B,"BizachiCode-original. embed only, no standalone redistribution; upload Restricted. texture <=1024px (Roblox downscales larger); OpenGL-normal convention if normal maps",n/a
Res/OldUI/UI Images/Main_menu_icon_04.png,texture,Unity-EULA,high,https://www.codester.com/items/55926/bullethell-elemental-template-unity,B,"BizachiCode-original. embed only, no standalone redistribution; upload Restricted. texture <=1024px (Roblox downscales larger); OpenGL-normal convention if normal maps",n/a
Res/OldUI/UI Images/Main_menu_icon_05.png,texture,Unity-EULA,high,https://www.codester.com/items/55926/bullethell-elemental-template-unity,B,"BizachiCode-original. embed only, no standalone redistribution; upload Restricted. texture <=1024px (Roblox downscales larger); OpenGL-normal convention if normal maps",n/a
Res/OldUI/UI Images/Main_menu_selector.png,texture,Unity-EULA,high,https://www.codester.com/items/55926/bullethell-elemental-template-unity,B,"BizachiCode-original. embed only, no standalone redistribution; upload Restricted. texture <=1024px (Roblox downscales larger); OpenGL-normal convention if normal maps",n/a
Res/OldUI/UI Images/OpenEye.png,texture,Unity-EULA,high,https://www.codester.com/items/55926/bullethell-elemental-template-unity,B,"BizachiCode-original. embed only, no standalone redistribution; upload Restricted. texture <=1024px (Roblox downscales larger); OpenGL-normal convention if normal maps",n/a
Res/OldUI/UI Images/Plano de Fundo.png,texture,Unity-EULA,high,https://www.codester.com/items/55926/bullethell-elemental-template-unity,B,"BizachiCode-original. embed only, no standalone redistribution; upload Restricted. texture <=1024px (Roblox downscales larger); OpenGL-normal convention if normal maps",n/a
Res/OldUI/UI Images/Radial_glow.png,texture,Unity-EULA,high,https://www.codester.com/items/55926/bullethell-elemental-template-unity,B,"BizachiCode-original. embed only, no standalone redistribution; upload Restricted. texture <=1024px (Roblox downscales larger); OpenGL-normal convention if normal maps",n/a
Res/OldUI/UI Images/Red_marker.png,texture,Unity-EULA,high,https://www.codester.com/items/55926/bullethell-elemental-template-unity,B,"BizachiCode-original. embed only, no standalone redistribution; upload Restricted. texture <=1024px (Roblox downscales larger); OpenGL-normal convention if normal maps",n/a
Res/OldUI/UI Images/Separator_01.png,texture,Unity-EULA,high,https://www.codester.com/items/55926/bullethell-elemental-template-unity,B,"BizachiCode-original. embed only, no standalone redistribution; upload Restricted. texture <=1024px (Roblox downscales larger); OpenGL-normal convention if normal maps",n/a
Res/OldUI/UI Images/Separator_02.png,texture,Unity-EULA,high,https://www.codester.com/items/55926/bullethell-elemental-template-unity,B,"BizachiCode-original. embed only, no standalone redistribution; upload Restricted. texture <=1024px (Roblox downscales larger); OpenGL-normal convention if normal maps",n/a
Res/OldUI/UI Images/Separator_03.png,texture,Unity-EULA,high,https://www.codester.com/items/55926/bullethell-elemental-template-unity,B,"BizachiCode-original. embed only, no standalone redistribution; upload Restricted. texture <=1024px (Roblox downscales larger); OpenGL-normal convention if normal maps",n/a
Res/OldUI/UI Images/Special_offer_tag.png,texture,Unity-EULA,high,https://www.codester.com/items/55926/bullethell-elemental-template-unity,B,"BizachiCode-original. embed only, no standalone redistribution; upload Restricted. texture <=1024px (Roblox downscales larger); OpenGL-normal convention if normal maps",n/a
Res/OldUI/UI Images/Star.png,texture,Unity-EULA,high,https://www.codester.com/items/55926/bullethell-elemental-template-unity,B,"BizachiCode-original. embed only, no standalone redistribution; upload Restricted. texture <=1024px (Roblox downscales larger); OpenGL-normal convention if normal maps",n/a
Res/OldUI/UI Images/Victory_banner.png,texture,Unity-EULA,high,https://www.codester.com/items/55926/bullethell-elemental-template-unity,B,"BizachiCode-original. embed only, no standalone redistribution; upload Restricted. texture <=1024px (Roblox downscales larger); OpenGL-normal convention if normal maps",n/a
Res/OldUI/UI Images/Vignette.png,texture,Unity-EULA,high,https://www.codester.com/items/55926/bullethell-elemental-template-unity,B,"BizachiCode-original. embed only, no standalone redistribution; upload Restricted. texture <=1024px (Roblox downscales larger); OpenGL-normal convention if normal maps",n/a
Res/OldUI/UI Images/Window_bg_01.png,texture,Unity-EULA,high,https://www.codester.com/items/55926/bullethell-elemental-template-unity,B,"BizachiCode-original. embed only, no standalone redistribution; upload Restricted. texture <=1024px (Roblox downscales larger); OpenGL-normal convention if normal maps",n/a
Res/OldUI/UI Images/Window_bg_02.png,texture,Unity-EULA,high,https://www.codester.com/items/55926/bullethell-elemental-template-unity,B,"BizachiCode-original. embed only, no standalone redistribution; upload Restricted. texture <=1024px (Roblox downscales larger); OpenGL-normal convention if normal maps",n/a
Res/OldUI/UI Images/Window_bg_03.png,texture,Unity-EULA,high,https://www.codester.com/items/55926/bullethell-elemental-template-unity,B,"BizachiCode-original. embed only, no standalone redistribution; upload Restricted. texture <=1024px (Roblox downscales larger); OpenGL-normal convention if normal maps",n/a
Res/OldUI/UI Images/Window_bg_04.png,texture,Unity-EULA,high,https://www.codester.com/items/55926/bullethell-elemental-template-unity,B,"BizachiCode-original. embed only, no standalone redistribution; upload Restricted. texture <=1024px (Roblox downscales larger); OpenGL-normal convention if normal maps",n/a
Res/OldUI/UI Images/XP_Hud_bg.png,texture,Unity-EULA,high,https://www.codester.com/items/55926/bullethell-elemental-template-unity,B,"BizachiCode-original. embed only, no standalone redistribution; upload Restricted. texture <=1024px (Roblox downscales larger); OpenGL-normal convention if normal maps",n/a
Res/OldUI/UI Images/XP_Hud_frame.png,texture,Unity-EULA,high,https://www.codester.com/items/55926/bullethell-elemental-template-unity,B,"BizachiCode-original. embed only, no standalone redistribution; upload Restricted. texture <=1024px (Roblox downscales larger); OpenGL-normal convention if normal maps",n/a
Res/OldUI/UI Images/XP_Hud_juice.png,texture,Unity-EULA,high,https://www.codester.com/items/55926/bullethell-elemental-template-unity,B,"BizachiCode-original. embed only, no standalone redistribution; upload Restricted. texture <=1024px (Roblox downscales larger); OpenGL-normal convention if normal maps",n/a
Res/OldUI/UI Images/bg_0.png,texture,Unity-EULA,high,https://www.codester.com/items/55926/bullethell-elemental-template-unity,B,"BizachiCode-original. embed only, no standalone redistribution; upload Restricted. texture <=1024px (Roblox downscales larger); OpenGL-normal convention if normal maps",n/a
Res/OldUI/UI Images/bg_empty_gear_slot.png,texture,Unity-EULA,high,https://www.codester.com/items/55926/bullethell-elemental-template-unity,B,"BizachiCode-original. embed only, no standalone redistribution; upload Restricted. texture <=1024px (Roblox downscales larger); OpenGL-normal convention if normal maps",n/a
Res/OldUI/UI Images/bg_pattern_01.png,texture,Unity-EULA,high,https://www.codester.com/items/55926/bullethell-elemental-template-unity,B,"BizachiCode-original. embed only, no standalone redistribution; upload Restricted. texture <=1024px (Roblox downscales larger); OpenGL-normal convention if normal maps",n/a
Res/OldUI/UI Images/bt_01.png,texture,Unity-EULA,high,https://www.codester.com/items/55926/bullethell-elemental-template-unity,B,"BizachiCode-original. embed only, no standalone redistribution; upload Restricted. texture <=1024px (Roblox downscales larger); OpenGL-normal convention if normal maps",n/a
Res/OldUI/UI Images/bt_02.png,texture,Unity-EULA,high,https://www.codester.com/items/55926/bullethell-elemental-template-unity,B,"BizachiCode-original. embed only, no standalone redistribution; upload Restricted. texture <=1024px (Roblox downscales larger); OpenGL-normal convention if normal maps",n/a
Res/OldUI/UI Images/bt_03.png,texture,Unity-EULA,high,https://www.codester.com/items/55926/bullethell-elemental-template-unity,B,"BizachiCode-original. embed only, no standalone redistribution; upload Restricted. texture <=1024px (Roblox downscales larger); OpenGL-normal convention if normal maps",n/a
Res/OldUI/UI Images/bt_04.png,texture,Unity-EULA,high,https://www.codester.com/items/55926/bullethell-elemental-template-unity,B,"BizachiCode-original. embed only, no standalone redistribution; upload Restricted. texture <=1024px (Roblox downscales larger); OpenGL-normal convention if normal maps",n/a
Res/OldUI/UI Images/bt_05.png,texture,Unity-EULA,high,https://www.codester.com/items/55926/bullethell-elemental-template-unity,B,"BizachiCode-original. embed only, no standalone redistribution; upload Restricted. texture <=1024px (Roblox downscales larger); OpenGL-normal convention if normal maps",n/a
Res/OldUI/UI Images/bt_06.png,texture,Unity-EULA,high,https://www.codester.com/items/55926/bullethell-elemental-template-unity,B,"BizachiCode-original. embed only, no standalone redistribution; upload Restricted. texture <=1024px (Roblox downscales larger); OpenGL-normal convention if normal maps",n/a
Res/OldUI/UI Images/bt_07.png,texture,Unity-EULA,high,https://www.codester.com/items/55926/bullethell-elemental-template-unity,B,"BizachiCode-original. embed only, no standalone redistribution; upload Restricted. texture <=1024px (Roblox downscales larger); OpenGL-normal convention if normal maps",n/a
Res/OldUI/UI Images/bt_08.png,texture,Unity-EULA,high,https://www.codester.com/items/55926/bullethell-elemental-template-unity,B,"BizachiCode-original. embed only, no standalone redistribution; upload Restricted. texture <=1024px (Roblox downscales larger); OpenGL-normal convention if normal maps",n/a
Res/OldUI/UI Images/bt_09.png,texture,Unity-EULA,high,https://www.codester.com/items/55926/bullethell-elemental-template-unity,B,"BizachiCode-original. embed only, no standalone redistribution; upload Restricted. texture <=1024px (Roblox downscales larger); OpenGL-normal convention if normal maps",n/a
Res/OldUI/UI Images/bt_10.png,texture,Unity-EULA,high,https://www.codester.com/items/55926/bullethell-elemental-template-unity,B,"BizachiCode-original. embed only, no standalone redistribution; upload Restricted. texture <=1024px (Roblox downscales larger); OpenGL-normal convention if normal maps",n/a
Res/OldUI/UI Images/bt_11.png,texture,Unity-EULA,high,https://www.codester.com/items/55926/bullethell-elemental-template-unity,B,"BizachiCode-original. embed only, no standalone redistribution; upload Restricted. texture <=1024px (Roblox downscales larger); OpenGL-normal convention if normal maps",n/a
Res/OldUI/UI Images/bt_12-1.png,texture,Unity-EULA,high,https://www.codester.com/items/55926/bullethell-elemental-template-unity,B,"BizachiCode-original. embed only, no standalone redistribution; upload Restricted. texture <=1024px (Roblox downscales larger); OpenGL-normal convention if normal maps",n/a
Res/OldUI/UI Images/bt_12.png,texture,Unity-EULA,high,https://www.codester.com/items/55926/bullethell-elemental-template-unity,B,"BizachiCode-original. embed only, no standalone redistribution; upload Restricted. texture <=1024px (Roblox downscales larger); OpenGL-normal convention if normal maps",n/a
Res/OldUI/UI Images/bt_13.png,texture,Unity-EULA,high,https://www.codester.com/items/55926/bullethell-elemental-template-unity,B,"BizachiCode-original. embed only, no standalone redistribution; upload Restricted. texture <=1024px (Roblox downscales larger); OpenGL-normal convention if normal maps",n/a
Res/OldUI/UI Images/bt_14.png,texture,Unity-EULA,high,https://www.codester.com/items/55926/bullethell-elemental-template-unity,B,"BizachiCode-original. embed only, no standalone redistribution; upload Restricted. texture <=1024px (Roblox downscales larger); OpenGL-normal convention if normal maps",n/a
Res/OldUI/UI Images/bt_15.png,texture,Unity-EULA,high,https://www.codester.com/items/55926/bullethell-elemental-template-unity,B,"BizachiCode-original. embed only, no standalone redistribution; upload Restricted. texture <=1024px (Roblox downscales larger); OpenGL-normal convention if normal maps",n/a
Res/OldUI/UI Images/frame_01.png,texture,Unity-EULA,high,https://www.codester.com/items/55926/bullethell-elemental-template-unity,B,"BizachiCode-original. embed only, no standalone redistribution; upload Restricted. texture <=1024px (Roblox downscales larger); OpenGL-normal convention if normal maps",n/a
Res/OldUI/UI Images/frame_christmas.png,texture,Unity-EULA,high,https://www.codester.com/items/55926/bullethell-elemental-template-unity,B,"BizachiCode-original. embed only, no standalone redistribution; upload Restricted. texture <=1024px (Roblox downscales larger); OpenGL-normal convention if normal maps",n/a
Res/OldUI/UI Images/frame_halloween.png,texture,Unity-EULA,high,https://www.codester.com/items/55926/bullethell-elemental-template-unity,B,"BizachiCode-original. embed only, no standalone redistribution; upload Restricted. texture <=1024px (Roblox downscales larger); OpenGL-normal convention if normal maps",n/a
Res/OldUI/UI Images/halloween_deco_01.png,texture,Unity-EULA,high,https://www.codester.com/items/55926/bullethell-elemental-template-unity,B,"BizachiCode-original. embed only, no standalone redistribution; upload Restricted. texture <=1024px (Roblox downscales larger); OpenGL-normal convention if normal maps",n/a
Res/OldUI/UI Images/halloween_deco_02.png,texture,Unity-EULA,high,https://www.codester.com/items/55926/bullethell-elemental-template-unity,B,"BizachiCode-original. embed only, no standalone redistribution; upload Restricted. texture <=1024px (Roblox downscales larger); OpenGL-normal convention if normal maps",n/a
Res/OldUI/UI Images/halloween_deco_03.png,texture,Unity-EULA,high,https://www.codester.com/items/55926/bullethell-elemental-template-unity,B,"BizachiCode-original. embed only, no standalone redistribution; upload Restricted. texture <=1024px (Roblox downscales larger); OpenGL-normal convention if normal maps",n/a
Res/OldUI/UI Images/icon_Chat_menu.png,texture,Unity-EULA,high,https://www.codester.com/items/55926/bullethell-elemental-template-unity,B,"BizachiCode-original. embed only, no standalone redistribution; upload Restricted. texture <=1024px (Roblox downscales larger); OpenGL-normal convention if normal maps",n/a
Res/OldUI/UI Images/icon_Lock.png,texture,Unity-EULA,high,https://www.codester.com/items/55926/bullethell-elemental-template-unity,B,"BizachiCode-original. embed only, no standalone redistribution; upload Restricted. texture <=1024px (Roblox downscales larger); OpenGL-normal convention if normal maps",n/a
Res/OldUI/UI Images/icon_Monster.png,texture,Unity-EULA,high,https://www.codester.com/items/55926/bullethell-elemental-template-unity,B,"BizachiCode-original. embed only, no standalone redistribution; upload Restricted. texture <=1024px (Roblox downscales larger); OpenGL-normal convention if normal maps",n/a
Res/OldUI/UI Images/icon_Transparent.png,texture,Unity-EULA,high,https://www.codester.com/items/55926/bullethell-elemental-template-unity,B,"BizachiCode-original. embed only, no standalone redistribution; upload Restricted. texture <=1024px (Roblox downscales larger); OpenGL-normal convention if normal maps",n/a
Res/OldUI/UI Images/icon_add.png,texture,Unity-EULA,high,https://www.codester.com/items/55926/bullethell-elemental-template-unity,B,"BizachiCode-original. embed only, no standalone redistribution; upload Restricted. texture <=1024px (Roblox downscales larger); OpenGL-normal convention if normal maps",n/a
Res/OldUI/UI Images/icon_attack_type_01.png,texture,Unity-EULA,high,https://www.codester.com/items/55926/bullethell-elemental-template-unity,B,"BizachiCode-original. embed only, no standalone redistribution; upload Restricted. texture <=1024px (Roblox downscales larger); OpenGL-normal convention if normal maps",n/a
Res/OldUI/UI Images/icon_attack_type_02.png,texture,Unity-EULA,high,https://www.codester.com/items/55926/bullethell-elemental-template-unity,B,"BizachiCode-original. embed only, no standalone redistribution; upload Restricted. texture <=1024px (Roblox downscales larger); OpenGL-normal convention if normal maps",n/a
Res/OldUI/UI Images/icon_attack_type_03.png,texture,Unity-EULA,high,https://www.codester.com/items/55926/bullethell-elemental-template-unity,B,"BizachiCode-original. embed only, no standalone redistribution; upload Restricted. texture <=1024px (Roblox downscales larger); OpenGL-normal convention if normal maps",n/a
Res/OldUI/UI Images/icon_char_class_01.png,texture,Unity-EULA,high,https://www.codester.com/items/55926/bullethell-elemental-template-unity,B,"BizachiCode-original. embed only, no standalone redistribution; upload Restricted. texture <=1024px (Roblox downscales larger); OpenGL-normal convention if normal maps",n/a
Res/OldUI/UI Images/icon_char_class_02.png,texture,Unity-EULA,high,https://www.codester.com/items/55926/bullethell-elemental-template-unity,B,"BizachiCode-original. embed only, no standalone redistribution; upload Restricted. texture <=1024px (Roblox downscales larger); OpenGL-normal convention if normal maps",n/a
Res/OldUI/UI Images/icon_char_class_03.png,texture,Unity-EULA,high,https://www.codester.com/items/55926/bullethell-elemental-template-unity,B,"BizachiCode-original. embed only, no standalone redistribution; upload Restricted. texture <=1024px (Roblox downscales larger); OpenGL-normal convention if normal maps",n/a
Res/OldUI/UI Images/icon_checkmark.png,texture,Unity-EULA,high,https://www.codester.com/items/55926/bullethell-elemental-template-unity,B,"BizachiCode-original. embed only, no standalone redistribution; upload Restricted. texture <=1024px (Roblox downscales larger); OpenGL-normal convention if normal maps",n/a
Res/OldUI/UI Images/icon_close.png,texture,Unity-EULA,high,https://www.codester.com/items/55926/bullethell-elemental-template-unity,B,"BizachiCode-original. embed only, no standalone redistribution; upload Restricted. texture <=1024px (Roblox downscales larger); OpenGL-normal convention if normal maps",n/a
Res/OldUI/UI Images/icon_filter.png,texture,Unity-EULA,high,https://www.codester.com/items/55926/bullethell-elemental-template-unity,B,"BizachiCode-original. embed only, no standalone redistribution; upload Restricted. texture <=1024px (Roblox downscales larger); OpenGL-normal convention if normal maps",n/a
Res/OldUI/UI Images/icon_hard_currency.png,texture,Unity-EULA,high,https://www.codester.com/items/55926/bullethell-elemental-template-unity,B,"BizachiCode-original. embed only, no standalone redistribution; upload Restricted. texture <=1024px (Roblox downscales larger); OpenGL-normal convention if normal maps",n/a
Res/OldUI/UI Images/icon_heal.png,texture,Unity-EULA,high,https://www.codester.com/items/55926/bullethell-elemental-template-unity,B,"BizachiCode-original. embed only, no standalone redistribution; upload Restricted. texture <=1024px (Roblox downscales larger); OpenGL-normal convention if normal maps",n/a
Res/OldUI/UI Images/icon_notification.png,texture,Unity-EULA,high,https://www.codester.com/items/55926/bullethell-elemental-template-unity,B,"BizachiCode-original. embed only, no standalone redistribution; upload Restricted. texture <=1024px (Roblox downscales larger); OpenGL-normal convention if normal maps",n/a
Res/OldUI/UI Images/icon_open_mail.png,texture,Unity-EULA,high,https://www.codester.com/items/55926/bullethell-elemental-template-unity,B,"BizachiCode-original. embed only, no standalone redistribution; upload Restricted. texture <=1024px (Roblox downscales larger); OpenGL-normal convention if normal maps",n/a
Res/OldUI/UI Images/icon_potions.png,texture,Unity-EULA,high,https://www.codester.com/items/55926/bullethell-elemental-template-unity,B,"BizachiCode-original. embed only, no standalone redistribution; upload Restricted. texture <=1024px (Roblox downscales larger); OpenGL-normal convention if normal maps",n/a
Res/OldUI/UI Images/icon_power.png,texture,Unity-EULA,high,https://www.codester.com/items/55926/bullethell-elemental-template-unity,B,"BizachiCode-original. embed only, no standalone redistribution; upload Restricted. texture <=1024px (Roblox downscales larger); OpenGL-normal convention if normal maps",n/a
Res/OldUI/UI Images/icon_rarity_01.png,texture,Unity-EULA,high,https://www.codester.com/items/55926/bullethell-elemental-template-unity,B,"BizachiCode-original. embed only, no standalone redistribution; upload Restricted. texture <=1024px (Roblox downscales larger); OpenGL-normal convention if normal maps",n/a
Res/OldUI/UI Images/icon_rarity_02.png,texture,Unity-EULA,high,https://www.codester.com/items/55926/bullethell-elemental-template-unity,B,"BizachiCode-original. embed only, no standalone redistribution; upload Restricted. texture <=1024px (Roblox downscales larger); OpenGL-normal convention if normal maps",n/a
Res/OldUI/UI Images/icon_rarity_03.png,texture,Unity-EULA,high,https://www.codester.com/items/55926/bullethell-elemental-template-unity,B,"BizachiCode-original. embed only, no standalone redistribution; upload Restricted. texture <=1024px (Roblox downscales larger); OpenGL-normal convention if normal maps",n/a
Res/OldUI/UI Images/icon_settings.png,texture,Unity-EULA,high,https://www.codester.com/items/55926/bullethell-elemental-template-unity,B,"BizachiCode-original. embed only, no standalone redistribution; upload Restricted. texture <=1024px (Roblox downscales larger); OpenGL-normal convention if normal maps",n/a
Res/OldUI/UI Images/icon_soft_currency.png,texture,Unity-EULA,high,https://www.codester.com/items/55926/bullethell-elemental-template-unity,B,"BizachiCode-original. embed only, no standalone redistribution; upload Restricted. texture <=1024px (Roblox downscales larger); OpenGL-normal convention if normal maps",n/a
Res/OldUI/UI Images/icon_sorting UP.png,texture,Unity-EULA,high,https://www.codester.com/items/55926/bullethell-elemental-template-unity,B,"BizachiCode-original. embed only, no standalone redistribution; upload Restricted. texture <=1024px (Roblox downscales larger); OpenGL-normal convention if normal maps",n/a
Res/OldUI/UI Images/icon_sortingDown.png,texture,Unity-EULA,high,https://www.codester.com/items/55926/bullethell-elemental-template-unity,B,"BizachiCode-original. embed only, no standalone redistribution; upload Restricted. texture <=1024px (Roblox downscales larger); OpenGL-normal convention if normal maps",n/a
Res/OldUI/UI Images/icon_stat_attack.png,texture,Unity-EULA,high,https://www.codester.com/items/55926/bullethell-elemental-template-unity,B,"BizachiCode-original. embed only, no standalone redistribution; upload Restricted. texture <=1024px (Roblox downscales larger); OpenGL-normal convention if normal maps",n/a
Res/OldUI/UI Images/icon_stat_critical.png,texture,Unity-EULA,high,https://www.codester.com/items/55926/bullethell-elemental-template-unity,B,"BizachiCode-original. embed only, no standalone redistribution; upload Restricted. texture <=1024px (Roblox downscales larger); OpenGL-normal convention if normal maps",n/a
Res/OldUI/UI Images/icon_stat_defense.png,texture,Unity-EULA,high,https://www.codester.com/items/55926/bullethell-elemental-template-unity,B,"BizachiCode-original. embed only, no standalone redistribution; upload Restricted. texture <=1024px (Roblox downscales larger); OpenGL-normal convention if normal maps",n/a
Res/OldUI/UI Images/icon_stat_health.png,texture,Unity-EULA,high,https://www.codester.com/items/55926/bullethell-elemental-template-unity,B,"BizachiCode-original. embed only, no standalone redistribution; upload Restricted. texture <=1024px (Roblox downscales larger); OpenGL-normal convention if normal maps",n/a
Res/OldUI/UI Images/icon_stat_speed.png,texture,Unity-EULA,high,https://www.codester.com/items/55926/bullethell-elemental-template-unity,B,"BizachiCode-original. embed only, no standalone redistribution; upload Restricted. texture <=1024px (Roblox downscales larger); OpenGL-normal convention if normal maps",n/a
Res/OldUI/UI Images/icon_stat_ultimate.png,texture,Unity-EULA,high,https://www.codester.com/items/55926/bullethell-elemental-template-unity,B,"BizachiCode-original. embed only, no standalone redistribution; upload Restricted. texture <=1024px (Roblox downscales larger); OpenGL-normal convention if normal maps",n/a
Res/OldUI/UI Images/icon_xp.png,texture,Unity-EULA,high,https://www.codester.com/items/55926/bullethell-elemental-template-unity,B,"BizachiCode-original. embed only, no standalone redistribution; upload Restricted. texture <=1024px (Roblox downscales larger); OpenGL-normal convention if normal maps",n/a
Res/OldUI/UI Images/scrollbar_bg.png,texture,Unity-EULA,high,https://www.codester.com/items/55926/bullethell-elemental-template-unity,B,"BizachiCode-original. embed only, no standalone redistribution; upload Restricted. texture <=1024px (Roblox downscales larger); OpenGL-normal convention if normal maps",n/a
Res/OldUI/UI Images/tab_window_02_selected.png,texture,Unity-EULA,high,https://www.codester.com/items/55926/bullethell-elemental-template-unity,B,"BizachiCode-original. embed only, no standalone redistribution; upload Restricted. texture <=1024px (Roblox downscales larger); OpenGL-normal convention if normal maps",n/a
Res/OldUI/UI Images/tab_window_02_unselected.png,texture,Unity-EULA,high,https://www.codester.com/items/55926/bullethell-elemental-template-unity,B,"BizachiCode-original. embed only, no standalone redistribution; upload Restricted. texture <=1024px (Roblox downscales larger); OpenGL-normal convention if normal maps",n/a
Res/OldUI/UI Images/tab_window_03_selected.png,texture,Unity-EULA,high,https://www.codester.com/items/55926/bullethell-elemental-template-unity,B,"BizachiCode-original. embed only, no standalone redistribution; upload Restricted. texture <=1024px (Roblox downscales larger); OpenGL-normal convention if normal maps",n/a
Res/OldUI/UI Images/tab_window_03_unselected.png,texture,Unity-EULA,high,https://www.codester.com/items/55926/bullethell-elemental-template-unity,B,"BizachiCode-original. embed only, no standalone redistribution; upload Restricted. texture <=1024px (Roblox downscales larger); OpenGL-normal convention if normal maps",n/a
Res/OldUI/UI Images/type_crest_bg.png,texture,Unity-EULA,high,https://www.codester.com/items/55926/bullethell-elemental-template-unity,B,"BizachiCode-original. embed only, no standalone redistribution; upload Restricted. texture <=1024px (Roblox downscales larger); OpenGL-normal convention if normal maps",n/a
Res/Prefabs/Misc/simple_separator.prefab,other,Unity-EULA,high,https://www.codester.com/items/55926/bullethell-elemental-template-unity,rebuild,rebuilt natively in Roblox; nothing imported,n/a
Res/RankingRender.renderTexture,other,Unity-EULA,high,https://www.codester.com/items/55926/bullethell-elemental-template-unity,rebuild,rebuilt natively in Roblox; nothing imported,n/a
Res/Scenes/Home.unity,other,Unity-EULA,high,https://www.codester.com/items/55926/bullethell-elemental-template-unity,rebuild,rebuilt natively in Roblox; nothing imported,n/a
Res/Scenes/Home/LightingData.asset,other,Unity-EULA,high,https://www.codester.com/items/55926/bullethell-elemental-template-unity,rebuild,rebuilt natively in Roblox; nothing imported,n/a
Res/Scenes/Home/ReflectionProbe-0.exr,other,Unity-EULA,high,https://www.codester.com/items/55926/bullethell-elemental-template-unity,rebuild,rebuilt natively in Roblox; nothing imported,n/a
Res/Scenes/Login.unity,other,Unity-EULA,high,https://www.codester.com/items/55926/bullethell-elemental-template-unity,rebuild,rebuilt natively in Roblox; nothing imported,n/a
Res/Scenes/Login/LightingData.asset,other,Unity-EULA,high,https://www.codester.com/items/55926/bullethell-elemental-template-unity,rebuild,rebuilt natively in Roblox; nothing imported,n/a
Res/Scenes/Login/New Lighting Settings.lighting,other,Unity-EULA,high,https://www.codester.com/items/55926/bullethell-elemental-template-unity,rebuild,rebuilt natively in Roblox; nothing imported,n/a
Res/Scenes/Login/ReflectionProbe-0.exr,other,Unity-EULA,high,https://www.codester.com/items/55926/bullethell-elemental-template-unity,rebuild,rebuilt natively in Roblox; nothing imported,n/a
Res/Scenes/MapArena1.unity,other,Unity-EULA,high,https://www.codester.com/items/55926/bullethell-elemental-template-unity,rebuild,rebuilt natively in Roblox; nothing imported,n/a
Res/Scenes/MapArena1/CombinedMeshes_Environment.prefab,other,Unity-EULA,high,https://www.codester.com/items/55926/bullethell-elemental-template-unity,rebuild,rebuilt natively in Roblox; nothing imported,n/a
Res/Scenes/MapArena1/CombinedMeshes_colormap_-544692.asset,other,Unity-EULA,high,https://www.codester.com/items/55926/bullethell-elemental-template-unity,rebuild,rebuilt natively in Roblox; nothing imported,n/a
Res/Scenes/MapArena1/CombinedMeshes_colormap_-544714.asset,other,Unity-EULA,high,https://www.codester.com/items/55926/bullethell-elemental-template-unity,rebuild,rebuilt natively in Roblox; nothing imported,n/a
Res/Scenes/MapArena1/Global Volume Profile.asset,other,Unity-EULA,high,https://www.codester.com/items/55926/bullethell-elemental-template-unity,rebuild,rebuilt natively in Roblox; nothing imported,n/a
Res/Scenes/MapArena1/LightingData.asset,other,Unity-EULA,high,https://www.codester.com/items/55926/bullethell-elemental-template-unity,rebuild,rebuilt natively in Roblox; nothing imported,n/a
Res/Scenes/MapArena1/LightingaArena1.lighting,other,Unity-EULA,high,https://www.codester.com/items/55926/bullethell-elemental-template-unity,rebuild,rebuilt natively in Roblox; nothing imported,n/a
Res/Scenes/MapArena1/NavMesh-FloorCollider.asset,other,Unity-EULA,high,https://www.codester.com/items/55926/bullethell-elemental-template-unity,rebuild,rebuilt natively in Roblox; nothing imported,n/a
Res/Scenes/MapArena1/ReflectionProbe-0.exr,other,Unity-EULA,high,https://www.codester.com/items/55926/bullethell-elemental-template-unity,rebuild,rebuilt natively in Roblox; nothing imported,n/a
Res/Scenes/MapArena2.unity,other,Unity-EULA,high,https://www.codester.com/items/55926/bullethell-elemental-template-unity,rebuild,rebuilt natively in Roblox; nothing imported,n/a
Res/Scenes/MapArena2/CombinedMeshes/Arena2_Combined_Environment.prefab,other,Unity-EULA,high,https://www.codester.com/items/55926/bullethell-elemental-template-unity,rebuild,rebuilt natively in Roblox; nothing imported,n/a
Res/Scenes/MapArena2/CombinedMeshes/Combined_colormap 1_-113554.asset,other,Unity-EULA,high,https://www.codester.com/items/55926/bullethell-elemental-template-unity,rebuild,rebuilt natively in Roblox; nothing imported,n/a
Res/Scenes/MapArena2/CombinedMeshes/Combined_colormap 2_-113576.asset,other,Unity-EULA,high,https://www.codester.com/items/55926/bullethell-elemental-template-unity,rebuild,rebuilt natively in Roblox; nothing imported,n/a
Res/Scenes/MapArena2/CombinedMeshes/Combined_colormap_-113598.asset,other,Unity-EULA,high,https://www.codester.com/items/55926/bullethell-elemental-template-unity,rebuild,rebuilt natively in Roblox; nothing imported,n/a
Res/Scenes/MapArena2/NavMesh-FloorCollider.asset,other,Unity-EULA,high,https://www.codester.com/items/55926/bullethell-elemental-template-unity,rebuild,rebuilt natively in Roblox; nothing imported,n/a
Res/Scenes/MapArena3.unity,other,Unity-EULA,high,https://www.codester.com/items/55926/bullethell-elemental-template-unity,rebuild,rebuilt natively in Roblox; nothing imported,n/a
Res/Scenes/MapArena3/NavMesh-FloorCollider.asset,other,Unity-EULA,high,https://www.codester.com/items/55926/bullethell-elemental-template-unity,rebuild,rebuilt natively in Roblox; nothing imported,n/a
Res/Scenes/MapArena4.unity,other,Unity-EULA,high,https://www.codester.com/items/55926/bullethell-elemental-template-unity,rebuild,rebuilt natively in Roblox; nothing imported,n/a
Res/Scenes/MapArena4/NavMesh-FloorCollider.asset,other,Unity-EULA,high,https://www.codester.com/items/55926/bullethell-elemental-template-unity,rebuild,rebuilt natively in Roblox; nothing imported,n/a
Res/Scenes/PVPArena2.unity,other,Unity-EULA,high,https://www.codester.com/items/55926/bullethell-elemental-template-unity,rebuild,rebuilt natively in Roblox; nothing imported,n/a
Res/Scenes/PVPArena2/CombinedMeshes/Combined_colormap 1_-247814.asset,other,Unity-EULA,high,https://www.codester.com/items/55926/bullethell-elemental-template-unity,rebuild,rebuilt natively in Roblox; nothing imported,n/a
Res/Scenes/PVPArena2/CombinedMeshes/Combined_colormap_-247792.asset,other,Unity-EULA,high,https://www.codester.com/items/55926/bullethell-elemental-template-unity,rebuild,rebuilt natively in Roblox; nothing imported,n/a
Res/Scenes/PVPArena2/CombinedMeshes/Combined_colormap_-247836.asset,other,Unity-EULA,high,https://www.codester.com/items/55926/bullethell-elemental-template-unity,rebuild,rebuilt natively in Roblox; nothing imported,n/a
Res/Scenes/PVPArena2/NavMesh-FloorCollider.asset,other,Unity-EULA,high,https://www.codester.com/items/55926/bullethell-elemental-template-unity,rebuild,rebuilt natively in Roblox; nothing imported,n/a
Res/Scenes/PVPArenaBR.unity,other,Unity-EULA,high,https://www.codester.com/items/55926/bullethell-elemental-template-unity,rebuild,rebuilt natively in Roblox; nothing imported,n/a
Res/Scenes/PVPArenaBR/CombinedMeshes/Combined_colormap 1_-211126.asset,other,Unity-EULA,high,https://www.codester.com/items/55926/bullethell-elemental-template-unity,rebuild,rebuilt natively in Roblox; nothing imported,n/a
Res/Scenes/PVPArenaBR/CombinedMeshes/Combined_colormap_-211148.asset,other,Unity-EULA,high,https://www.codester.com/items/55926/bullethell-elemental-template-unity,rebuild,rebuilt natively in Roblox; nothing imported,n/a
Res/Scenes/PVPArenaBR/NavMesh-FloorCollider.asset,other,Unity-EULA,high,https://www.codester.com/items/55926/bullethell-elemental-template-unity,rebuild,rebuilt natively in Roblox; nothing imported,n/a
Res/Settings/Bloom URP.asset,other,Unity-EULA,high,https://www.codester.com/items/55926/bullethell-elemental-template-unity,rebuild,rebuilt natively in Roblox; nothing imported,n/a
Res/Settings/Mobile_RPAsset 1.asset,other,Unity-EULA,high,https://www.codester.com/items/55926/bullethell-elemental-template-unity,rebuild,rebuilt natively in Roblox; nothing imported,n/a
Res/Settings/Mobile_Renderer 1.asset,other,Unity-EULA,high,https://www.codester.com/items/55926/bullethell-elemental-template-unity,rebuild,rebuilt natively in Roblox; nothing imported,n/a
Res/Skills/FireBall.asset,other,Unity-EULA,high,https://www.codester.com/items/55926/bullethell-elemental-template-unity,rebuild,rebuilt natively in Roblox; nothing imported,n/a
Res/Skills/MultiFireball.asset,other,Unity-EULA,high,https://www.codester.com/items/55926/bullethell-elemental-template-unity,rebuild,rebuilt natively in Roblox; nothing imported,n/a
Res/UI/BossIconMinimap.prefab,other,Unity-EULA,high,https://www.codester.com/items/55926/bullethell-elemental-template-unity,rebuild,rebuilt natively in Roblox; nothing imported,n/a
Res/UI/CharacterIcon/icon_character_vic.png,texture,Unity-EULA,high,https://www.codester.com/items/55926/bullethell-elemental-template-unity,B,"BizachiCode-original. embed only, no standalone redistribution; upload Restricted. texture <=1024px (Roblox downscales larger); OpenGL-normal convention if normal maps",n/a
Res/UI/Frames/FrameAtlas.spriteatlasv2,other,Unity-EULA,high,https://www.codester.com/items/55926/bullethell-elemental-template-unity,rebuild,rebuilt natively in Roblox; nothing imported; sprite atlas is Unity packing metadata - the source PNGs carry the art,n/a
Res/UI/Frames/Frame_1.png,texture,Unity-EULA,high,https://www.codester.com/items/55926/bullethell-elemental-template-unity,B,"BizachiCode-original. embed only, no standalone redistribution; upload Restricted. texture <=1024px (Roblox downscales larger); OpenGL-normal convention if normal maps",n/a
Res/UI/Frames/Frame_2.png,texture,Unity-EULA,high,https://www.codester.com/items/55926/bullethell-elemental-template-unity,B,"BizachiCode-original. embed only, no standalone redistribution; upload Restricted. texture <=1024px (Roblox downscales larger); OpenGL-normal convention if normal maps",n/a
Res/UI/Frames/Frame_3.png,texture,Unity-EULA,high,https://www.codester.com/items/55926/bullethell-elemental-template-unity,B,"BizachiCode-original. embed only, no standalone redistribution; upload Restricted. texture <=1024px (Roblox downscales larger); OpenGL-normal convention if normal maps",n/a
Res/UI/Frames/Frame_4.png,texture,Unity-EULA,high,https://www.codester.com/items/55926/bullethell-elemental-template-unity,B,"BizachiCode-original. embed only, no standalone redistribution; upload Restricted. texture <=1024px (Roblox downscales larger); OpenGL-normal convention if normal maps",n/a
Res/UI/Frames/Frame_5.png,texture,Unity-EULA,high,https://www.codester.com/items/55926/bullethell-elemental-template-unity,B,"BizachiCode-original. embed only, no standalone redistribution; upload Restricted. texture <=1024px (Roblox downscales larger); OpenGL-normal convention if normal maps",n/a
Res/UI/Frames/Frame_6.png,texture,Unity-EULA,high,https://www.codester.com/items/55926/bullethell-elemental-template-unity,B,"BizachiCode-original. embed only, no standalone redistribution; upload Restricted. texture <=1024px (Roblox downscales larger); OpenGL-normal convention if normal maps",n/a
Res/UI/Frames/Frame_7.png,texture,Unity-EULA,high,https://www.codester.com/items/55926/bullethell-elemental-template-unity,B,"BizachiCode-original. embed only, no standalone redistribution; upload Restricted. texture <=1024px (Roblox downscales larger); OpenGL-normal convention if normal maps",n/a
Res/UI/Frames/Frame_8.png,texture,Unity-EULA,high,https://www.codester.com/items/55926/bullethell-elemental-template-unity,B,"BizachiCode-original. embed only, no standalone redistribution; upload Restricted. texture <=1024px (Roblox downscales larger); OpenGL-normal convention if normal maps",n/a
Res/UI/Frames/Frame_9.png,texture,Unity-EULA,high,https://www.codester.com/items/55926/bullethell-elemental-template-unity,B,"BizachiCode-original. embed only, no standalone redistribution; upload Restricted. texture <=1024px (Roblox downscales larger); OpenGL-normal convention if normal maps",n/a
Res/UI/Frames/frameHalloween.png,texture,Unity-EULA,high,https://www.codester.com/items/55926/bullethell-elemental-template-unity,B,"BizachiCode-original. embed only, no standalone redistribution; upload Restricted. texture <=1024px (Roblox downscales larger); OpenGL-normal convention if normal maps",n/a
Res/UI/Frames/frameS.png,texture,Unity-EULA,high,https://www.codester.com/items/55926/bullethell-elemental-template-unity,B,"BizachiCode-original. embed only, no standalone redistribution; upload Restricted. texture <=1024px (Roblox downscales larger); OpenGL-normal convention if normal maps",n/a
Res/UI/Icons/Icon0.png,texture,Unity-EULA,high,https://www.codester.com/items/55926/bullethell-elemental-template-unity,B,"BizachiCode-original. embed only, no standalone redistribution; upload Restricted. texture <=1024px (Roblox downscales larger); OpenGL-normal convention if normal maps",n/a
Res/UI/Icons/Icon1.png,texture,Unity-EULA,high,https://www.codester.com/items/55926/bullethell-elemental-template-unity,B,"BizachiCode-original. embed only, no standalone redistribution; upload Restricted. texture <=1024px (Roblox downscales larger); OpenGL-normal convention if normal maps",n/a
Res/UI/Icons/Icon2.png,texture,Unity-EULA,high,https://www.codester.com/items/55926/bullethell-elemental-template-unity,B,"BizachiCode-original. embed only, no standalone redistribution; upload Restricted. texture <=1024px (Roblox downscales larger); OpenGL-normal convention if normal maps",n/a
Res/UI/Icons/Icon3.png,texture,Unity-EULA,high,https://www.codester.com/items/55926/bullethell-elemental-template-unity,B,"BizachiCode-original. embed only, no standalone redistribution; upload Restricted. texture <=1024px (Roblox downscales larger); OpenGL-normal convention if normal maps",n/a
Res/UI/Icons/Icon4.png,texture,Unity-EULA,high,https://www.codester.com/items/55926/bullethell-elemental-template-unity,B,"BizachiCode-original. embed only, no standalone redistribution; upload Restricted. texture <=1024px (Roblox downscales larger); OpenGL-normal convention if normal maps",n/a
Res/UI/Icons/Icon5.png,texture,Unity-EULA,high,https://www.codester.com/items/55926/bullethell-elemental-template-unity,B,"BizachiCode-original. embed only, no standalone redistribution; upload Restricted. texture <=1024px (Roblox downscales larger); OpenGL-normal convention if normal maps",n/a
Res/UI/Icons/Icon6.png,texture,Unity-EULA,high,https://www.codester.com/items/55926/bullethell-elemental-template-unity,B,"BizachiCode-original. embed only, no standalone redistribution; upload Restricted. texture <=1024px (Roblox downscales larger); OpenGL-normal convention if normal maps",n/a
Res/UI/Icons/Icon7.png,texture,Unity-EULA,high,https://www.codester.com/items/55926/bullethell-elemental-template-unity,B,"BizachiCode-original. embed only, no standalone redistribution; upload Restricted. texture <=1024px (Roblox downscales larger); OpenGL-normal convention if normal maps",n/a
Res/UI/Icons/IconAtlas.spriteatlasv2,other,Unity-EULA,high,https://www.codester.com/items/55926/bullethell-elemental-template-unity,rebuild,rebuilt natively in Roblox; nothing imported; sprite atlas is Unity packing metadata - the source PNGs carry the art,n/a
Res/UI/Icons/Icon_1.png,texture,Unity-EULA,high,https://www.codester.com/items/55926/bullethell-elemental-template-unity,B,"BizachiCode-original. embed only, no standalone redistribution; upload Restricted. texture <=1024px (Roblox downscales larger); OpenGL-normal convention if normal maps",n/a
Res/UI/Icons/Icon_2.png,texture,Unity-EULA,high,https://www.codester.com/items/55926/bullethell-elemental-template-unity,B,"BizachiCode-original. embed only, no standalone redistribution; upload Restricted. texture <=1024px (Roblox downscales larger); OpenGL-normal convention if normal maps",n/a
Res/UI/Icons/Icon_3.png,texture,Unity-EULA,high,https://www.codester.com/items/55926/bullethell-elemental-template-unity,B,"BizachiCode-original. embed only, no standalone redistribution; upload Restricted. texture <=1024px (Roblox downscales larger); OpenGL-normal convention if normal maps",n/a
Res/UI/Icons/Icon_4.png,texture,Unity-EULA,high,https://www.codester.com/items/55926/bullethell-elemental-template-unity,B,"BizachiCode-original. embed only, no standalone redistribution; upload Restricted. texture <=1024px (Roblox downscales larger); OpenGL-normal convention if normal maps",n/a
Res/UI/MapPreview/Arena_1_Icon.png,texture,Unity-EULA,high,https://www.codester.com/items/55926/bullethell-elemental-template-unity,B,"BizachiCode-original. embed only, no standalone redistribution; upload Restricted. texture <=1024px (Roblox downscales larger); OpenGL-normal convention if normal maps",n/a
Res/UI/MapPreview/Arena_3_icon.png,texture,Unity-EULA,high,https://www.codester.com/items/55926/bullethell-elemental-template-unity,B,"BizachiCode-original. embed only, no standalone redistribution; upload Restricted. texture <=1024px (Roblox downscales larger); OpenGL-normal convention if normal maps",n/a
Res/UI/MapPreview/MapPreviewAtlas.spriteatlasv2,other,Unity-EULA,high,https://www.codester.com/items/55926/bullethell-elemental-template-unity,rebuild,rebuilt natively in Roblox; nothing imported; sprite atlas is Unity packing metadata - the source PNGs carry the art,n/a
Res/UI/Materials/Fade.mat,other,Unity-EULA,high,https://www.codester.com/items/55926/bullethell-elemental-template-unity,rebuild,rebuilt natively in Roblox; nothing imported,n/a
Res/UI/PlayerIconMinimap.prefab,other,Unity-EULA,high,https://www.codester.com/items/55926/bullethell-elemental-template-unity,rebuild,rebuilt natively in Roblox; nothing imported,n/a
Res/UI/SkillsIcon/Fireball.png,texture,Unity-EULA,high,https://www.codester.com/items/55926/bullethell-elemental-template-unity,B,"BizachiCode-original. embed only, no standalone redistribution; upload Restricted. texture <=1024px (Roblox downscales larger); OpenGL-normal convention if normal maps",n/a
Res/UI/SkillsIcon/GrassBall.png,texture,Unity-EULA,high,https://www.codester.com/items/55926/bullethell-elemental-template-unity,B,"BizachiCode-original. embed only, no standalone redistribution; upload Restricted. texture <=1024px (Roblox downscales larger); OpenGL-normal convention if normal maps",n/a
Res/UI/SkillsIcon/MultiFireball.png,texture,Unity-EULA,high,https://www.codester.com/items/55926/bullethell-elemental-template-unity,B,"BizachiCode-original. embed only, no standalone redistribution; upload Restricted. texture <=1024px (Roblox downscales larger); OpenGL-normal convention if normal maps",n/a
Res/UI/SkillsIcon/MultiGrassBall.png,texture,Unity-EULA,high,https://www.codester.com/items/55926/bullethell-elemental-template-unity,B,"BizachiCode-original. embed only, no standalone redistribution; upload Restricted. texture <=1024px (Roblox downscales larger); OpenGL-normal convention if normal maps",n/a
Res/UI/SkillsIcon/MultiNormalBall.png,texture,Unity-EULA,high,https://www.codester.com/items/55926/bullethell-elemental-template-unity,B,"BizachiCode-original. embed only, no standalone redistribution; upload Restricted. texture <=1024px (Roblox downscales larger); OpenGL-normal convention if normal maps",n/a
Res/UI/SkillsIcon/MultiPerk.png,texture,Unity-EULA,high,https://www.codester.com/items/55926/bullethell-elemental-template-unity,B,"BizachiCode-original. embed only, no standalone redistribution; upload Restricted. texture <=1024px (Roblox downscales larger); OpenGL-normal convention if normal maps",n/a
Res/UI/SkillsIcon/NormalBall.png,texture,Unity-EULA,high,https://www.codester.com/items/55926/bullethell-elemental-template-unity,B,"BizachiCode-original. embed only, no standalone redistribution; upload Restricted. texture <=1024px (Roblox downscales larger); OpenGL-normal convention if normal maps",n/a
Res/UI/SkillsIcon/ShirikenPerk.png,texture,Unity-EULA,high,https://www.codester.com/items/55926/bullethell-elemental-template-unity,B,"BizachiCode-original. embed only, no standalone redistribution; upload Restricted. texture <=1024px (Roblox downscales larger); OpenGL-normal convention if normal maps",n/a
Res/UI/SkillsIcon/SkillPerk.png,texture,Unity-EULA,high,https://www.codester.com/items/55926/bullethell-elemental-template-unity,B,"BizachiCode-original. embed only, no standalone redistribution; upload Restricted. texture <=1024px (Roblox downscales larger); OpenGL-normal convention if normal maps",n/a
Res/UI/SkillsIcon/skill_archer_1.png,texture,Unity-EULA,high,https://www.codester.com/items/55926/bullethell-elemental-template-unity,B,"BizachiCode-original. embed only, no standalone redistribution; upload Restricted. texture <=1024px (Roblox downscales larger); OpenGL-normal convention if normal maps",n/a
Res/UI/SkillsIcon/skill_archer_2.png,texture,Unity-EULA,high,https://www.codester.com/items/55926/bullethell-elemental-template-unity,B,"BizachiCode-original. embed only, no standalone redistribution; upload Restricted. texture <=1024px (Roblox downscales larger); OpenGL-normal convention if normal maps",n/a
Res/UI/SkillsIcon/skill_archer_3.png,texture,Unity-EULA,high,https://www.codester.com/items/55926/bullethell-elemental-template-unity,B,"BizachiCode-original. embed only, no standalone redistribution; upload Restricted. texture <=1024px (Roblox downscales larger); OpenGL-normal convention if normal maps",n/a
Res/UI/SkillsIcon/skill_archer_aa.png,texture,Unity-EULA,high,https://www.codester.com/items/55926/bullethell-elemental-template-unity,B,"BizachiCode-original. embed only, no standalone redistribution; upload Restricted. texture <=1024px (Roblox downscales larger); OpenGL-normal convention if normal maps",n/a
Res/UI/SkillsIcon/skill_dagger_1.png,texture,Unity-EULA,high,https://www.codester.com/items/55926/bullethell-elemental-template-unity,B,"BizachiCode-original. embed only, no standalone redistribution; upload Restricted. texture <=1024px (Roblox downscales larger); OpenGL-normal convention if normal maps",n/a
Res/UI/SkillsIcon/skill_dagger_2.png,texture,Unity-EULA,high,https://www.codester.com/items/55926/bullethell-elemental-template-unity,B,"BizachiCode-original. embed only, no standalone redistribution; upload Restricted. texture <=1024px (Roblox downscales larger); OpenGL-normal convention if normal maps",n/a
Res/UI/SkillsIcon/skill_dagger_3.png,texture,Unity-EULA,high,https://www.codester.com/items/55926/bullethell-elemental-template-unity,B,"BizachiCode-original. embed only, no standalone redistribution; upload Restricted. texture <=1024px (Roblox downscales larger); OpenGL-normal convention if normal maps",n/a
Res/UI/SkillsIcon/skill_dagger_aa.png,texture,Unity-EULA,high,https://www.codester.com/items/55926/bullethell-elemental-template-unity,B,"BizachiCode-original. embed only, no standalone redistribution; upload Restricted. texture <=1024px (Roblox downscales larger); OpenGL-normal convention if normal maps",n/a
Res/UI/SkillsIcon/skill_poison_1.png,texture,Unity-EULA,high,https://www.codester.com/items/55926/bullethell-elemental-template-unity,B,"BizachiCode-original. embed only, no standalone redistribution; upload Restricted. texture <=1024px (Roblox downscales larger); OpenGL-normal convention if normal maps",n/a
Res/UI/SkillsIcon/skill_poison_2.png,texture,Unity-EULA,high,https://www.codester.com/items/55926/bullethell-elemental-template-unity,B,"BizachiCode-original. embed only, no standalone redistribution; upload Restricted. texture <=1024px (Roblox downscales larger); OpenGL-normal convention if normal maps",n/a
Res/UI/SkillsIcon/skill_poison_3.png,texture,Unity-EULA,high,https://www.codester.com/items/55926/bullethell-elemental-template-unity,B,"BizachiCode-original. embed only, no standalone redistribution; upload Restricted. texture <=1024px (Roblox downscales larger); OpenGL-normal convention if normal maps",n/a
Res/UI/SkillsIcon/skill_poison_aa.png,texture,Unity-EULA,high,https://www.codester.com/items/55926/bullethell-elemental-template-unity,B,"BizachiCode-original. embed only, no standalone redistribution; upload Restricted. texture <=1024px (Roblox downscales larger); OpenGL-normal convention if normal maps",n/a
Res/UI/SkillsIcon/skill_shooter_1.png,texture,Unity-EULA,high,https://www.codester.com/items/55926/bullethell-elemental-template-unity,B,"BizachiCode-original. embed only, no standalone redistribution; upload Restricted. texture <=1024px (Roblox downscales larger); OpenGL-normal convention if normal maps",n/a
Res/UI/SkillsIcon/skill_shooter_2.png,texture,Unity-EULA,high,https://www.codester.com/items/55926/bullethell-elemental-template-unity,B,"BizachiCode-original. embed only, no standalone redistribution; upload Restricted. texture <=1024px (Roblox downscales larger); OpenGL-normal convention if normal maps",n/a
Res/UI/SkillsIcon/skill_shooter_3.png,texture,Unity-EULA,high,https://www.codester.com/items/55926/bullethell-elemental-template-unity,B,"BizachiCode-original. embed only, no standalone redistribution; upload Restricted. texture <=1024px (Roblox downscales larger); OpenGL-normal convention if normal maps",n/a
Res/UI/SkillsIcon/skill_shooter_aa.png,texture,Unity-EULA,high,https://www.codester.com/items/55926/bullethell-elemental-template-unity,B,"BizachiCode-original. embed only, no standalone redistribution; upload Restricted. texture <=1024px (Roblox downscales larger); OpenGL-normal convention if normal maps",n/a
Res/UI/StatsIcon/AttackSpeed.png,texture,Unity-EULA,high,https://www.codester.com/items/55926/bullethell-elemental-template-unity,B,"BizachiCode-original. embed only, no standalone redistribution; upload Restricted. texture <=1024px (Roblox downscales larger); OpenGL-normal convention if normal maps",n/a
Res/UI/StatsIcon/AttackSpeedMax.png,texture,Unity-EULA,high,https://www.codester.com/items/55926/bullethell-elemental-template-unity,B,"BizachiCode-original. embed only, no standalone redistribution; upload Restricted. texture <=1024px (Roblox downscales larger); OpenGL-normal convention if normal maps",n/a
Res/UI/StatsIcon/Cooldown.png,texture,Unity-EULA,high,https://www.codester.com/items/55926/bullethell-elemental-template-unity,B,"BizachiCode-original. embed only, no standalone redistribution; upload Restricted. texture <=1024px (Roblox downscales larger); OpenGL-normal convention if normal maps",n/a
Res/UI/StatsIcon/CooldownMax.png,texture,Unity-EULA,high,https://www.codester.com/items/55926/bullethell-elemental-template-unity,B,"BizachiCode-original. embed only, no standalone redistribution; upload Restricted. texture <=1024px (Roblox downscales larger); OpenGL-normal convention if normal maps",n/a
Res/UI/StatsIcon/Critical.png,texture,Unity-EULA,high,https://www.codester.com/items/55926/bullethell-elemental-template-unity,B,"BizachiCode-original. embed only, no standalone redistribution; upload Restricted. texture <=1024px (Roblox downscales larger); OpenGL-normal convention if normal maps",n/a
Res/UI/StatsIcon/CriticalMax.png,texture,Unity-EULA,high,https://www.codester.com/items/55926/bullethell-elemental-template-unity,B,"BizachiCode-original. embed only, no standalone redistribution; upload Restricted. texture <=1024px (Roblox downscales larger); OpenGL-normal convention if normal maps",n/a
Res/UI/StatsIcon/Damage.png,texture,Unity-EULA,high,https://www.codester.com/items/55926/bullethell-elemental-template-unity,B,"BizachiCode-original. embed only, no standalone redistribution; upload Restricted. texture <=1024px (Roblox downscales larger); OpenGL-normal convention if normal maps",n/a
Res/UI/StatsIcon/DamageMax.png,texture,Unity-EULA,high,https://www.codester.com/items/55926/bullethell-elemental-template-unity,B,"BizachiCode-original. embed only, no standalone redistribution; upload Restricted. texture <=1024px (Roblox downscales larger); OpenGL-normal convention if normal maps",n/a
Res/UI/StatsIcon/Defense.png,texture,Unity-EULA,high,https://www.codester.com/items/55926/bullethell-elemental-template-unity,B,"BizachiCode-original. embed only, no standalone redistribution; upload Restricted. texture <=1024px (Roblox downscales larger); OpenGL-normal convention if normal maps",n/a
Res/UI/StatsIcon/DefenseMax.png,texture,Unity-EULA,high,https://www.codester.com/items/55926/bullethell-elemental-template-unity,B,"BizachiCode-original. embed only, no standalone redistribution; upload Restricted. texture <=1024px (Roblox downscales larger); OpenGL-normal convention if normal maps",n/a
Res/UI/StatsIcon/HP.png,texture,Unity-EULA,high,https://www.codester.com/items/55926/bullethell-elemental-template-unity,B,"BizachiCode-original. embed only, no standalone redistribution; upload Restricted. texture <=1024px (Roblox downscales larger); OpenGL-normal convention if normal maps",n/a
Res/UI/StatsIcon/HPMax.png,texture,Unity-EULA,high,https://www.codester.com/items/55926/bullethell-elemental-template-unity,B,"BizachiCode-original. embed only, no standalone redistribution; upload Restricted. texture <=1024px (Roblox downscales larger); OpenGL-normal convention if normal maps",n/a
Res/UI/StatsIcon/HPRegenMax.png,texture,Unity-EULA,high,https://www.codester.com/items/55926/bullethell-elemental-template-unity,B,"BizachiCode-original. embed only, no standalone redistribution; upload Restricted. texture <=1024px (Roblox downscales larger); OpenGL-normal convention if normal maps",n/a
Res/UI/StatsIcon/Leech.png,texture,Unity-EULA,high,https://www.codester.com/items/55926/bullethell-elemental-template-unity,B,"BizachiCode-original. embed only, no standalone redistribution; upload Restricted. texture <=1024px (Roblox downscales larger); OpenGL-normal convention if normal maps",n/a
Res/UI/StatsIcon/LeechMax.png,texture,Unity-EULA,high,https://www.codester.com/items/55926/bullethell-elemental-template-unity,B,"BizachiCode-original. embed only, no standalone redistribution; upload Restricted. texture <=1024px (Roblox downscales larger); OpenGL-normal convention if normal maps",n/a
Res/UI/StatsIcon/MP.Png,texture,Unity-EULA,high,https://www.codester.com/items/55926/bullethell-elemental-template-unity,B,"BizachiCode-original. embed only, no standalone redistribution; upload Restricted. texture <=1024px (Roblox downscales larger); OpenGL-normal convention if normal maps",n/a
Res/UI/StatsIcon/MPRegen.png,texture,Unity-EULA,high,https://www.codester.com/items/55926/bullethell-elemental-template-unity,B,"BizachiCode-original. embed only, no standalone redistribution; upload Restricted. texture <=1024px (Roblox downscales larger); OpenGL-normal convention if normal maps",n/a
Res/UI/StatsIcon/Speed.png,texture,Unity-EULA,high,https://www.codester.com/items/55926/bullethell-elemental-template-unity,B,"BizachiCode-original. embed only, no standalone redistribution; upload Restricted. texture <=1024px (Roblox downscales larger); OpenGL-normal convention if normal maps",n/a
Res/UI/StatsIcon/SpeedMax.png,texture,Unity-EULA,high,https://www.codester.com/items/55926/bullethell-elemental-template-unity,B,"BizachiCode-original. embed only, no standalone redistribution; upload Restricted. texture <=1024px (Roblox downscales larger); OpenGL-normal convention if normal maps",n/a
Res/UI/StatsIcon/StatsAtlas.spriteatlasv2,other,Unity-EULA,high,https://www.codester.com/items/55926/bullethell-elemental-template-unity,rebuild,rebuilt natively in Roblox; nothing imported; sprite atlas is Unity packing metadata - the source PNGs carry the art,n/a
Res/UI/UIGameplayMobile_.prefab,other,Unity-EULA,high,https://www.codester.com/items/55926/bullethell-elemental-template-unity,rebuild,rebuilt natively in Roblox; nothing imported,n/a
Res/UI/UIGameplayPC.prefab,other,Unity-EULA,high,https://www.codester.com/items/55926/bullethell-elemental-template-unity,rebuild,rebuilt natively in Roblox; nothing imported,n/a
Res/UI/UILogin.prefab,other,Unity-EULA,high,https://www.codester.com/items/55926/bullethell-elemental-template-unity,rebuild,rebuilt natively in Roblox; nothing imported,n/a
Res/UI/UI_Gameplay/Ellipse 750.png,texture,Unity-EULA,high,https://www.codester.com/items/55926/bullethell-elemental-template-unity,B,"BizachiCode-original. embed only, no standalone redistribution; upload Restricted. texture <=1024px (Roblox downscales larger); OpenGL-normal convention if normal maps",n/a
Res/UI/UI_Gameplay/EvolveFrame.png,texture,Unity-EULA,high,https://www.codester.com/items/55926/bullethell-elemental-template-unity,B,"BizachiCode-original. embed only, no standalone redistribution; upload Restricted. texture <=1024px (Roblox downscales larger); OpenGL-normal convention if normal maps",n/a
Res/UI/UI_Gameplay/Frame.png,texture,Unity-EULA,high,https://www.codester.com/items/55926/bullethell-elemental-template-unity,B,"BizachiCode-original. embed only, no standalone redistribution; upload Restricted. texture <=1024px (Roblox downscales larger); OpenGL-normal convention if normal maps",n/a
Res/UI/UI_Gameplay/HpBar.png,texture,Unity-EULA,high,https://www.codester.com/items/55926/bullethell-elemental-template-unity,B,"BizachiCode-original. embed only, no standalone redistribution; upload Restricted. texture <=1024px (Roblox downscales larger); OpenGL-normal convention if normal maps",n/a
Res/UI/UI_Gameplay/HpBarBackground.png,texture,Unity-EULA,high,https://www.codester.com/items/55926/bullethell-elemental-template-unity,B,"BizachiCode-original. embed only, no standalone redistribution; upload Restricted. texture <=1024px (Roblox downscales larger); OpenGL-normal convention if normal maps",n/a
Res/UI/UI_Gameplay/Joystick.png,texture,Unity-EULA,high,https://www.codester.com/items/55926/bullethell-elemental-template-unity,B,"BizachiCode-original. embed only, no standalone redistribution; upload Restricted. texture <=1024px (Roblox downscales larger); OpenGL-normal convention if normal maps",n/a
Res/UI/UI_Gameplay/JoystickBackground.png,texture,Unity-EULA,high,https://www.codester.com/items/55926/bullethell-elemental-template-unity,B,"BizachiCode-original. embed only, no standalone redistribution; upload Restricted. texture <=1024px (Roblox downscales larger); OpenGL-normal convention if normal maps",n/a
Res/UI/UI_Gameplay/Rectangle 1152.png,texture,Unity-EULA,high,https://www.codester.com/items/55926/bullethell-elemental-template-unity,B,"BizachiCode-original. embed only, no standalone redistribution; upload Restricted. texture <=1024px (Roblox downscales larger); OpenGL-normal convention if normal maps",n/a
Res/UI/UI_Gameplay/Rectangle 41150.png,texture,Unity-EULA,high,https://www.codester.com/items/55926/bullethell-elemental-template-unity,B,"BizachiCode-original. embed only, no standalone redistribution; upload Restricted. texture <=1024px (Roblox downscales larger); OpenGL-normal convention if normal maps",n/a
Res/UI/UI_Gameplay/box_xsk.png,texture,Unity-EULA,high,https://www.codester.com/items/55926/bullethell-elemental-template-unity,B,"BizachiCode-original. embed only, no standalone redistribution; upload Restricted. texture <=1024px (Roblox downscales larger); OpenGL-normal convention if normal maps",n/a
Res/UI/UI_Gameplay/btn_nomal_4white.png,texture,Unity-EULA,high,https://www.codester.com/items/55926/bullethell-elemental-template-unity,B,"BizachiCode-original. embed only, no standalone redistribution; upload Restricted. texture <=1024px (Roblox downscales larger); OpenGL-normal convention if normal maps",n/a
Res/UIElements/DamagePopup/DamagePopup.prefab,other,Unity-EULA,high,https://www.codester.com/items/55926/bullethell-elemental-template-unity,rebuild,rebuilt natively in Roblox; nothing imported,n/a
Res/UIElements/DamagePopup/DamagePopupManager.prefab,other,Unity-EULA,high,https://www.codester.com/items/55926/bullethell-elemental-template-unity,rebuild,rebuilt natively in Roblox; nothing imported,n/a
Res/UIElements/EnemyHpBar/EnemyHpBar.prefab,other,Unity-EULA,high,https://www.codester.com/items/55926/bullethell-elemental-template-unity,rebuild,rebuilt natively in Roblox; nothing imported,n/a
Res/UIElements/Friend/FriendEntry.prefab,other,Unity-EULA,high,https://www.codester.com/items/55926/bullethell-elemental-template-unity,rebuild,rebuilt natively in Roblox; nothing imported,n/a
Res/UIElements/GMPanel/GMItemEntry.prefab,other,Unity-EULA,high,https://www.codester.com/items/55926/bullethell-elemental-template-unity,rebuild,rebuilt natively in Roblox; nothing imported,n/a
Res/UIElements/GMPanel/MapEventGMEntry.prefab,other,Unity-EULA,high,https://www.codester.com/items/55926/bullethell-elemental-template-unity,rebuild,rebuilt natively in Roblox; nothing imported,n/a
Res/UIElements/Lobby/LobbyMapEntry.prefab,other,Unity-EULA,high,https://www.codester.com/items/55926/bullethell-elemental-template-unity,rebuild,rebuilt natively in Roblox; nothing imported,n/a
Res/UIElements/Mailbox/MailEntry.prefab,other,Unity-EULA,high,https://www.codester.com/items/55926/bullethell-elemental-template-unity,rebuild,rebuilt natively in Roblox; nothing imported,n/a
Res/UIElements/Mailbox/MailRewardEntry.prefab,other,Unity-EULA,high,https://www.codester.com/items/55926/bullethell-elemental-template-unity,rebuild,rebuilt natively in Roblox; nothing imported,n/a
ThirdPartyResources/3DModels/KayKit - Adventurers/Animations/Combat/1H_Melee/1H_Melee_Attack_Chop.anim,animation,CC0,high,https://github.com/KayKit-Game-Assets/KayKit-Character-Pack-Adventures-1.0,rebuild,rebuilt natively in Roblox; nothing imported; Unity .anim YAML not portable; identical clip name ships in KayKit packs' 95-animation set (verified); re-import clip from originals GLB/FBX,bundled-license
ThirdPartyResources/3DModels/KayKit - Adventurers/Animations/Combat/1H_Melee/1H_Melee_Attack_Jump_Chop.anim,animation,CC0,high,https://github.com/KayKit-Game-Assets/KayKit-Character-Pack-Adventures-1.0,rebuild,rebuilt natively in Roblox; nothing imported; Unity .anim YAML not portable; identical clip name ships in KayKit packs' 95-animation set (verified); re-import clip from originals GLB/FBX,bundled-license
ThirdPartyResources/3DModels/KayKit - Adventurers/Animations/Combat/1H_Melee/1H_Melee_Attack_Slice_Diagonal.anim,animation,CC0,high,https://github.com/KayKit-Game-Assets/KayKit-Character-Pack-Adventures-1.0,rebuild,rebuilt natively in Roblox; nothing imported; Unity .anim YAML not portable; identical clip name ships in KayKit packs' 95-animation set (verified); re-import clip from originals GLB/FBX,bundled-license
ThirdPartyResources/3DModels/KayKit - Adventurers/Animations/Combat/1H_Melee/1H_Melee_Attack_Slice_Horizontal.anim,animation,CC0,high,https://github.com/KayKit-Game-Assets/KayKit-Character-Pack-Adventures-1.0,rebuild,rebuilt natively in Roblox; nothing imported; Unity .anim YAML not portable; identical clip name ships in KayKit packs' 95-animation set (verified); re-import clip from originals GLB/FBX,bundled-license
ThirdPartyResources/3DModels/KayKit - Adventurers/Animations/Combat/1H_Melee/1H_Melee_Attack_Stab.anim,animation,CC0,high,https://github.com/KayKit-Game-Assets/KayKit-Character-Pack-Adventures-1.0,rebuild,rebuilt natively in Roblox; nothing imported; Unity .anim YAML not portable; identical clip name ships in KayKit packs' 95-animation set (verified); re-import clip from originals GLB/FBX,bundled-license
ThirdPartyResources/3DModels/KayKit - Adventurers/Animations/Combat/1H_Ranged/1H_Ranged_Aiming.anim,animation,CC0,high,https://github.com/KayKit-Game-Assets/KayKit-Character-Pack-Adventures-1.0,rebuild,rebuilt natively in Roblox; nothing imported; Unity .anim YAML not portable; identical clip name ships in KayKit packs' 95-animation set (verified); re-import clip from originals GLB/FBX,bundled-license
ThirdPartyResources/3DModels/KayKit - Adventurers/Animations/Combat/1H_Ranged/1H_Ranged_Reload.anim,animation,CC0,high,https://github.com/KayKit-Game-Assets/KayKit-Character-Pack-Adventures-1.0,rebuild,rebuilt natively in Roblox; nothing imported; Unity .anim YAML not portable; identical clip name ships in KayKit packs' 95-animation set (verified); re-import clip from originals GLB/FBX,bundled-license
ThirdPartyResources/3DModels/KayKit - Adventurers/Animations/Combat/1H_Ranged/1H_Ranged_Shoot.anim,animation,CC0,high,https://github.com/KayKit-Game-Assets/KayKit-Character-Pack-Adventures-1.0,rebuild,rebuilt natively in Roblox; nothing imported; Unity .anim YAML not portable; identical clip name ships in KayKit packs' 95-animation set (verified); re-import clip from originals GLB/FBX,bundled-license
ThirdPartyResources/3DModels/KayKit - Adventurers/Animations/Combat/1H_Ranged/1H_Ranged_Shooting.anim,animation,CC0,high,https://github.com/KayKit-Game-Assets/KayKit-Character-Pack-Adventures-1.0,rebuild,rebuilt natively in Roblox; nothing imported; Unity .anim YAML not portable; identical clip name ships in KayKit packs' 95-animation set (verified); re-import clip from originals GLB/FBX,bundled-license
ThirdPartyResources/3DModels/KayKit - Adventurers/Animations/Combat/2H_Melee/2H_Melee_Attack_Chop.anim,animation,CC0,high,https://github.com/KayKit-Game-Assets/KayKit-Character-Pack-Adventures-1.0,rebuild,rebuilt natively in Roblox; nothing imported; Unity .anim YAML not portable; identical clip name ships in KayKit packs' 95-animation set (verified); re-import clip from originals GLB/FBX,bundled-license
ThirdPartyResources/3DModels/KayKit - Adventurers/Animations/Combat/2H_Melee/2H_Melee_Attack_Slice.anim,animation,CC0,high,https://github.com/KayKit-Game-Assets/KayKit-Character-Pack-Adventures-1.0,rebuild,rebuilt natively in Roblox; nothing imported; Unity .anim YAML not portable; identical clip name ships in KayKit packs' 95-animation set (verified); re-import clip from originals GLB/FBX,bundled-license
ThirdPartyResources/3DModels/KayKit - Adventurers/Animations/Combat/2H_Melee/2H_Melee_Attack_Spin.anim,animation,CC0,high,https://github.com/KayKit-Game-Assets/KayKit-Character-Pack-Adventures-1.0,rebuild,rebuilt natively in Roblox; nothing imported; Unity .anim YAML not portable; identical clip name ships in KayKit packs' 95-animation set (verified); re-import clip from originals GLB/FBX,bundled-license
ThirdPartyResources/3DModels/KayKit - Adventurers/Animations/Combat/2H_Melee/2H_Melee_Attack_Spinning.anim,animation,CC0,high,https://github.com/KayKit-Game-Assets/KayKit-Character-Pack-Adventures-1.0,rebuild,rebuilt natively in Roblox; nothing imported; Unity .anim YAML not portable; identical clip name ships in KayKit packs' 95-animation set (verified); re-import clip from originals GLB/FBX,bundled-license
ThirdPartyResources/3DModels/KayKit - Adventurers/Animations/Combat/2H_Melee/2H_Melee_Attack_Stab.anim,animation,CC0,high,https://github.com/KayKit-Game-Assets/KayKit-Character-Pack-Adventures-1.0,rebuild,rebuilt natively in Roblox; nothing imported; Unity .anim YAML not portable; identical clip name ships in KayKit packs' 95-animation set (verified); re-import clip from originals GLB/FBX,bundled-license
ThirdPartyResources/3DModels/KayKit - Adventurers/Animations/Combat/2H_Melee/2H_Melee_Idle.anim,animation,CC0,high,https://github.com/KayKit-Game-Assets/KayKit-Character-Pack-Adventures-1.0,rebuild,rebuilt natively in Roblox; nothing imported; Unity .anim YAML not portable; identical clip name ships in KayKit packs' 95-animation set (verified); re-import clip from originals GLB/FBX,bundled-license
ThirdPartyResources/3DModels/KayKit - Adventurers/Animations/Combat/2H_Ranged/2H_Ranged_Aiming.anim,animation,CC0,high,https://github.com/KayKit-Game-Assets/KayKit-Character-Pack-Adventures-1.0,rebuild,rebuilt natively in Roblox; nothing imported; Unity .anim YAML not portable; identical clip name ships in KayKit packs' 95-animation set (verified); re-import clip from originals GLB/FBX,bundled-license
ThirdPartyResources/3DModels/KayKit - Adventurers/Animations/Combat/2H_Ranged/2H_Ranged_Reload.anim,animation,CC0,high,https://github.com/KayKit-Game-Assets/KayKit-Character-Pack-Adventures-1.0,rebuild,rebuilt natively in Roblox; nothing imported; Unity .anim YAML not portable; identical clip name ships in KayKit packs' 95-animation set (verified); re-import clip from originals GLB/FBX,bundled-license
ThirdPartyResources/3DModels/KayKit - Adventurers/Animations/Combat/2H_Ranged/2H_Ranged_Shoot.anim,animation,CC0,high,https://github.com/KayKit-Game-Assets/KayKit-Character-Pack-Adventures-1.0,rebuild,rebuilt natively in Roblox; nothing imported; Unity .anim YAML not portable; identical clip name ships in KayKit packs' 95-animation set (verified); re-import clip from originals GLB/FBX,bundled-license
ThirdPartyResources/3DModels/KayKit - Adventurers/Animations/Combat/2H_Ranged/2H_Ranged_Shooting.anim,animation,CC0,high,https://github.com/KayKit-Game-Assets/KayKit-Character-Pack-Adventures-1.0,rebuild,rebuilt natively in Roblox; nothing imported; Unity .anim YAML not portable; identical clip name ships in KayKit packs' 95-animation set (verified); re-import clip from originals GLB/FBX,bundled-license
ThirdPartyResources/3DModels/KayKit - Adventurers/Animations/Combat/Blocking/Block.anim,animation,CC0,high,https://github.com/KayKit-Game-Assets/KayKit-Character-Pack-Adventures-1.0,rebuild,rebuilt natively in Roblox; nothing imported; Unity .anim YAML not portable; identical clip name ships in KayKit packs' 95-animation set (verified); re-import clip from originals GLB/FBX,bundled-license
ThirdPartyResources/3DModels/KayKit - Adventurers/Animations/Combat/Blocking/Block_Attack.anim,animation,CC0,high,https://github.com/KayKit-Game-Assets/KayKit-Character-Pack-Adventures-1.0,rebuild,rebuilt natively in Roblox; nothing imported; Unity .anim YAML not portable; identical clip name ships in KayKit packs' 95-animation set (verified); re-import clip from originals GLB/FBX,bundled-license
ThirdPartyResources/3DModels/KayKit - Adventurers/Animations/Combat/Blocking/Block_Hit.anim,animation,CC0,high,https://github.com/KayKit-Game-Assets/KayKit-Character-Pack-Adventures-1.0,rebuild,rebuilt natively in Roblox; nothing imported; Unity .anim YAML not portable; identical clip name ships in KayKit packs' 95-animation set (verified); re-import clip from originals GLB/FBX,bundled-license
ThirdPartyResources/3DModels/KayKit - Adventurers/Animations/Combat/Blocking/Blocking.anim,animation,CC0,high,https://github.com/KayKit-Game-Assets/KayKit-Character-Pack-Adventures-1.0,rebuild,rebuilt natively in Roblox; nothing imported; Unity .anim YAML not portable; identical clip name ships in KayKit packs' 95-animation set (verified); re-import clip from originals GLB/FBX,bundled-license
ThirdPartyResources/3DModels/KayKit - Adventurers/Animations/Combat/DualWielding/Dualwield_Melee_Attack_Chop.anim,animation,CC0,high,https://github.com/KayKit-Game-Assets/KayKit-Character-Pack-Adventures-1.0,rebuild,rebuilt natively in Roblox; nothing imported; Unity .anim YAML not portable; identical clip name ships in KayKit packs' 95-animation set (verified); re-import clip from originals GLB/FBX,bundled-license
ThirdPartyResources/3DModels/KayKit - Adventurers/Animations/Combat/DualWielding/Dualwield_Melee_Attack_Slice.anim,animation,CC0,high,https://github.com/KayKit-Game-Assets/KayKit-Character-Pack-Adventures-1.0,rebuild,rebuilt natively in Roblox; nothing imported; Unity .anim YAML not portable; identical clip name ships in KayKit packs' 95-animation set (verified); re-import clip from originals GLB/FBX,bundled-license
ThirdPartyResources/3DModels/KayKit - Adventurers/Animations/Combat/DualWielding/Dualwield_Melee_Attack_Stab.anim,animation,CC0,high,https://github.com/KayKit-Game-Assets/KayKit-Character-Pack-Adventures-1.0,rebuild,rebuilt natively in Roblox; nothing imported; Unity .anim YAML not portable; identical clip name ships in KayKit packs' 95-animation set (verified); re-import clip from originals GLB/FBX,bundled-license
ThirdPartyResources/3DModels/KayKit - Adventurers/Animations/Combat/General/Death_A.anim,animation,CC0,high,https://github.com/KayKit-Game-Assets/KayKit-Character-Pack-Adventures-1.0,rebuild,rebuilt natively in Roblox; nothing imported; Unity .anim YAML not portable; identical clip name ships in KayKit packs' 95-animation set (verified); re-import clip from originals GLB/FBX,bundled-license
ThirdPartyResources/3DModels/KayKit - Adventurers/Animations/Combat/General/Death_A_Pose.anim,animation,CC0,high,https://github.com/KayKit-Game-Assets/KayKit-Character-Pack-Adventures-1.0,rebuild,rebuilt natively in Roblox; nothing imported; Unity .anim YAML not portable; identical clip name ships in KayKit packs' 95-animation set (verified); re-import clip from originals GLB/FBX,bundled-license
ThirdPartyResources/3DModels/KayKit - Adventurers/Animations/Combat/General/Death_B.anim,animation,CC0,high,https://github.com/KayKit-Game-Assets/KayKit-Character-Pack-Adventures-1.0,rebuild,rebuilt natively in Roblox; nothing imported; Unity .anim YAML not portable; identical clip name ships in KayKit packs' 95-animation set (verified); re-import clip from originals GLB/FBX,bundled-license
ThirdPartyResources/3DModels/KayKit - Adventurers/Animations/Combat/General/Death_B_Pose.anim,animation,CC0,high,https://github.com/KayKit-Game-Assets/KayKit-Character-Pack-Adventures-1.0,rebuild,rebuilt natively in Roblox; nothing imported; Unity .anim YAML not portable; identical clip name ships in KayKit packs' 95-animation set (verified); re-import clip from originals GLB/FBX,bundled-license
ThirdPartyResources/3DModels/KayKit - Adventurers/Animations/Combat/General/Death_C_Pose.anim,animation,CC0,high,https://github.com/KayKit-Game-Assets/KayKit-Character-Pack-Adventures-1.0,rebuild,rebuilt natively in Roblox; nothing imported; Unity .anim YAML not portable; identical clip name ships in KayKit packs' 95-animation set (verified); re-import clip from originals GLB/FBX,bundled-license
ThirdPartyResources/3DModels/KayKit - Adventurers/Animations/Combat/General/Hit_A.anim,animation,CC0,high,https://github.com/KayKit-Game-Assets/KayKit-Character-Pack-Adventures-1.0,rebuild,rebuilt natively in Roblox; nothing imported; Unity .anim YAML not portable; identical clip name ships in KayKit packs' 95-animation set (verified); re-import clip from originals GLB/FBX,bundled-license
ThirdPartyResources/3DModels/KayKit - Adventurers/Animations/Combat/General/Hit_B.anim,animation,CC0,high,https://github.com/KayKit-Game-Assets/KayKit-Character-Pack-Adventures-1.0,rebuild,rebuilt natively in Roblox; nothing imported; Unity .anim YAML not portable; identical clip name ships in KayKit packs' 95-animation set (verified); re-import clip from originals GLB/FBX,bundled-license
ThirdPartyResources/3DModels/KayKit - Adventurers/Animations/Combat/General/Idle_Combat.anim,animation,CC0,high,https://github.com/KayKit-Game-Assets/KayKit-Character-Pack-Adventures-1.0,rebuild,rebuilt natively in Roblox; nothing imported; Unity .anim YAML not portable; identical clip name ships in KayKit packs' 95-animation set (verified); re-import clip from originals GLB/FBX,bundled-license
ThirdPartyResources/3DModels/KayKit - Adventurers/Animations/Combat/General/Taunt.anim,animation,CC0,high,https://github.com/KayKit-Game-Assets/KayKit-Character-Pack-Adventures-1.0,rebuild,rebuilt natively in Roblox; nothing imported; Unity .anim YAML not portable; identical clip name ships in KayKit packs' 95-animation set (verified); re-import clip from originals GLB/FBX,bundled-license
ThirdPartyResources/3DModels/KayKit - Adventurers/Animations/Combat/General/Taunt_Longer.anim,animation,CC0,high,https://github.com/KayKit-Game-Assets/KayKit-Character-Pack-Adventures-1.0,rebuild,rebuilt natively in Roblox; nothing imported; Unity .anim YAML not portable; identical clip name ships in KayKit packs' 95-animation set (verified); re-import clip from originals GLB/FBX,bundled-license
ThirdPartyResources/3DModels/KayKit - Adventurers/Animations/Combat/Spellcasting/Spellcast_Long.anim,animation,CC0,high,https://github.com/KayKit-Game-Assets/KayKit-Character-Pack-Adventures-1.0,rebuild,rebuilt natively in Roblox; nothing imported; Unity .anim YAML not portable; identical clip name ships in KayKit packs' 95-animation set (verified); re-import clip from originals GLB/FBX,bundled-license
ThirdPartyResources/3DModels/KayKit - Adventurers/Animations/Combat/Spellcasting/Spellcast_Raise.anim,animation,CC0,high,https://github.com/KayKit-Game-Assets/KayKit-Character-Pack-Adventures-1.0,rebuild,rebuilt natively in Roblox; nothing imported; Unity .anim YAML not portable; identical clip name ships in KayKit packs' 95-animation set (verified); re-import clip from originals GLB/FBX,bundled-license
ThirdPartyResources/3DModels/KayKit - Adventurers/Animations/Combat/Spellcasting/Spellcast_Shoot.anim,animation,CC0,high,https://github.com/KayKit-Game-Assets/KayKit-Character-Pack-Adventures-1.0,rebuild,rebuilt natively in Roblox; nothing imported; Unity .anim YAML not portable; identical clip name ships in KayKit packs' 95-animation set (verified); re-import clip from originals GLB/FBX,bundled-license
ThirdPartyResources/3DModels/KayKit - Adventurers/Animations/Combat/Spellcasting/Spellcast_Summon.anim,animation,CC0,high,https://github.com/KayKit-Game-Assets/KayKit-Character-Pack-Adventures-1.0,rebuild,rebuilt natively in Roblox; nothing imported; Unity .anim YAML not portable; identical clip name ships in KayKit packs' 95-animation set (verified); re-import clip from originals GLB/FBX,bundled-license
ThirdPartyResources/3DModels/KayKit - Adventurers/Animations/Combat/Spellcasting/Spellcasting.anim,animation,CC0,high,https://github.com/KayKit-Game-Assets/KayKit-Character-Pack-Adventures-1.0,rebuild,rebuilt natively in Roblox; nothing imported; Unity .anim YAML not portable; identical clip name ships in KayKit packs' 95-animation set (verified); re-import clip from originals GLB/FBX,bundled-license
ThirdPartyResources/3DModels/KayKit - Adventurers/Animations/Combat/Unarmed/Unarmed_Idle.anim,animation,CC0,high,https://github.com/KayKit-Game-Assets/KayKit-Character-Pack-Adventures-1.0,rebuild,rebuilt natively in Roblox; nothing imported; Unity .anim YAML not portable; identical clip name ships in KayKit packs' 95-animation set (verified); re-import clip from originals GLB/FBX,bundled-license
ThirdPartyResources/3DModels/KayKit - Adventurers/Animations/Combat/Unarmed/Unarmed_Melee_Attack_Kick.anim,animation,CC0,high,https://github.com/KayKit-Game-Assets/KayKit-Character-Pack-Adventures-1.0,rebuild,rebuilt natively in Roblox; nothing imported; Unity .anim YAML not portable; identical clip name ships in KayKit packs' 95-animation set (verified); re-import clip from originals GLB/FBX,bundled-license
ThirdPartyResources/3DModels/KayKit - Adventurers/Animations/Combat/Unarmed/Unarmed_Melee_Attack_Punch_A.anim,animation,CC0,high,https://github.com/KayKit-Game-Assets/KayKit-Character-Pack-Adventures-1.0,rebuild,rebuilt natively in Roblox; nothing imported; Unity .anim YAML not portable; identical clip name ships in KayKit packs' 95-animation set (verified); re-import clip from originals GLB/FBX,bundled-license
ThirdPartyResources/3DModels/KayKit - Adventurers/Animations/Combat/Unarmed/Unarmed_Melee_Attack_Punch_B.anim,animation,CC0,high,https://github.com/KayKit-Game-Assets/KayKit-Character-Pack-Adventures-1.0,rebuild,rebuilt natively in Roblox; nothing imported; Unity .anim YAML not portable; identical clip name ships in KayKit packs' 95-animation set (verified); re-import clip from originals GLB/FBX,bundled-license
ThirdPartyResources/3DModels/KayKit - Adventurers/Animations/Combat/Unarmed/Unarmed_Pose.anim,animation,CC0,high,https://github.com/KayKit-Game-Assets/KayKit-Character-Pack-Adventures-1.0,rebuild,rebuilt natively in Roblox; nothing imported; Unity .anim YAML not portable; identical clip name ships in KayKit packs' 95-animation set (verified); re-import clip from originals GLB/FBX,bundled-license
ThirdPartyResources/3DModels/KayKit - Adventurers/Animations/General/Cheer.anim,animation,CC0,high,https://github.com/KayKit-Game-Assets/KayKit-Character-Pack-Adventures-1.0,rebuild,rebuilt natively in Roblox; nothing imported; Unity .anim YAML not portable; identical clip name ships in KayKit packs' 95-animation set (verified); re-import clip from originals GLB/FBX,bundled-license
ThirdPartyResources/3DModels/KayKit - Adventurers/Animations/General/Idle.anim,animation,CC0,high,https://github.com/KayKit-Game-Assets/KayKit-Character-Pack-Adventures-1.0,rebuild,rebuilt natively in Roblox; nothing imported; Unity .anim YAML not portable; identical clip name ships in KayKit packs' 95-animation set (verified); re-import clip from originals GLB/FBX,bundled-license
ThirdPartyResources/3DModels/KayKit - Adventurers/Animations/General/Idle_B.anim,animation,CC0,high,https://github.com/KayKit-Game-Assets/KayKit-Character-Pack-Adventures-1.0,rebuild,rebuilt natively in Roblox; nothing imported; Unity .anim YAML not portable; identical clip name ships in KayKit packs' 95-animation set (verified); re-import clip from originals GLB/FBX,bundled-license
ThirdPartyResources/3DModels/KayKit - Adventurers/Animations/General/Interact.anim,animation,CC0,high,https://github.com/KayKit-Game-Assets/KayKit-Character-Pack-Adventures-1.0,rebuild,rebuilt natively in Roblox; nothing imported; Unity .anim YAML not portable; identical clip name ships in KayKit packs' 95-animation set (verified); re-import clip from originals GLB/FBX,bundled-license
ThirdPartyResources/3DModels/KayKit - Adventurers/Animations/General/Lie_Down.anim,animation,CC0,high,https://github.com/KayKit-Game-Assets/KayKit-Character-Pack-Adventures-1.0,rebuild,rebuilt natively in Roblox; nothing imported; Unity .anim YAML not portable; identical clip name ships in KayKit packs' 95-animation set (verified); re-import clip from originals GLB/FBX,bundled-license
ThirdPartyResources/3DModels/KayKit - Adventurers/Animations/General/Lie_Idle.anim,animation,CC0,high,https://github.com/KayKit-Game-Assets/KayKit-Character-Pack-Adventures-1.0,rebuild,rebuilt natively in Roblox; nothing imported; Unity .anim YAML not portable; identical clip name ships in KayKit packs' 95-animation set (verified); re-import clip from originals GLB/FBX,bundled-license
ThirdPartyResources/3DModels/KayKit - Adventurers/Animations/General/Lie_Pose.anim,animation,CC0,high,https://github.com/KayKit-Game-Assets/KayKit-Character-Pack-Adventures-1.0,rebuild,rebuilt natively in Roblox; nothing imported; Unity .anim YAML not portable; identical clip name ships in KayKit packs' 95-animation set (verified); re-import clip from originals GLB/FBX,bundled-license
ThirdPartyResources/3DModels/KayKit - Adventurers/Animations/General/Lie_StandUp.anim,animation,CC0,high,https://github.com/KayKit-Game-Assets/KayKit-Character-Pack-Adventures-1.0,rebuild,rebuilt natively in Roblox; nothing imported; Unity .anim YAML not portable; identical clip name ships in KayKit packs' 95-animation set (verified); re-import clip from originals GLB/FBX,bundled-license
ThirdPartyResources/3DModels/KayKit - Adventurers/Animations/General/PickUp.anim,animation,CC0,high,https://github.com/KayKit-Game-Assets/KayKit-Character-Pack-Adventures-1.0,rebuild,rebuilt natively in Roblox; nothing imported; Unity .anim YAML not portable; identical clip name ships in KayKit packs' 95-animation set (verified); re-import clip from originals GLB/FBX,bundled-license
ThirdPartyResources/3DModels/KayKit - Adventurers/Animations/General/Sit_Chair_Down.anim,animation,CC0,high,https://github.com/KayKit-Game-Assets/KayKit-Character-Pack-Adventures-1.0,rebuild,rebuilt natively in Roblox; nothing imported; Unity .anim YAML not portable; identical clip name ships in KayKit packs' 95-animation set (verified); re-import clip from originals GLB/FBX,bundled-license
ThirdPartyResources/3DModels/KayKit - Adventurers/Animations/General/Sit_Chair_Idle.anim,animation,CC0,high,https://github.com/KayKit-Game-Assets/KayKit-Character-Pack-Adventures-1.0,rebuild,rebuilt natively in Roblox; nothing imported; Unity .anim YAML not portable; identical clip name ships in KayKit packs' 95-animation set (verified); re-import clip from originals GLB/FBX,bundled-license
ThirdPartyResources/3DModels/KayKit - Adventurers/Animations/General/Sit_Chair_Pose.anim,animation,CC0,high,https://github.com/KayKit-Game-Assets/KayKit-Character-Pack-Adventures-1.0,rebuild,rebuilt natively in Roblox; nothing imported; Unity .anim YAML not portable; identical clip name ships in KayKit packs' 95-animation set (verified); re-import clip from originals GLB/FBX,bundled-license
ThirdPartyResources/3DModels/KayKit - Adventurers/Animations/General/Sit_Chair_StandUp.anim,animation,CC0,high,https://github.com/KayKit-Game-Assets/KayKit-Character-Pack-Adventures-1.0,rebuild,rebuilt natively in Roblox; nothing imported; Unity .anim YAML not portable; identical clip name ships in KayKit packs' 95-animation set (verified); re-import clip from originals GLB/FBX,bundled-license
ThirdPartyResources/3DModels/KayKit - Adventurers/Animations/General/Sit_Floor_Down.anim,animation,CC0,high,https://github.com/KayKit-Game-Assets/KayKit-Character-Pack-Adventures-1.0,rebuild,rebuilt natively in Roblox; nothing imported; Unity .anim YAML not portable; identical clip name ships in KayKit packs' 95-animation set (verified); re-import clip from originals GLB/FBX,bundled-license
ThirdPartyResources/3DModels/KayKit - Adventurers/Animations/General/Sit_Floor_Idle.anim,animation,CC0,high,https://github.com/KayKit-Game-Assets/KayKit-Character-Pack-Adventures-1.0,rebuild,rebuilt natively in Roblox; nothing imported; Unity .anim YAML not portable; identical clip name ships in KayKit packs' 95-animation set (verified); re-import clip from originals GLB/FBX,bundled-license
ThirdPartyResources/3DModels/KayKit - Adventurers/Animations/General/Sit_Floor_Pose.anim,animation,CC0,high,https://github.com/KayKit-Game-Assets/KayKit-Character-Pack-Adventures-1.0,rebuild,rebuilt natively in Roblox; nothing imported; Unity .anim YAML not portable; identical clip name ships in KayKit packs' 95-animation set (verified); re-import clip from originals GLB/FBX,bundled-license
ThirdPartyResources/3DModels/KayKit - Adventurers/Animations/General/Sit_Floor_StandUp.anim,animation,CC0,high,https://github.com/KayKit-Game-Assets/KayKit-Character-Pack-Adventures-1.0,rebuild,rebuilt natively in Roblox; nothing imported; Unity .anim YAML not portable; identical clip name ships in KayKit packs' 95-animation set (verified); re-import clip from originals GLB/FBX,bundled-license
ThirdPartyResources/3DModels/KayKit - Adventurers/Animations/General/Spawn_Air.anim,animation,CC0,high,https://github.com/KayKit-Game-Assets/KayKit-Character-Pack-Adventures-1.0,rebuild,rebuilt natively in Roblox; nothing imported; Unity .anim YAML not portable; identical clip name ships in KayKit packs' 95-animation set (verified); re-import clip from originals GLB/FBX,bundled-license
ThirdPartyResources/3DModels/KayKit - Adventurers/Animations/General/Spawn_Ground.anim,animation,CC0,high,https://github.com/KayKit-Game-Assets/KayKit-Character-Pack-Adventures-1.0,rebuild,rebuilt natively in Roblox; nothing imported; Unity .anim YAML not portable; identical clip name ships in KayKit packs' 95-animation set (verified); re-import clip from originals GLB/FBX,bundled-license
ThirdPartyResources/3DModels/KayKit - Adventurers/Animations/General/T-Pose.anim,animation,CC0,high,https://github.com/KayKit-Game-Assets/KayKit-Character-Pack-Adventures-1.0,rebuild,rebuilt natively in Roblox; nothing imported; Unity .anim YAML not portable; identical clip name ships in KayKit packs' 95-animation set (verified); re-import clip from originals GLB/FBX,bundled-license
ThirdPartyResources/3DModels/KayKit - Adventurers/Animations/General/Throw.anim,animation,CC0,high,https://github.com/KayKit-Game-Assets/KayKit-Character-Pack-Adventures-1.0,rebuild,rebuilt natively in Roblox; nothing imported; Unity .anim YAML not portable; identical clip name ships in KayKit packs' 95-animation set (verified); re-import clip from originals GLB/FBX,bundled-license
ThirdPartyResources/3DModels/KayKit - Adventurers/Animations/General/Use_Item.anim,animation,CC0,high,https://github.com/KayKit-Game-Assets/KayKit-Character-Pack-Adventures-1.0,rebuild,rebuilt natively in Roblox; nothing imported; Unity .anim YAML not portable; identical clip name ships in KayKit packs' 95-animation set (verified); re-import clip from originals GLB/FBX,bundled-license
ThirdPartyResources/3DModels/KayKit - Adventurers/Animations/Movement/Dodge_Backward.anim,animation,CC0,high,https://github.com/KayKit-Game-Assets/KayKit-Character-Pack-Adventures-1.0,rebuild,rebuilt natively in Roblox; nothing imported; Unity .anim YAML not portable; identical clip name ships in KayKit packs' 95-animation set (verified); re-import clip from originals GLB/FBX,bundled-license
ThirdPartyResources/3DModels/KayKit - Adventurers/Animations/Movement/Dodge_Forward.anim,animation,CC0,high,https://github.com/KayKit-Game-Assets/KayKit-Character-Pack-Adventures-1.0,rebuild,rebuilt natively in Roblox; nothing imported; Unity .anim YAML not portable; identical clip name ships in KayKit packs' 95-animation set (verified); re-import clip from originals GLB/FBX,bundled-license
ThirdPartyResources/3DModels/KayKit - Adventurers/Animations/Movement/Dodge_Left.anim,animation,CC0,high,https://github.com/KayKit-Game-Assets/KayKit-Character-Pack-Adventures-1.0,rebuild,rebuilt natively in Roblox; nothing imported; Unity .anim YAML not portable; identical clip name ships in KayKit packs' 95-animation set (verified); re-import clip from originals GLB/FBX,bundled-license
ThirdPartyResources/3DModels/KayKit - Adventurers/Animations/Movement/Dodge_Right.anim,animation,CC0,high,https://github.com/KayKit-Game-Assets/KayKit-Character-Pack-Adventures-1.0,rebuild,rebuilt natively in Roblox; nothing imported; Unity .anim YAML not portable; identical clip name ships in KayKit packs' 95-animation set (verified); re-import clip from originals GLB/FBX,bundled-license
ThirdPartyResources/3DModels/KayKit - Adventurers/Animations/Movement/Jump_Full_Long.anim,animation,CC0,high,https://github.com/KayKit-Game-Assets/KayKit-Character-Pack-Adventures-1.0,rebuild,rebuilt natively in Roblox; nothing imported; Unity .anim YAML not portable; identical clip name ships in KayKit packs' 95-animation set (verified); re-import clip from originals GLB/FBX,bundled-license
ThirdPartyResources/3DModels/KayKit - Adventurers/Animations/Movement/Jump_Full_Short.anim,animation,CC0,high,https://github.com/KayKit-Game-Assets/KayKit-Character-Pack-Adventures-1.0,rebuild,rebuilt natively in Roblox; nothing imported; Unity .anim YAML not portable; identical clip name ships in KayKit packs' 95-animation set (verified); re-import clip from originals GLB/FBX,bundled-license
ThirdPartyResources/3DModels/KayKit - Adventurers/Animations/Movement/Jump_Idle.anim,animation,CC0,high,https://github.com/KayKit-Game-Assets/KayKit-Character-Pack-Adventures-1.0,rebuild,rebuilt natively in Roblox; nothing imported; Unity .anim YAML not portable; identical clip name ships in KayKit packs' 95-animation set (verified); re-import clip from originals GLB/FBX,bundled-license
ThirdPartyResources/3DModels/KayKit - Adventurers/Animations/Movement/Jump_Land.anim,animation,CC0,high,https://github.com/KayKit-Game-Assets/KayKit-Character-Pack-Adventures-1.0,rebuild,rebuilt natively in Roblox; nothing imported; Unity .anim YAML not portable; identical clip name ships in KayKit packs' 95-animation set (verified); re-import clip from originals GLB/FBX,bundled-license
ThirdPartyResources/3DModels/KayKit - Adventurers/Animations/Movement/Jump_Start.anim,animation,CC0,high,https://github.com/KayKit-Game-Assets/KayKit-Character-Pack-Adventures-1.0,rebuild,rebuilt natively in Roblox; nothing imported; Unity .anim YAML not portable; identical clip name ships in KayKit packs' 95-animation set (verified); re-import clip from originals GLB/FBX,bundled-license
ThirdPartyResources/3DModels/KayKit - Adventurers/Animations/Movement/Running_A.anim,animation,CC0,high,https://github.com/KayKit-Game-Assets/KayKit-Character-Pack-Adventures-1.0,rebuild,rebuilt natively in Roblox; nothing imported; Unity .anim YAML not portable; identical clip name ships in KayKit packs' 95-animation set (verified); re-import clip from originals GLB/FBX,bundled-license
ThirdPartyResources/3DModels/KayKit - Adventurers/Animations/Movement/Running_B.anim,animation,CC0,high,https://github.com/KayKit-Game-Assets/KayKit-Character-Pack-Adventures-1.0,rebuild,rebuilt natively in Roblox; nothing imported; Unity .anim YAML not portable; identical clip name ships in KayKit packs' 95-animation set (verified); re-import clip from originals GLB/FBX,bundled-license
ThirdPartyResources/3DModels/KayKit - Adventurers/Animations/Movement/Running_C.anim,animation,CC0,high,https://github.com/KayKit-Game-Assets/KayKit-Character-Pack-Adventures-1.0,rebuild,rebuilt natively in Roblox; nothing imported; Unity .anim YAML not portable; identical clip name ships in KayKit packs' 95-animation set (verified); re-import clip from originals GLB/FBX,bundled-license
ThirdPartyResources/3DModels/KayKit - Adventurers/Animations/Movement/Running_Strafe_Left.anim,animation,CC0,high,https://github.com/KayKit-Game-Assets/KayKit-Character-Pack-Adventures-1.0,rebuild,rebuilt natively in Roblox; nothing imported; Unity .anim YAML not portable; identical clip name ships in KayKit packs' 95-animation set (verified); re-import clip from originals GLB/FBX,bundled-license
ThirdPartyResources/3DModels/KayKit - Adventurers/Animations/Movement/Running_Strafe_Right.anim,animation,CC0,high,https://github.com/KayKit-Game-Assets/KayKit-Character-Pack-Adventures-1.0,rebuild,rebuilt natively in Roblox; nothing imported; Unity .anim YAML not portable; identical clip name ships in KayKit packs' 95-animation set (verified); re-import clip from originals GLB/FBX,bundled-license
ThirdPartyResources/3DModels/KayKit - Adventurers/Animations/Movement/Walking_A.anim,animation,CC0,high,https://github.com/KayKit-Game-Assets/KayKit-Character-Pack-Adventures-1.0,rebuild,rebuilt natively in Roblox; nothing imported; Unity .anim YAML not portable; identical clip name ships in KayKit packs' 95-animation set (verified); re-import clip from originals GLB/FBX,bundled-license
ThirdPartyResources/3DModels/KayKit - Adventurers/Animations/Movement/Walking_B.anim,animation,CC0,high,https://github.com/KayKit-Game-Assets/KayKit-Character-Pack-Adventures-1.0,rebuild,rebuilt natively in Roblox; nothing imported; Unity .anim YAML not portable; identical clip name ships in KayKit packs' 95-animation set (verified); re-import clip from originals GLB/FBX,bundled-license
ThirdPartyResources/3DModels/KayKit - Adventurers/Animations/Movement/Walking_Backwards.anim,animation,CC0,high,https://github.com/KayKit-Game-Assets/KayKit-Character-Pack-Adventures-1.0,rebuild,rebuilt natively in Roblox; nothing imported; Unity .anim YAML not portable; identical clip name ships in KayKit packs' 95-animation set (verified); re-import clip from originals GLB/FBX,bundled-license
ThirdPartyResources/3DModels/KayKit - Adventurers/Animations/Movement/Walking_C.anim,animation,CC0,high,https://github.com/KayKit-Game-Assets/KayKit-Character-Pack-Adventures-1.0,rebuild,rebuilt natively in Roblox; nothing imported; Unity .anim YAML not portable; identical clip name ships in KayKit packs' 95-animation set (verified); re-import clip from originals GLB/FBX,bundled-license
ThirdPartyResources/3DModels/KayKit - Adventurers/Animations/Movement/Walking_D_Skeletons.anim,animation,CC0,high,https://github.com/KayKit-Game-Assets/KayKit-Character-Pack-Adventures-1.0,rebuild,rebuilt natively in Roblox; nothing imported; Unity .anim YAML not portable; identical clip name ships in KayKit packs' 95-animation set (verified); re-import clip from originals GLB/FBX,bundled-license
ThirdPartyResources/3DModels/KayKit - Adventurers/Animations/Skeletons/Death_C_Skeletons.anim,animation,CC0,high,https://github.com/KayKit-Game-Assets/KayKit-Character-Pack-Adventures-1.0,rebuild,rebuilt natively in Roblox; nothing imported; Unity .anim YAML not portable; identical clip name ships in KayKit packs' 95-animation set (verified); re-import clip from originals GLB/FBX,bundled-license
ThirdPartyResources/3DModels/KayKit - Adventurers/Animations/Skeletons/Death_C_Skeletons_Resurrect.anim,animation,CC0,high,https://github.com/KayKit-Game-Assets/KayKit-Character-Pack-Adventures-1.0,rebuild,rebuilt natively in Roblox; nothing imported; Unity .anim YAML not portable; identical clip name ships in KayKit packs' 95-animation set (verified); re-import clip from originals GLB/FBX,bundled-license
ThirdPartyResources/3DModels/KayKit - Adventurers/Animations/Skeletons/Skeleton_Inactive_Standing_Pose.anim,animation,CC0,high,https://github.com/KayKit-Game-Assets/KayKit-Character-Pack-Adventures-1.0,rebuild,rebuilt natively in Roblox; nothing imported; Unity .anim YAML not portable; identical clip name ships in KayKit packs' 95-animation set (verified); re-import clip from originals GLB/FBX,bundled-license
ThirdPartyResources/3DModels/KayKit - Adventurers/Animations/Skeletons/Skeletons_Awaken_Floor.anim,animation,CC0,high,https://github.com/KayKit-Game-Assets/KayKit-Character-Pack-Adventures-1.0,rebuild,rebuilt natively in Roblox; nothing imported; Unity .anim YAML not portable; identical clip name ships in KayKit packs' 95-animation set (verified); re-import clip from originals GLB/FBX,bundled-license
ThirdPartyResources/3DModels/KayKit - Adventurers/Animations/Skeletons/Skeletons_Awaken_Floor_Long.anim,animation,CC0,high,https://github.com/KayKit-Game-Assets/KayKit-Character-Pack-Adventures-1.0,rebuild,rebuilt natively in Roblox; nothing imported; Unity .anim YAML not portable; identical clip name ships in KayKit packs' 95-animation set (verified); re-import clip from originals GLB/FBX,bundled-license
ThirdPartyResources/3DModels/KayKit - Adventurers/Animations/Skeletons/Skeletons_Awaken_Standing.anim,animation,CC0,high,https://github.com/KayKit-Game-Assets/KayKit-Character-Pack-Adventures-1.0,rebuild,rebuilt natively in Roblox; nothing imported; Unity .anim YAML not portable; identical clip name ships in KayKit packs' 95-animation set (verified); re-import clip from originals GLB/FBX,bundled-license
ThirdPartyResources/3DModels/KayKit - Adventurers/Animations/Skeletons/Skeletons_Inactive_Floor_Pose.anim,animation,CC0,high,https://github.com/KayKit-Game-Assets/KayKit-Character-Pack-Adventures-1.0,rebuild,rebuilt natively in Roblox; nothing imported; Unity .anim YAML not portable; identical clip name ships in KayKit packs' 95-animation set (verified); re-import clip from originals GLB/FBX,bundled-license
ThirdPartyResources/3DModels/KayKit - Adventurers/Animations/Skeletons/Spawn_Ground_Skeletons.anim,animation,CC0,high,https://github.com/KayKit-Game-Assets/KayKit-Character-Pack-Adventures-1.0,rebuild,rebuilt natively in Roblox; nothing imported; Unity .anim YAML not portable; identical clip name ships in KayKit packs' 95-animation set (verified); re-import clip from originals GLB/FBX,bundled-license
ThirdPartyResources/3DModels/KayKit - Adventurers/Avatar/CharacterAvatar.asset,other,CC0,high,https://github.com/KayKit-Game-Assets/KayKit-Character-Pack-Adventures-1.0,rebuild,rebuilt natively in Roblox; nothing imported; Unity asset wrapper around KayKit CC0 content (canonical content re-downloaded via Path A),bundled-license
ThirdPartyResources/3DModels/KayKit - Adventurers/Avatar/KayMask.mask,other,CC0,high,https://github.com/KayKit-Game-Assets/KayKit-Character-Pack-Adventures-1.0,rebuild,rebuilt natively in Roblox; nothing imported; Unity mask wrapper around KayKit CC0 content (canonical content re-downloaded via Path A),bundled-license
ThirdPartyResources/3DModels/KayKit - Adventurers/Avatar/RogueTopMask.mask,other,CC0,high,https://github.com/KayKit-Game-Assets/KayKit-Character-Pack-Adventures-1.0,rebuild,rebuilt natively in Roblox; nothing imported; Unity mask wrapper around KayKit CC0 content (canonical content re-downloaded via Path A),bundled-license
ThirdPartyResources/3DModels/KayKit - Adventurers/Avatar/TopMaskHumanoid.mask,other,CC0,high,https://github.com/KayKit-Game-Assets/KayKit-Character-Pack-Adventures-1.0,rebuild,rebuilt natively in Roblox; nothing imported; Unity mask wrapper around KayKit CC0 content (canonical content re-downloaded via Path A),bundled-license
ThirdPartyResources/3DModels/KayKit - Adventurers/License.txt,other,CC0,high,https://github.com/KayKit-Game-Assets/KayKit-Character-Pack-Adventures-1.0,A,pack license file; archived at legal/licenses/KayKit-Adventurers-bundled-in-template-CC0.txt,verified
ThirdPartyResources/3DModels/KayKit - Adventurers/Materials/URP/barbarian_texture.mat,other,CC0,high,https://github.com/KayKit-Game-Assets/KayKit-Character-Pack-Adventures-1.0,rebuild,rebuilt natively in Roblox; nothing imported; Unity mat wrapper around KayKit CC0 content (canonical content re-downloaded via Path A),bundled-license
ThirdPartyResources/3DModels/KayKit - Adventurers/Materials/URP/druid_texture.mat,other,CC0,high,https://github.com/KayKit-Game-Assets/KayKit-Character-Pack-Adventures-1.0,rebuild,rebuilt natively in Roblox; nothing imported; Unity mat wrapper around KayKit CC0 content (canonical content re-downloaded via Path A),bundled-license
ThirdPartyResources/3DModels/KayKit - Adventurers/Materials/URP/engineer_texture.mat,other,CC0,high,https://github.com/KayKit-Game-Assets/KayKit-Character-Pack-Adventures-1.0,rebuild,rebuilt natively in Roblox; nothing imported; Unity mat wrapper around KayKit CC0 content (canonical content re-downloaded via Path A),bundled-license
ThirdPartyResources/3DModels/KayKit - Adventurers/Materials/URP/knight_texture.mat,other,CC0,high,https://github.com/KayKit-Game-Assets/KayKit-Character-Pack-Adventures-1.0,rebuild,rebuilt natively in Roblox; nothing imported; Unity mat wrapper around KayKit CC0 content (canonical content re-downloaded via Path A),bundled-license
ThirdPartyResources/3DModels/KayKit - Adventurers/Materials/URP/mage_texture.mat,other,CC0,high,https://github.com/KayKit-Game-Assets/KayKit-Character-Pack-Adventures-1.0,rebuild,rebuilt natively in Roblox; nothing imported; Unity mat wrapper around KayKit CC0 content (canonical content re-downloaded via Path A),bundled-license
ThirdPartyResources/3DModels/KayKit - Adventurers/Materials/URP/rogue_texture.mat,other,CC0,high,https://github.com/KayKit-Game-Assets/KayKit-Character-Pack-Adventures-1.0,rebuild,rebuilt natively in Roblox; nothing imported; Unity mat wrapper around KayKit CC0 content (canonical content re-downloaded via Path A),bundled-license
ThirdPartyResources/3DModels/KayKit - Adventurers/Materials/barbarian_texture.mat,other,CC0,high,https://github.com/KayKit-Game-Assets/KayKit-Character-Pack-Adventures-1.0,rebuild,rebuilt natively in Roblox; nothing imported; Unity mat wrapper around KayKit CC0 content (canonical content re-downloaded via Path A),bundled-license
ThirdPartyResources/3DModels/KayKit - Adventurers/Materials/druid_texture.mat,other,CC0,high,https://github.com/KayKit-Game-Assets/KayKit-Character-Pack-Adventures-1.0,rebuild,rebuilt natively in Roblox; nothing imported; Unity mat wrapper around KayKit CC0 content (canonical content re-downloaded via Path A),bundled-license
ThirdPartyResources/3DModels/KayKit - Adventurers/Materials/engineer_texture.mat,other,CC0,high,https://github.com/KayKit-Game-Assets/KayKit-Character-Pack-Adventures-1.0,rebuild,rebuilt natively in Roblox; nothing imported; Unity mat wrapper around KayKit CC0 content (canonical content re-downloaded via Path A),bundled-license
ThirdPartyResources/3DModels/KayKit - Adventurers/Materials/knight_texture.mat,other,CC0,high,https://github.com/KayKit-Game-Assets/KayKit-Character-Pack-Adventures-1.0,rebuild,rebuilt natively in Roblox; nothing imported; Unity mat wrapper around KayKit CC0 content (canonical content re-downloaded via Path A),bundled-license
ThirdPartyResources/3DModels/KayKit - Adventurers/Materials/mage_texture.mat,other,CC0,high,https://github.com/KayKit-Game-Assets/KayKit-Character-Pack-Adventures-1.0,rebuild,rebuilt natively in Roblox; nothing imported; Unity mat wrapper around KayKit CC0 content (canonical content re-downloaded via Path A),bundled-license
ThirdPartyResources/3DModels/KayKit - Adventurers/Materials/rogue_texture.mat,other,CC0,high,https://github.com/KayKit-Game-Assets/KayKit-Character-Pack-Adventures-1.0,rebuild,rebuilt natively in Roblox; nothing imported; Unity mat wrapper around KayKit CC0 content (canonical content re-downloaded via Path A),bundled-license
ThirdPartyResources/3DModels/KayKit - Adventurers/Models/Accessories/ammo_crate.fbx,mesh,CC0,high,https://github.com/KayKit-Game-Assets/KayKit-Character-Pack-Adventures-1.0,B,"KayKit EXTRA/newer-tier accessory not in free GitHub 1.0 repo; bundled License.txt covers pack; use template copy or buy EXTRA tier. mesh <=20k tri, single UV, watertight; identical MeshId+TextureId for instancing",bundled-license
ThirdPartyResources/3DModels/KayKit - Adventurers/Models/Accessories/ammo_crate_withLid.fbx,mesh,CC0,high,https://github.com/KayKit-Game-Assets/KayKit-Character-Pack-Adventures-1.0,B,"KayKit EXTRA/newer-tier accessory not in free GitHub 1.0 repo; bundled License.txt covers pack; use template copy or buy EXTRA tier. mesh <=20k tri, single UV, watertight; identical MeshId+TextureId for instancing",bundled-license
ThirdPartyResources/3DModels/KayKit - Adventurers/Models/Accessories/arrow.fbx,mesh,CC0,high,https://github.com/KayKit-Game-Assets/KayKit-Character-Pack-Adventures-1.0,A,"byte-identical (sha256) to KayKit Adventures repo original; use extraction/originals/kaykit-adventurers copy. mesh <=20k tri, single UV, watertight; identical MeshId+TextureId for instancing",verified
ThirdPartyResources/3DModels/KayKit - Adventurers/Models/Accessories/arrow_bundle.fbx,mesh,CC0,high,https://github.com/KayKit-Game-Assets/KayKit-Character-Pack-Adventures-1.0,A,"byte-identical (sha256) to KayKit Adventures repo original; use extraction/originals/kaykit-adventurers copy. mesh <=20k tri, single UV, watertight; identical MeshId+TextureId for instancing",verified
ThirdPartyResources/3DModels/KayKit - Adventurers/Models/Accessories/axe_1handed.fbx,mesh,CC0,high,https://github.com/KayKit-Game-Assets/KayKit-Character-Pack-Adventures-1.0,A,"byte-identical (sha256) to KayKit Adventures repo original; use extraction/originals/kaykit-adventurers copy. mesh <=20k tri, single UV, watertight; identical MeshId+TextureId for instancing",verified
ThirdPartyResources/3DModels/KayKit - Adventurers/Models/Accessories/axe_2handed.fbx,mesh,CC0,high,https://github.com/KayKit-Game-Assets/KayKit-Character-Pack-Adventures-1.0,A,"byte-identical (sha256) to KayKit Adventures repo original; use extraction/originals/kaykit-adventurers copy. mesh <=20k tri, single UV, watertight; identical MeshId+TextureId for instancing",verified
ThirdPartyResources/3DModels/KayKit - Adventurers/Models/Accessories/crossbow_1handed.fbx,mesh,CC0,high,https://github.com/KayKit-Game-Assets/KayKit-Character-Pack-Adventures-1.0,A,"byte-identical (sha256) to KayKit Adventures repo original; use extraction/originals/kaykit-adventurers copy. mesh <=20k tri, single UV, watertight; identical MeshId+TextureId for instancing",verified
ThirdPartyResources/3DModels/KayKit - Adventurers/Models/Accessories/crossbow_2handed.fbx,mesh,CC0,high,https://github.com/KayKit-Game-Assets/KayKit-Character-Pack-Adventures-1.0,A,"byte-identical (sha256) to KayKit Adventures repo original; use extraction/originals/kaykit-adventurers copy. mesh <=20k tri, single UV, watertight; identical MeshId+TextureId for instancing",verified
ThirdPartyResources/3DModels/KayKit - Adventurers/Models/Accessories/dagger.fbx,mesh,CC0,high,https://github.com/KayKit-Game-Assets/KayKit-Character-Pack-Adventures-1.0,A,"byte-identical (sha256) to KayKit Adventures repo original; use extraction/originals/kaykit-adventurers copy. mesh <=20k tri, single UV, watertight; identical MeshId+TextureId for instancing",verified
ThirdPartyResources/3DModels/KayKit - Adventurers/Models/Accessories/druid_staff.fbx,mesh,CC0,high,https://github.com/KayKit-Game-Assets/KayKit-Character-Pack-Adventures-1.0,B,"KayKit EXTRA/newer-tier accessory not in free GitHub 1.0 repo; bundled License.txt covers pack; use template copy or buy EXTRA tier. mesh <=20k tri, single UV, watertight; identical MeshId+TextureId for instancing",bundled-license
ThirdPartyResources/3DModels/KayKit - Adventurers/Models/Accessories/engineer_Wrench.fbx,mesh,CC0,high,https://github.com/KayKit-Game-Assets/KayKit-Character-Pack-Adventures-1.0,B,"KayKit EXTRA/newer-tier accessory not in free GitHub 1.0 repo; bundled License.txt covers pack; use template copy or buy EXTRA tier. mesh <=20k tri, single UV, watertight; identical MeshId+TextureId for instancing",bundled-license
ThirdPartyResources/3DModels/KayKit - Adventurers/Models/Accessories/mug_empty.fbx,mesh,CC0,high,https://github.com/KayKit-Game-Assets/KayKit-Character-Pack-Adventures-1.0,A,"byte-identical (sha256) to KayKit Adventures repo original; use extraction/originals/kaykit-adventurers copy. mesh <=20k tri, single UV, watertight; identical MeshId+TextureId for instancing",verified
ThirdPartyResources/3DModels/KayKit - Adventurers/Models/Accessories/mug_full.fbx,mesh,CC0,high,https://github.com/KayKit-Game-Assets/KayKit-Character-Pack-Adventures-1.0,A,"byte-identical (sha256) to KayKit Adventures repo original; use extraction/originals/kaykit-adventurers copy. mesh <=20k tri, single UV, watertight; identical MeshId+TextureId for instancing",verified
ThirdPartyResources/3DModels/KayKit - Adventurers/Models/Accessories/potion_huge_blue.fbx,mesh,CC0,high,https://github.com/KayKit-Game-Assets/KayKit-Character-Pack-Adventures-1.0,B,"KayKit EXTRA/newer-tier accessory not in free GitHub 1.0 repo; bundled License.txt covers pack; use template copy or buy EXTRA tier. mesh <=20k tri, single UV, watertight; identical MeshId+TextureId for instancing",bundled-license
ThirdPartyResources/3DModels/KayKit - Adventurers/Models/Accessories/potion_huge_green.fbx,mesh,CC0,high,https://github.com/KayKit-Game-Assets/KayKit-Character-Pack-Adventures-1.0,B,"KayKit EXTRA/newer-tier accessory not in free GitHub 1.0 repo; bundled License.txt covers pack; use template copy or buy EXTRA tier. mesh <=20k tri, single UV, watertight; identical MeshId+TextureId for instancing",bundled-license
ThirdPartyResources/3DModels/KayKit - Adventurers/Models/Accessories/potion_huge_orange.fbx,mesh,CC0,high,https://github.com/KayKit-Game-Assets/KayKit-Character-Pack-Adventures-1.0,B,"KayKit EXTRA/newer-tier accessory not in free GitHub 1.0 repo; bundled License.txt covers pack; use template copy or buy EXTRA tier. mesh <=20k tri, single UV, watertight; identical MeshId+TextureId for instancing",bundled-license
ThirdPartyResources/3DModels/KayKit - Adventurers/Models/Accessories/potion_huge_red.fbx,mesh,CC0,high,https://github.com/KayKit-Game-Assets/KayKit-Character-Pack-Adventures-1.0,B,"KayKit EXTRA/newer-tier accessory not in free GitHub 1.0 repo; bundled License.txt covers pack; use template copy or buy EXTRA tier. mesh <=20k tri, single UV, watertight; identical MeshId+TextureId for instancing",bundled-license
ThirdPartyResources/3DModels/KayKit - Adventurers/Models/Accessories/potion_large_blue.fbx,mesh,CC0,high,https://github.com/KayKit-Game-Assets/KayKit-Character-Pack-Adventures-1.0,B,"KayKit EXTRA/newer-tier accessory not in free GitHub 1.0 repo; bundled License.txt covers pack; use template copy or buy EXTRA tier. mesh <=20k tri, single UV, watertight; identical MeshId+TextureId for instancing",bundled-license
ThirdPartyResources/3DModels/KayKit - Adventurers/Models/Accessories/potion_large_green.fbx,mesh,CC0,high,https://github.com/KayKit-Game-Assets/KayKit-Character-Pack-Adventures-1.0,B,"KayKit EXTRA/newer-tier accessory not in free GitHub 1.0 repo; bundled License.txt covers pack; use template copy or buy EXTRA tier. mesh <=20k tri, single UV, watertight; identical MeshId+TextureId for instancing",bundled-license
ThirdPartyResources/3DModels/KayKit - Adventurers/Models/Accessories/potion_large_orange.fbx,mesh,CC0,high,https://github.com/KayKit-Game-Assets/KayKit-Character-Pack-Adventures-1.0,B,"KayKit EXTRA/newer-tier accessory not in free GitHub 1.0 repo; bundled License.txt covers pack; use template copy or buy EXTRA tier. mesh <=20k tri, single UV, watertight; identical MeshId+TextureId for instancing",bundled-license
ThirdPartyResources/3DModels/KayKit - Adventurers/Models/Accessories/potion_large_red.fbx,mesh,CC0,high,https://github.com/KayKit-Game-Assets/KayKit-Character-Pack-Adventures-1.0,B,"KayKit EXTRA/newer-tier accessory not in free GitHub 1.0 repo; bundled License.txt covers pack; use template copy or buy EXTRA tier. mesh <=20k tri, single UV, watertight; identical MeshId+TextureId for instancing",bundled-license
ThirdPartyResources/3DModels/KayKit - Adventurers/Models/Accessories/potion_medium_blue.fbx,mesh,CC0,high,https://github.com/KayKit-Game-Assets/KayKit-Character-Pack-Adventures-1.0,B,"KayKit EXTRA/newer-tier accessory not in free GitHub 1.0 repo; bundled License.txt covers pack; use template copy or buy EXTRA tier. mesh <=20k tri, single UV, watertight; identical MeshId+TextureId for instancing",bundled-license
ThirdPartyResources/3DModels/KayKit - Adventurers/Models/Accessories/potion_medium_green.fbx,mesh,CC0,high,https://github.com/KayKit-Game-Assets/KayKit-Character-Pack-Adventures-1.0,B,"KayKit EXTRA/newer-tier accessory not in free GitHub 1.0 repo; bundled License.txt covers pack; use template copy or buy EXTRA tier. mesh <=20k tri, single UV, watertight; identical MeshId+TextureId for instancing",bundled-license
ThirdPartyResources/3DModels/KayKit - Adventurers/Models/Accessories/potion_medium_orange.fbx,mesh,CC0,high,https://github.com/KayKit-Game-Assets/KayKit-Character-Pack-Adventures-1.0,B,"KayKit EXTRA/newer-tier accessory not in free GitHub 1.0 repo; bundled License.txt covers pack; use template copy or buy EXTRA tier. mesh <=20k tri, single UV, watertight; identical MeshId+TextureId for instancing",bundled-license
ThirdPartyResources/3DModels/KayKit - Adventurers/Models/Accessories/potion_medium_red.fbx,mesh,CC0,high,https://github.com/KayKit-Game-Assets/KayKit-Character-Pack-Adventures-1.0,B,"KayKit EXTRA/newer-tier accessory not in free GitHub 1.0 repo; bundled License.txt covers pack; use template copy or buy EXTRA tier. mesh <=20k tri, single UV, watertight; identical MeshId+TextureId for instancing",bundled-license
ThirdPartyResources/3DModels/KayKit - Adventurers/Models/Accessories/potion_small_blue.fbx,mesh,CC0,high,https://github.com/KayKit-Game-Assets/KayKit-Character-Pack-Adventures-1.0,B,"KayKit EXTRA/newer-tier accessory not in free GitHub 1.0 repo; bundled License.txt covers pack; use template copy or buy EXTRA tier. mesh <=20k tri, single UV, watertight; identical MeshId+TextureId for instancing",bundled-license
ThirdPartyResources/3DModels/KayKit - Adventurers/Models/Accessories/potion_small_green.fbx,mesh,CC0,high,https://github.com/KayKit-Game-Assets/KayKit-Character-Pack-Adventures-1.0,B,"KayKit EXTRA/newer-tier accessory not in free GitHub 1.0 repo; bundled License.txt covers pack; use template copy or buy EXTRA tier. mesh <=20k tri, single UV, watertight; identical MeshId+TextureId for instancing",bundled-license
ThirdPartyResources/3DModels/KayKit - Adventurers/Models/Accessories/potion_small_orange.fbx,mesh,CC0,high,https://github.com/KayKit-Game-Assets/KayKit-Character-Pack-Adventures-1.0,B,"KayKit EXTRA/newer-tier accessory not in free GitHub 1.0 repo; bundled License.txt covers pack; use template copy or buy EXTRA tier. mesh <=20k tri, single UV, watertight; identical MeshId+TextureId for instancing",bundled-license
ThirdPartyResources/3DModels/KayKit - Adventurers/Models/Accessories/potion_small_red.fbx,mesh,CC0,high,https://github.com/KayKit-Game-Assets/KayKit-Character-Pack-Adventures-1.0,B,"KayKit EXTRA/newer-tier accessory not in free GitHub 1.0 repo; bundled License.txt covers pack; use template copy or buy EXTRA tier. mesh <=20k tri, single UV, watertight; identical MeshId+TextureId for instancing",bundled-license
ThirdPartyResources/3DModels/KayKit - Adventurers/Models/Accessories/quiver.fbx,mesh,CC0,high,https://github.com/KayKit-Game-Assets/KayKit-Character-Pack-Adventures-1.0,A,"byte-identical (sha256) to KayKit Adventures repo original; use extraction/originals/kaykit-adventurers copy. mesh <=20k tri, single UV, watertight; identical MeshId+TextureId for instancing",verified
ThirdPartyResources/3DModels/KayKit - Adventurers/Models/Accessories/shield_badge.fbx,mesh,CC0,high,https://github.com/KayKit-Game-Assets/KayKit-Character-Pack-Adventures-1.0,A,"byte-identical (sha256) to KayKit Adventures repo original; use extraction/originals/kaykit-adventurers copy. mesh <=20k tri, single UV, watertight; identical MeshId+TextureId for instancing",verified
ThirdPartyResources/3DModels/KayKit - Adventurers/Models/Accessories/shield_badge_color.fbx,mesh,CC0,high,https://github.com/KayKit-Game-Assets/KayKit-Character-Pack-Adventures-1.0,A,"byte-identical (sha256) to KayKit Adventures repo original; use extraction/originals/kaykit-adventurers copy. mesh <=20k tri, single UV, watertight; identical MeshId+TextureId for instancing",verified
ThirdPartyResources/3DModels/KayKit - Adventurers/Models/Accessories/shield_round.fbx,mesh,CC0,high,https://github.com/KayKit-Game-Assets/KayKit-Character-Pack-Adventures-1.0,A,"byte-identical (sha256) to KayKit Adventures repo original; use extraction/originals/kaykit-adventurers copy. mesh <=20k tri, single UV, watertight; identical MeshId+TextureId for instancing",verified
ThirdPartyResources/3DModels/KayKit - Adventurers/Models/Accessories/shield_round_barbarian.fbx,mesh,CC0,high,https://github.com/KayKit-Game-Assets/KayKit-Character-Pack-Adventures-1.0,A,"byte-identical (sha256) to KayKit Adventures repo original; use extraction/originals/kaykit-adventurers copy. mesh <=20k tri, single UV, watertight; identical MeshId+TextureId for instancing",verified
ThirdPartyResources/3DModels/KayKit - Adventurers/Models/Accessories/shield_round_color.fbx,mesh,CC0,high,https://github.com/KayKit-Game-Assets/KayKit-Character-Pack-Adventures-1.0,A,"byte-identical (sha256) to KayKit Adventures repo original; use extraction/originals/kaykit-adventurers copy. mesh <=20k tri, single UV, watertight; identical MeshId+TextureId for instancing",verified
ThirdPartyResources/3DModels/KayKit - Adventurers/Models/Accessories/shield_spikes.fbx,mesh,CC0,high,https://github.com/KayKit-Game-Assets/KayKit-Character-Pack-Adventures-1.0,A,"byte-identical (sha256) to KayKit Adventures repo original; use extraction/originals/kaykit-adventurers copy. mesh <=20k tri, single UV, watertight; identical MeshId+TextureId for instancing",verified
ThirdPartyResources/3DModels/KayKit - Adventurers/Models/Accessories/shield_spikes_color.fbx,mesh,CC0,high,https://github.com/KayKit-Game-Assets/KayKit-Character-Pack-Adventures-1.0,A,"byte-identical (sha256) to KayKit Adventures repo original; use extraction/originals/kaykit-adventurers copy. mesh <=20k tri, single UV, watertight; identical MeshId+TextureId for instancing",verified
ThirdPartyResources/3DModels/KayKit - Adventurers/Models/Accessories/shield_square.fbx,mesh,CC0,high,https://github.com/KayKit-Game-Assets/KayKit-Character-Pack-Adventures-1.0,A,"byte-identical (sha256) to KayKit Adventures repo original; use extraction/originals/kaykit-adventurers copy. mesh <=20k tri, single UV, watertight; identical MeshId+TextureId for instancing",verified
ThirdPartyResources/3DModels/KayKit - Adventurers/Models/Accessories/shield_square_color.fbx,mesh,CC0,high,https://github.com/KayKit-Game-Assets/KayKit-Character-Pack-Adventures-1.0,A,"byte-identical (sha256) to KayKit Adventures repo original; use extraction/originals/kaykit-adventurers copy. mesh <=20k tri, single UV, watertight; identical MeshId+TextureId for instancing",verified
ThirdPartyResources/3DModels/KayKit - Adventurers/Models/Accessories/shotgun.fbx,mesh,CC0,high,https://github.com/KayKit-Game-Assets/KayKit-Character-Pack-Adventures-1.0,B,"KayKit EXTRA/newer-tier accessory not in free GitHub 1.0 repo; bundled License.txt covers pack; use template copy or buy EXTRA tier. mesh <=20k tri, single UV, watertight; identical MeshId+TextureId for instancing",bundled-license
ThirdPartyResources/3DModels/KayKit - Adventurers/Models/Accessories/smokebomb.fbx,mesh,CC0,high,https://github.com/KayKit-Game-Assets/KayKit-Character-Pack-Adventures-1.0,A,"byte-identical (sha256) to KayKit Adventures repo original; use extraction/originals/kaykit-adventurers copy. mesh <=20k tri, single UV, watertight; identical MeshId+TextureId for instancing",verified
ThirdPartyResources/3DModels/KayKit - Adventurers/Models/Accessories/spellbook_closed.fbx,mesh,CC0,high,https://github.com/KayKit-Game-Assets/KayKit-Character-Pack-Adventures-1.0,A,"byte-identical (sha256) to KayKit Adventures repo original; use extraction/originals/kaykit-adventurers copy. mesh <=20k tri, single UV, watertight; identical MeshId+TextureId for instancing",verified
ThirdPartyResources/3DModels/KayKit - Adventurers/Models/Accessories/spellbook_open.fbx,mesh,CC0,high,https://github.com/KayKit-Game-Assets/KayKit-Character-Pack-Adventures-1.0,A,"byte-identical (sha256) to KayKit Adventures repo original; use extraction/originals/kaykit-adventurers copy. mesh <=20k tri, single UV, watertight; identical MeshId+TextureId for instancing",verified
ThirdPartyResources/3DModels/KayKit - Adventurers/Models/Accessories/staff.fbx,mesh,CC0,high,https://github.com/KayKit-Game-Assets/KayKit-Character-Pack-Adventures-1.0,A,"byte-identical (sha256) to KayKit Adventures repo original; use extraction/originals/kaykit-adventurers copy. mesh <=20k tri, single UV, watertight; identical MeshId+TextureId for instancing",verified
ThirdPartyResources/3DModels/KayKit - Adventurers/Models/Accessories/sword_1handed.fbx,mesh,CC0,high,https://github.com/KayKit-Game-Assets/KayKit-Character-Pack-Adventures-1.0,A,"byte-identical (sha256) to KayKit Adventures repo original; use extraction/originals/kaykit-adventurers copy. mesh <=20k tri, single UV, watertight; identical MeshId+TextureId for instancing",verified
ThirdPartyResources/3DModels/KayKit - Adventurers/Models/Accessories/sword_2handed.fbx,mesh,CC0,high,https://github.com/KayKit-Game-Assets/KayKit-Character-Pack-Adventures-1.0,A,"byte-identical (sha256) to KayKit Adventures repo original; use extraction/originals/kaykit-adventurers copy. mesh <=20k tri, single UV, watertight; identical MeshId+TextureId for instancing",verified
ThirdPartyResources/3DModels/KayKit - Adventurers/Models/Accessories/sword_2handed_color.fbx,mesh,CC0,high,https://github.com/KayKit-Game-Assets/KayKit-Character-Pack-Adventures-1.0,A,"byte-identical (sha256) to KayKit Adventures repo original; use extraction/originals/kaykit-adventurers copy. mesh <=20k tri, single UV, watertight; identical MeshId+TextureId for instancing",verified
ThirdPartyResources/3DModels/KayKit - Adventurers/Models/Accessories/wand.fbx,mesh,CC0,high,https://github.com/KayKit-Game-Assets/KayKit-Character-Pack-Adventures-1.0,A,"byte-identical (sha256) to KayKit Adventures repo original; use extraction/originals/kaykit-adventurers copy. mesh <=20k tri, single UV, watertight; identical MeshId+TextureId for instancing",verified
ThirdPartyResources/3DModels/KayKit - Adventurers/Models/Characters/barbarian.fbx,mesh,CC0,high,https://github.com/KayKit-Game-Assets/KayKit-Character-Pack-Adventures-1.0,A,"KayKit Adventures character; all 41 rig joints + mesh node names match repo GLB (verified); template FBX is animation-stripped re-export - use originals. rigged mesh: use Roblox Importer (not bulk), <=4 bone influences/vertex, frozen transforms",verified
ThirdPartyResources/3DModels/KayKit - Adventurers/Models/Characters/druid.fbx,mesh,CC0,high,https://github.com/KayKit-Game-Assets/KayKit-Character-Pack-Adventures-1.0,A,"KayKit Adventures character EXTRA-tier character (itch.io paid tier, still CC0); all 41 rig joints + mesh node names match repo GLB (verified); template FBX is animation-stripped re-export - use originals. rigged mesh: use Roblox Importer (not bulk), <=4 bone influences/vertex, frozen transforms",verified
ThirdPartyResources/3DModels/KayKit - Adventurers/Models/Characters/engineer.fbx,mesh,CC0,high,https://github.com/KayKit-Game-Assets/KayKit-Character-Pack-Adventures-1.0,A,"KayKit Adventures character EXTRA-tier character (itch.io paid tier, still CC0); all 41 rig joints + mesh node names match repo GLB (verified); template FBX is animation-stripped re-export - use originals. rigged mesh: use Roblox Importer (not bulk), <=4 bone influences/vertex, frozen transforms",verified
ThirdPartyResources/3DModels/KayKit - Adventurers/Models/Characters/knight.fbx,mesh,CC0,high,https://github.com/KayKit-Game-Assets/KayKit-Character-Pack-Adventures-1.0,A,"KayKit Adventures character; all 41 rig joints + mesh node names match repo GLB (verified); template FBX is animation-stripped re-export - use originals. rigged mesh: use Roblox Importer (not bulk), <=4 bone influences/vertex, frozen transforms",verified
ThirdPartyResources/3DModels/KayKit - Adventurers/Models/Characters/mage.fbx,mesh,CC0,high,https://github.com/KayKit-Game-Assets/KayKit-Character-Pack-Adventures-1.0,A,"KayKit Adventures character; all 41 rig joints + mesh node names match repo GLB (verified); template FBX is animation-stripped re-export - use originals. rigged mesh: use Roblox Importer (not bulk), <=4 bone influences/vertex, frozen transforms",verified
ThirdPartyResources/3DModels/KayKit - Adventurers/Models/Characters/rogue.fbx,mesh,CC0,high,https://github.com/KayKit-Game-Assets/KayKit-Character-Pack-Adventures-1.0,A,"KayKit Adventures character; all 41 rig joints + mesh node names match repo GLB (verified); template FBX is animation-stripped re-export - use originals. rigged mesh: use Roblox Importer (not bulk), <=4 bone influences/vertex, frozen transforms",verified
ThirdPartyResources/3DModels/KayKit - Adventurers/Models/Characters/rogue_hooded.fbx,mesh,CC0,high,https://github.com/KayKit-Game-Assets/KayKit-Character-Pack-Adventures-1.0,A,"KayKit Adventures character; all 41 rig joints + mesh node names match repo GLB (verified); template FBX is animation-stripped re-export - use originals. rigged mesh: use Roblox Importer (not bulk), <=4 bone influences/vertex, frozen transforms",verified
ThirdPartyResources/3DModels/KayKit - Adventurers/Prefabs/Accessories/ammo_crate.prefab,other,CC0,high,https://github.com/KayKit-Game-Assets/KayKit-Character-Pack-Adventures-1.0,rebuild,rebuilt natively in Roblox; nothing imported; Unity prefab wrapper around KayKit CC0 content (canonical content re-downloaded via Path A),bundled-license
ThirdPartyResources/3DModels/KayKit - Adventurers/Prefabs/Accessories/ammo_crate_withLid.prefab,other,CC0,high,https://github.com/KayKit-Game-Assets/KayKit-Character-Pack-Adventures-1.0,rebuild,rebuilt natively in Roblox; nothing imported; Unity prefab wrapper around KayKit CC0 content (canonical content re-downloaded via Path A),bundled-license
ThirdPartyResources/3DModels/KayKit - Adventurers/Prefabs/Accessories/arrow.prefab,other,CC0,high,https://github.com/KayKit-Game-Assets/KayKit-Character-Pack-Adventures-1.0,rebuild,rebuilt natively in Roblox; nothing imported; Unity prefab wrapper around KayKit CC0 content (canonical content re-downloaded via Path A),bundled-license
ThirdPartyResources/3DModels/KayKit - Adventurers/Prefabs/Accessories/arrow_bundle.prefab,other,CC0,high,https://github.com/KayKit-Game-Assets/KayKit-Character-Pack-Adventures-1.0,rebuild,rebuilt natively in Roblox; nothing imported; Unity prefab wrapper around KayKit CC0 content (canonical content re-downloaded via Path A),bundled-license
ThirdPartyResources/3DModels/KayKit - Adventurers/Prefabs/Accessories/axe_1handed.prefab,other,CC0,high,https://github.com/KayKit-Game-Assets/KayKit-Character-Pack-Adventures-1.0,rebuild,rebuilt natively in Roblox; nothing imported; Unity prefab wrapper around KayKit CC0 content (canonical content re-downloaded via Path A),bundled-license
ThirdPartyResources/3DModels/KayKit - Adventurers/Prefabs/Accessories/axe_2handed.prefab,other,CC0,high,https://github.com/KayKit-Game-Assets/KayKit-Character-Pack-Adventures-1.0,rebuild,rebuilt natively in Roblox; nothing imported; Unity prefab wrapper around KayKit CC0 content (canonical content re-downloaded via Path A),bundled-license
ThirdPartyResources/3DModels/KayKit - Adventurers/Prefabs/Accessories/crossbow_1handed.prefab,other,CC0,high,https://github.com/KayKit-Game-Assets/KayKit-Character-Pack-Adventures-1.0,rebuild,rebuilt natively in Roblox; nothing imported; Unity prefab wrapper around KayKit CC0 content (canonical content re-downloaded via Path A),bundled-license
ThirdPartyResources/3DModels/KayKit - Adventurers/Prefabs/Accessories/crossbow_2handed.prefab,other,CC0,high,https://github.com/KayKit-Game-Assets/KayKit-Character-Pack-Adventures-1.0,rebuild,rebuilt natively in Roblox; nothing imported; Unity prefab wrapper around KayKit CC0 content (canonical content re-downloaded via Path A),bundled-license
ThirdPartyResources/3DModels/KayKit - Adventurers/Prefabs/Accessories/dagger.prefab,other,CC0,high,https://github.com/KayKit-Game-Assets/KayKit-Character-Pack-Adventures-1.0,rebuild,rebuilt natively in Roblox; nothing imported; Unity prefab wrapper around KayKit CC0 content (canonical content re-downloaded via Path A),bundled-license
ThirdPartyResources/3DModels/KayKit - Adventurers/Prefabs/Accessories/druid_staff.prefab,other,CC0,high,https://github.com/KayKit-Game-Assets/KayKit-Character-Pack-Adventures-1.0,rebuild,rebuilt natively in Roblox; nothing imported; Unity prefab wrapper around KayKit CC0 content (canonical content re-downloaded via Path A),bundled-license
ThirdPartyResources/3DModels/KayKit - Adventurers/Prefabs/Accessories/engineer_Wrench.prefab,other,CC0,high,https://github.com/KayKit-Game-Assets/KayKit-Character-Pack-Adventures-1.0,rebuild,rebuilt natively in Roblox; nothing imported; Unity prefab wrapper around KayKit CC0 content (canonical content re-downloaded via Path A),bundled-license
ThirdPartyResources/3DModels/KayKit - Adventurers/Prefabs/Accessories/mug_empty.prefab,other,CC0,high,https://github.com/KayKit-Game-Assets/KayKit-Character-Pack-Adventures-1.0,rebuild,rebuilt natively in Roblox; nothing imported; Unity prefab wrapper around KayKit CC0 content (canonical content re-downloaded via Path A),bundled-license
ThirdPartyResources/3DModels/KayKit - Adventurers/Prefabs/Accessories/mug_full.prefab,other,CC0,high,https://github.com/KayKit-Game-Assets/KayKit-Character-Pack-Adventures-1.0,rebuild,rebuilt natively in Roblox; nothing imported; Unity prefab wrapper around KayKit CC0 content (canonical content re-downloaded via Path A),bundled-license
ThirdPartyResources/3DModels/KayKit - Adventurers/Prefabs/Accessories/potion_huge_blue.prefab,other,CC0,high,https://github.com/KayKit-Game-Assets/KayKit-Character-Pack-Adventures-1.0,rebuild,rebuilt natively in Roblox; nothing imported; Unity prefab wrapper around KayKit CC0 content (canonical content re-downloaded via Path A),bundled-license
ThirdPartyResources/3DModels/KayKit - Adventurers/Prefabs/Accessories/potion_huge_green.prefab,other,CC0,high,https://github.com/KayKit-Game-Assets/KayKit-Character-Pack-Adventures-1.0,rebuild,rebuilt natively in Roblox; nothing imported; Unity prefab wrapper around KayKit CC0 content (canonical content re-downloaded via Path A),bundled-license
ThirdPartyResources/3DModels/KayKit - Adventurers/Prefabs/Accessories/potion_huge_orange.prefab,other,CC0,high,https://github.com/KayKit-Game-Assets/KayKit-Character-Pack-Adventures-1.0,rebuild,rebuilt natively in Roblox; nothing imported; Unity prefab wrapper around KayKit CC0 content (canonical content re-downloaded via Path A),bundled-license
ThirdPartyResources/3DModels/KayKit - Adventurers/Prefabs/Accessories/potion_huge_red.prefab,other,CC0,high,https://github.com/KayKit-Game-Assets/KayKit-Character-Pack-Adventures-1.0,rebuild,rebuilt natively in Roblox; nothing imported; Unity prefab wrapper around KayKit CC0 content (canonical content re-downloaded via Path A),bundled-license
ThirdPartyResources/3DModels/KayKit - Adventurers/Prefabs/Accessories/potion_large_blue.prefab,other,CC0,high,https://github.com/KayKit-Game-Assets/KayKit-Character-Pack-Adventures-1.0,rebuild,rebuilt natively in Roblox; nothing imported; Unity prefab wrapper around KayKit CC0 content (canonical content re-downloaded via Path A),bundled-license
ThirdPartyResources/3DModels/KayKit - Adventurers/Prefabs/Accessories/potion_large_green.prefab,other,CC0,high,https://github.com/KayKit-Game-Assets/KayKit-Character-Pack-Adventures-1.0,rebuild,rebuilt natively in Roblox; nothing imported; Unity prefab wrapper around KayKit CC0 content (canonical content re-downloaded via Path A),bundled-license
ThirdPartyResources/3DModels/KayKit - Adventurers/Prefabs/Accessories/potion_large_orange.prefab,other,CC0,high,https://github.com/KayKit-Game-Assets/KayKit-Character-Pack-Adventures-1.0,rebuild,rebuilt natively in Roblox; nothing imported; Unity prefab wrapper around KayKit CC0 content (canonical content re-downloaded via Path A),bundled-license
ThirdPartyResources/3DModels/KayKit - Adventurers/Prefabs/Accessories/potion_large_red.prefab,other,CC0,high,https://github.com/KayKit-Game-Assets/KayKit-Character-Pack-Adventures-1.0,rebuild,rebuilt natively in Roblox; nothing imported; Unity prefab wrapper around KayKit CC0 content (canonical content re-downloaded via Path A),bundled-license
ThirdPartyResources/3DModels/KayKit - Adventurers/Prefabs/Accessories/potion_medium_blue.prefab,other,CC0,high,https://github.com/KayKit-Game-Assets/KayKit-Character-Pack-Adventures-1.0,rebuild,rebuilt natively in Roblox; nothing imported; Unity prefab wrapper around KayKit CC0 content (canonical content re-downloaded via Path A),bundled-license
ThirdPartyResources/3DModels/KayKit - Adventurers/Prefabs/Accessories/potion_medium_green.prefab,other,CC0,high,https://github.com/KayKit-Game-Assets/KayKit-Character-Pack-Adventures-1.0,rebuild,rebuilt natively in Roblox; nothing imported; Unity prefab wrapper around KayKit CC0 content (canonical content re-downloaded via Path A),bundled-license
ThirdPartyResources/3DModels/KayKit - Adventurers/Prefabs/Accessories/potion_medium_orange.prefab,other,CC0,high,https://github.com/KayKit-Game-Assets/KayKit-Character-Pack-Adventures-1.0,rebuild,rebuilt natively in Roblox; nothing imported; Unity prefab wrapper around KayKit CC0 content (canonical content re-downloaded via Path A),bundled-license
ThirdPartyResources/3DModels/KayKit - Adventurers/Prefabs/Accessories/potion_medium_red.prefab,other,CC0,high,https://github.com/KayKit-Game-Assets/KayKit-Character-Pack-Adventures-1.0,rebuild,rebuilt natively in Roblox; nothing imported; Unity prefab wrapper around KayKit CC0 content (canonical content re-downloaded via Path A),bundled-license
ThirdPartyResources/3DModels/KayKit - Adventurers/Prefabs/Accessories/potion_small_blue.prefab,other,CC0,high,https://github.com/KayKit-Game-Assets/KayKit-Character-Pack-Adventures-1.0,rebuild,rebuilt natively in Roblox; nothing imported; Unity prefab wrapper around KayKit CC0 content (canonical content re-downloaded via Path A),bundled-license
ThirdPartyResources/3DModels/KayKit - Adventurers/Prefabs/Accessories/potion_small_green.prefab,other,CC0,high,https://github.com/KayKit-Game-Assets/KayKit-Character-Pack-Adventures-1.0,rebuild,rebuilt natively in Roblox; nothing imported; Unity prefab wrapper around KayKit CC0 content (canonical content re-downloaded via Path A),bundled-license
ThirdPartyResources/3DModels/KayKit - Adventurers/Prefabs/Accessories/potion_small_orange.prefab,other,CC0,high,https://github.com/KayKit-Game-Assets/KayKit-Character-Pack-Adventures-1.0,rebuild,rebuilt natively in Roblox; nothing imported; Unity prefab wrapper around KayKit CC0 content (canonical content re-downloaded via Path A),bundled-license
ThirdPartyResources/3DModels/KayKit - Adventurers/Prefabs/Accessories/potion_small_red.prefab,other,CC0,high,https://github.com/KayKit-Game-Assets/KayKit-Character-Pack-Adventures-1.0,rebuild,rebuilt natively in Roblox; nothing imported; Unity prefab wrapper around KayKit CC0 content (canonical content re-downloaded via Path A),bundled-license
ThirdPartyResources/3DModels/KayKit - Adventurers/Prefabs/Accessories/quiver.prefab,other,CC0,high,https://github.com/KayKit-Game-Assets/KayKit-Character-Pack-Adventures-1.0,rebuild,rebuilt natively in Roblox; nothing imported; Unity prefab wrapper around KayKit CC0 content (canonical content re-downloaded via Path A),bundled-license
ThirdPartyResources/3DModels/KayKit - Adventurers/Prefabs/Accessories/shield_badge.prefab,other,CC0,high,https://github.com/KayKit-Game-Assets/KayKit-Character-Pack-Adventures-1.0,rebuild,rebuilt natively in Roblox; nothing imported; Unity prefab wrapper around KayKit CC0 content (canonical content re-downloaded via Path A),bundled-license
ThirdPartyResources/3DModels/KayKit - Adventurers/Prefabs/Accessories/shield_badge_color.prefab,other,CC0,high,https://github.com/KayKit-Game-Assets/KayKit-Character-Pack-Adventures-1.0,rebuild,rebuilt natively in Roblox; nothing imported; Unity prefab wrapper around KayKit CC0 content (canonical content re-downloaded via Path A),bundled-license
ThirdPartyResources/3DModels/KayKit - Adventurers/Prefabs/Accessories/shield_round.prefab,other,CC0,high,https://github.com/KayKit-Game-Assets/KayKit-Character-Pack-Adventures-1.0,rebuild,rebuilt natively in Roblox; nothing imported; Unity prefab wrapper around KayKit CC0 content (canonical content re-downloaded via Path A),bundled-license
ThirdPartyResources/3DModels/KayKit - Adventurers/Prefabs/Accessories/shield_round_barbarian.prefab,other,CC0,high,https://github.com/KayKit-Game-Assets/KayKit-Character-Pack-Adventures-1.0,rebuild,rebuilt natively in Roblox; nothing imported; Unity prefab wrapper around KayKit CC0 content (canonical content re-downloaded via Path A),bundled-license
ThirdPartyResources/3DModels/KayKit - Adventurers/Prefabs/Accessories/shield_round_color.prefab,other,CC0,high,https://github.com/KayKit-Game-Assets/KayKit-Character-Pack-Adventures-1.0,rebuild,rebuilt natively in Roblox; nothing imported; Unity prefab wrapper around KayKit CC0 content (canonical content re-downloaded via Path A),bundled-license
ThirdPartyResources/3DModels/KayKit - Adventurers/Prefabs/Accessories/shield_spikes.prefab,other,CC0,high,https://github.com/KayKit-Game-Assets/KayKit-Character-Pack-Adventures-1.0,rebuild,rebuilt natively in Roblox; nothing imported; Unity prefab wrapper around KayKit CC0 content (canonical content re-downloaded via Path A),bundled-license
ThirdPartyResources/3DModels/KayKit - Adventurers/Prefabs/Accessories/shield_spikes_color.prefab,other,CC0,high,https://github.com/KayKit-Game-Assets/KayKit-Character-Pack-Adventures-1.0,rebuild,rebuilt natively in Roblox; nothing imported; Unity prefab wrapper around KayKit CC0 content (canonical content re-downloaded via Path A),bundled-license
ThirdPartyResources/3DModels/KayKit - Adventurers/Prefabs/Accessories/shield_square.prefab,other,CC0,high,https://github.com/KayKit-Game-Assets/KayKit-Character-Pack-Adventures-1.0,rebuild,rebuilt natively in Roblox; nothing imported; Unity prefab wrapper around KayKit CC0 content (canonical content re-downloaded via Path A),bundled-license
ThirdPartyResources/3DModels/KayKit - Adventurers/Prefabs/Accessories/shield_square_color.prefab,other,CC0,high,https://github.com/KayKit-Game-Assets/KayKit-Character-Pack-Adventures-1.0,rebuild,rebuilt natively in Roblox; nothing imported; Unity prefab wrapper around KayKit CC0 content (canonical content re-downloaded via Path A),bundled-license
ThirdPartyResources/3DModels/KayKit - Adventurers/Prefabs/Accessories/shotgun.prefab,other,CC0,high,https://github.com/KayKit-Game-Assets/KayKit-Character-Pack-Adventures-1.0,rebuild,rebuilt natively in Roblox; nothing imported; Unity prefab wrapper around KayKit CC0 content (canonical content re-downloaded via Path A),bundled-license
ThirdPartyResources/3DModels/KayKit - Adventurers/Prefabs/Accessories/smokebomb.prefab,other,CC0,high,https://github.com/KayKit-Game-Assets/KayKit-Character-Pack-Adventures-1.0,rebuild,rebuilt natively in Roblox; nothing imported; Unity prefab wrapper around KayKit CC0 content (canonical content re-downloaded via Path A),bundled-license
ThirdPartyResources/3DModels/KayKit - Adventurers/Prefabs/Accessories/spellbook_closed.prefab,other,CC0,high,https://github.com/KayKit-Game-Assets/KayKit-Character-Pack-Adventures-1.0,rebuild,rebuilt natively in Roblox; nothing imported; Unity prefab wrapper around KayKit CC0 content (canonical content re-downloaded via Path A),bundled-license
ThirdPartyResources/3DModels/KayKit - Adventurers/Prefabs/Accessories/spellbook_open.prefab,other,CC0,high,https://github.com/KayKit-Game-Assets/KayKit-Character-Pack-Adventures-1.0,rebuild,rebuilt natively in Roblox; nothing imported; Unity prefab wrapper around KayKit CC0 content (canonical content re-downloaded via Path A),bundled-license
ThirdPartyResources/3DModels/KayKit - Adventurers/Prefabs/Accessories/staff.prefab,other,CC0,high,https://github.com/KayKit-Game-Assets/KayKit-Character-Pack-Adventures-1.0,rebuild,rebuilt natively in Roblox; nothing imported; Unity prefab wrapper around KayKit CC0 content (canonical content re-downloaded via Path A),bundled-license
ThirdPartyResources/3DModels/KayKit - Adventurers/Prefabs/Accessories/sword_1handed.prefab,other,CC0,high,https://github.com/KayKit-Game-Assets/KayKit-Character-Pack-Adventures-1.0,rebuild,rebuilt natively in Roblox; nothing imported; Unity prefab wrapper around KayKit CC0 content (canonical content re-downloaded via Path A),bundled-license
ThirdPartyResources/3DModels/KayKit - Adventurers/Prefabs/Accessories/sword_2handed.prefab,other,CC0,high,https://github.com/KayKit-Game-Assets/KayKit-Character-Pack-Adventures-1.0,rebuild,rebuilt natively in Roblox; nothing imported; Unity prefab wrapper around KayKit CC0 content (canonical content re-downloaded via Path A),bundled-license
ThirdPartyResources/3DModels/KayKit - Adventurers/Prefabs/Accessories/sword_2handed_color.prefab,other,CC0,high,https://github.com/KayKit-Game-Assets/KayKit-Character-Pack-Adventures-1.0,rebuild,rebuilt natively in Roblox; nothing imported; Unity prefab wrapper around KayKit CC0 content (canonical content re-downloaded via Path A),bundled-license
ThirdPartyResources/3DModels/KayKit - Adventurers/Prefabs/Accessories/wand.prefab,other,CC0,high,https://github.com/KayKit-Game-Assets/KayKit-Character-Pack-Adventures-1.0,rebuild,rebuilt natively in Roblox; nothing imported; Unity prefab wrapper around KayKit CC0 content (canonical content re-downloaded via Path A),bundled-license
ThirdPartyResources/3DModels/KayKit - Adventurers/Prefabs/Characters/barbarian.prefab,other,CC0,high,https://github.com/KayKit-Game-Assets/KayKit-Character-Pack-Adventures-1.0,rebuild,rebuilt natively in Roblox; nothing imported; Unity prefab wrapper around KayKit CC0 content (canonical content re-downloaded via Path A),bundled-license
ThirdPartyResources/3DModels/KayKit - Adventurers/Prefabs/Characters/druid.prefab,other,CC0,high,https://github.com/KayKit-Game-Assets/KayKit-Character-Pack-Adventures-1.0,rebuild,rebuilt natively in Roblox; nothing imported; Unity prefab wrapper around KayKit CC0 content (canonical content re-downloaded via Path A),bundled-license
ThirdPartyResources/3DModels/KayKit - Adventurers/Prefabs/Characters/engineer.prefab,other,CC0,high,https://github.com/KayKit-Game-Assets/KayKit-Character-Pack-Adventures-1.0,rebuild,rebuilt natively in Roblox; nothing imported; Unity prefab wrapper around KayKit CC0 content (canonical content re-downloaded via Path A),bundled-license
ThirdPartyResources/3DModels/KayKit - Adventurers/Prefabs/Characters/knight.prefab,other,CC0,high,https://github.com/KayKit-Game-Assets/KayKit-Character-Pack-Adventures-1.0,rebuild,rebuilt natively in Roblox; nothing imported; Unity prefab wrapper around KayKit CC0 content (canonical content re-downloaded via Path A),bundled-license
ThirdPartyResources/3DModels/KayKit - Adventurers/Prefabs/Characters/mage.prefab,other,CC0,high,https://github.com/KayKit-Game-Assets/KayKit-Character-Pack-Adventures-1.0,rebuild,rebuilt natively in Roblox; nothing imported; Unity prefab wrapper around KayKit CC0 content (canonical content re-downloaded via Path A),bundled-license
ThirdPartyResources/3DModels/KayKit - Adventurers/Prefabs/Characters/rogue.prefab,other,CC0,high,https://github.com/KayKit-Game-Assets/KayKit-Character-Pack-Adventures-1.0,rebuild,rebuilt natively in Roblox; nothing imported; Unity prefab wrapper around KayKit CC0 content (canonical content re-downloaded via Path A),bundled-license
ThirdPartyResources/3DModels/KayKit - Adventurers/Prefabs/Characters/rogue_hooded.prefab,other,CC0,high,https://github.com/KayKit-Game-Assets/KayKit-Character-Pack-Adventures-1.0,rebuild,rebuilt natively in Roblox; nothing imported; Unity prefab wrapper around KayKit CC0 content (canonical content re-downloaded via Path A),bundled-license
ThirdPartyResources/3DModels/KayKit - Adventurers/Textures/Barbarian/barbarian_texture 1.png,texture,CC0,high,https://github.com/KayKit-Game-Assets/KayKit-Character-Pack-Adventures-1.0,B,KayKit pack texture variant. texture <=1024px (Roblox downscales larger); OpenGL-normal convention if normal maps,bundled-license
ThirdPartyResources/3DModels/KayKit - Adventurers/Textures/Barbarian/barbarian_texture.png,texture,CC0,high,https://github.com/KayKit-Game-Assets/KayKit-Character-Pack-Adventures-1.0,A,byte-identical (sha256) to KayKit repo gradient atlas. texture <=1024px (Roblox downscales larger); OpenGL-normal convention if normal maps,verified
ThirdPartyResources/3DModels/KayKit - Adventurers/Textures/Barbarian/barbarian_texture_alt_A.png,texture,CC0,high,https://github.com/KayKit-Game-Assets/KayKit-Character-Pack-Adventures-1.0,B,KayKit EXTRA-tier texture variant (not in free repo); bundled License.txt covers pack. texture <=1024px (Roblox downscales larger); OpenGL-normal convention if normal maps,bundled-license
ThirdPartyResources/3DModels/KayKit - Adventurers/Textures/Barbarian/barbarian_texture_alt_B.png,texture,CC0,high,https://github.com/KayKit-Game-Assets/KayKit-Character-Pack-Adventures-1.0,B,KayKit EXTRA-tier texture variant (not in free repo); bundled License.txt covers pack. texture <=1024px (Roblox downscales larger); OpenGL-normal convention if normal maps,bundled-license
ThirdPartyResources/3DModels/KayKit - Adventurers/Textures/Barbarian/barbarian_texture_alt_C.png,texture,CC0,high,https://github.com/KayKit-Game-Assets/KayKit-Character-Pack-Adventures-1.0,B,KayKit EXTRA-tier texture variant (not in free repo); bundled License.txt covers pack. texture <=1024px (Roblox downscales larger); OpenGL-normal convention if normal maps,bundled-license
ThirdPartyResources/3DModels/KayKit - Adventurers/Textures/Druid/druid_texture.png,texture,CC0,high,https://github.com/KayKit-Game-Assets/KayKit-Character-Pack-Adventures-1.0,B,KayKit EXTRA-tier texture variant (not in free repo); bundled License.txt covers pack. texture <=1024px (Roblox downscales larger); OpenGL-normal convention if normal maps,bundled-license
ThirdPartyResources/3DModels/KayKit - Adventurers/Textures/Druid/druid_texture_alt_A.png,texture,CC0,high,https://github.com/KayKit-Game-Assets/KayKit-Character-Pack-Adventures-1.0,B,KayKit EXTRA-tier texture variant (not in free repo); bundled License.txt covers pack. texture <=1024px (Roblox downscales larger); OpenGL-normal convention if normal maps,bundled-license
ThirdPartyResources/3DModels/KayKit - Adventurers/Textures/Druid/druid_texture_alt_B.png,texture,CC0,high,https://github.com/KayKit-Game-Assets/KayKit-Character-Pack-Adventures-1.0,B,KayKit EXTRA-tier texture variant (not in free repo); bundled License.txt covers pack. texture <=1024px (Roblox downscales larger); OpenGL-normal convention if normal maps,bundled-license
ThirdPartyResources/3DModels/KayKit - Adventurers/Textures/Druid/druid_texture_alt_C.png,texture,CC0,high,https://github.com/KayKit-Game-Assets/KayKit-Character-Pack-Adventures-1.0,B,KayKit EXTRA-tier texture variant (not in free repo); bundled License.txt covers pack. texture <=1024px (Roblox downscales larger); OpenGL-normal convention if normal maps,bundled-license
ThirdPartyResources/3DModels/KayKit - Adventurers/Textures/Engineer/engineer_texture.png,texture,CC0,high,https://github.com/KayKit-Game-Assets/KayKit-Character-Pack-Adventures-1.0,B,KayKit EXTRA-tier texture variant (not in free repo); bundled License.txt covers pack. texture <=1024px (Roblox downscales larger); OpenGL-normal convention if normal maps,bundled-license
ThirdPartyResources/3DModels/KayKit - Adventurers/Textures/Engineer/engineer_texture_alt_A.png,texture,CC0,high,https://github.com/KayKit-Game-Assets/KayKit-Character-Pack-Adventures-1.0,B,KayKit EXTRA-tier texture variant (not in free repo); bundled License.txt covers pack. texture <=1024px (Roblox downscales larger); OpenGL-normal convention if normal maps,bundled-license
ThirdPartyResources/3DModels/KayKit - Adventurers/Textures/Engineer/engineer_texture_alt_B.png,texture,CC0,high,https://github.com/KayKit-Game-Assets/KayKit-Character-Pack-Adventures-1.0,B,KayKit EXTRA-tier texture variant (not in free repo); bundled License.txt covers pack. texture <=1024px (Roblox downscales larger); OpenGL-normal convention if normal maps,bundled-license
ThirdPartyResources/3DModels/KayKit - Adventurers/Textures/Engineer/engineer_texture_alt_C.png,texture,CC0,high,https://github.com/KayKit-Game-Assets/KayKit-Character-Pack-Adventures-1.0,B,KayKit EXTRA-tier texture variant (not in free repo); bundled License.txt covers pack. texture <=1024px (Roblox downscales larger); OpenGL-normal convention if normal maps,bundled-license
ThirdPartyResources/3DModels/KayKit - Adventurers/Textures/Knight/knight_texture.png,texture,CC0,high,https://github.com/KayKit-Game-Assets/KayKit-Character-Pack-Adventures-1.0,A,byte-identical (sha256) to KayKit repo gradient atlas. texture <=1024px (Roblox downscales larger); OpenGL-normal convention if normal maps,verified
ThirdPartyResources/3DModels/KayKit - Adventurers/Textures/Knight/knight_texture_alt_A.png,texture,CC0,high,https://github.com/KayKit-Game-Assets/KayKit-Character-Pack-Adventures-1.0,B,KayKit EXTRA-tier texture variant (not in free repo); bundled License.txt covers pack. texture <=1024px (Roblox downscales larger); OpenGL-normal convention if normal maps,bundled-license
ThirdPartyResources/3DModels/KayKit - Adventurers/Textures/Knight/knight_texture_alt_B.png,texture,CC0,high,https://github.com/KayKit-Game-Assets/KayKit-Character-Pack-Adventures-1.0,B,KayKit EXTRA-tier texture variant (not in free repo); bundled License.txt covers pack. texture <=1024px (Roblox downscales larger); OpenGL-normal convention if normal maps,bundled-license
ThirdPartyResources/3DModels/KayKit - Adventurers/Textures/Knight/knight_texture_alt_C.png,texture,CC0,high,https://github.com/KayKit-Game-Assets/KayKit-Character-Pack-Adventures-1.0,B,KayKit EXTRA-tier texture variant (not in free repo); bundled License.txt covers pack. texture <=1024px (Roblox downscales larger); OpenGL-normal convention if normal maps,bundled-license
ThirdPartyResources/3DModels/KayKit - Adventurers/Textures/Mage/mage_texture.png,texture,CC0,high,https://github.com/KayKit-Game-Assets/KayKit-Character-Pack-Adventures-1.0,A,byte-identical (sha256) to KayKit repo gradient atlas. texture <=1024px (Roblox downscales larger); OpenGL-normal convention if normal maps,verified
ThirdPartyResources/3DModels/KayKit - Adventurers/Textures/Mage/mage_texture_alt_A.png,texture,CC0,high,https://github.com/KayKit-Game-Assets/KayKit-Character-Pack-Adventures-1.0,B,KayKit EXTRA-tier texture variant (not in free repo); bundled License.txt covers pack. texture <=1024px (Roblox downscales larger); OpenGL-normal convention if normal maps,bundled-license
ThirdPartyResources/3DModels/KayKit - Adventurers/Textures/Mage/mage_texture_alt_B.png,texture,CC0,high,https://github.com/KayKit-Game-Assets/KayKit-Character-Pack-Adventures-1.0,B,KayKit EXTRA-tier texture variant (not in free repo); bundled License.txt covers pack. texture <=1024px (Roblox downscales larger); OpenGL-normal convention if normal maps,bundled-license
ThirdPartyResources/3DModels/KayKit - Adventurers/Textures/Mage/mage_texture_alt_C.png,texture,CC0,high,https://github.com/KayKit-Game-Assets/KayKit-Character-Pack-Adventures-1.0,B,KayKit EXTRA-tier texture variant (not in free repo); bundled License.txt covers pack. texture <=1024px (Roblox downscales larger); OpenGL-normal convention if normal maps,bundled-license
ThirdPartyResources/3DModels/KayKit - Adventurers/Textures/Rogue/Materials/rogue_texture_alt_A.mat,other,CC0,high,https://github.com/KayKit-Game-Assets/KayKit-Character-Pack-Adventures-1.0,rebuild,rebuilt natively in Roblox; nothing imported; Unity mat wrapper around KayKit CC0 content (canonical content re-downloaded via Path A),bundled-license
ThirdPartyResources/3DModels/KayKit - Adventurers/Textures/Rogue/Materials/rogue_texture_alt_B.mat,other,CC0,high,https://github.com/KayKit-Game-Assets/KayKit-Character-Pack-Adventures-1.0,rebuild,rebuilt natively in Roblox; nothing imported; Unity mat wrapper around KayKit CC0 content (canonical content re-downloaded via Path A),bundled-license
ThirdPartyResources/3DModels/KayKit - Adventurers/Textures/Rogue/rogue_texture 1.png,texture,CC0,high,https://github.com/KayKit-Game-Assets/KayKit-Character-Pack-Adventures-1.0,B,KayKit pack texture variant. texture <=1024px (Roblox downscales larger); OpenGL-normal convention if normal maps,bundled-license
ThirdPartyResources/3DModels/KayKit - Adventurers/Textures/Rogue/rogue_texture.png,texture,CC0,high,https://github.com/KayKit-Game-Assets/KayKit-Character-Pack-Adventures-1.0,A,byte-identical (sha256) to KayKit repo gradient atlas. texture <=1024px (Roblox downscales larger); OpenGL-normal convention if normal maps,verified
ThirdPartyResources/3DModels/KayKit - Adventurers/Textures/Rogue/rogue_texture_alt_A.png,texture,CC0,high,https://github.com/KayKit-Game-Assets/KayKit-Character-Pack-Adventures-1.0,B,KayKit EXTRA-tier texture variant (not in free repo); bundled License.txt covers pack. texture <=1024px (Roblox downscales larger); OpenGL-normal convention if normal maps,bundled-license
ThirdPartyResources/3DModels/KayKit - Adventurers/Textures/Rogue/rogue_texture_alt_B.png,texture,CC0,high,https://github.com/KayKit-Game-Assets/KayKit-Character-Pack-Adventures-1.0,B,KayKit EXTRA-tier texture variant (not in free repo); bundled License.txt covers pack. texture <=1024px (Roblox downscales larger); OpenGL-normal convention if normal maps,bundled-license
ThirdPartyResources/3DModels/KayKit - Adventurers/Textures/Rogue/rogue_texture_alt_C.png,texture,CC0,high,https://github.com/KayKit-Game-Assets/KayKit-Character-Pack-Adventures-1.0,B,KayKit EXTRA-tier texture variant (not in free repo); bundled License.txt covers pack. texture <=1024px (Roblox downscales larger); OpenGL-normal convention if normal maps,bundled-license
ThirdPartyResources/3DModels/MiniArena/License.txt,other,CC0,high,https://kenney.nl/assets/mini-arena,A,pack license file; archived at legal/licenses/Kenney-MiniArena-bundled-in-template-CC0.txt,verified
ThirdPartyResources/3DModels/MiniArena/Materials/colormap 1.mat,other,CC0,high,https://kenney.nl/assets/mini-arena,rebuild,rebuilt natively in Roblox; nothing imported; Unity mat wrapper around Kenney CC0 content,bundled-license
ThirdPartyResources/3DModels/MiniArena/Materials/colormap 2.mat,other,CC0,high,https://kenney.nl/assets/mini-arena,rebuild,rebuilt natively in Roblox; nothing imported; Unity mat wrapper around Kenney CC0 content,bundled-license
ThirdPartyResources/3DModels/MiniArena/Materials/colormap.mat,other,CC0,high,https://kenney.nl/assets/mini-arena,rebuild,rebuilt natively in Roblox; nothing imported; Unity mat wrapper around Kenney CC0 content,bundled-license
ThirdPartyResources/3DModels/MiniArena/Models/banner.fbx,mesh,CC0,high,https://kenney.nl/assets/mini-arena,A,"Kenney Mini Arena (v1.1 bundled; re-downloaded zip from kenney.nl, CC0). mesh <=20k tri, single UV, watertight; identical MeshId+TextureId for instancing",verified
ThirdPartyResources/3DModels/MiniArena/Models/block.fbx,mesh,CC0,high,https://kenney.nl/assets/mini-arena,A,"Kenney Mini Arena (v1.1 bundled; re-downloaded zip from kenney.nl, CC0). mesh <=20k tri, single UV, watertight; identical MeshId+TextureId for instancing",verified
ThirdPartyResources/3DModels/MiniArena/Models/border-corner.fbx,mesh,CC0,high,https://kenney.nl/assets/mini-arena,A,"Kenney Mini Arena (v1.1 bundled; re-downloaded zip from kenney.nl, CC0). mesh <=20k tri, single UV, watertight; identical MeshId+TextureId for instancing",verified
ThirdPartyResources/3DModels/MiniArena/Models/border-straight.fbx,mesh,CC0,high,https://kenney.nl/assets/mini-arena,A,"Kenney Mini Arena (v1.1 bundled; re-downloaded zip from kenney.nl, CC0). mesh <=20k tri, single UV, watertight; identical MeshId+TextureId for instancing",verified
ThirdPartyResources/3DModels/MiniArena/Models/bricks.fbx,mesh,CC0,high,https://kenney.nl/assets/mini-arena,A,"Kenney Mini Arena (v1.1 bundled; re-downloaded zip from kenney.nl, CC0). mesh <=20k tri, single UV, watertight; identical MeshId+TextureId for instancing",verified
ThirdPartyResources/3DModels/MiniArena/Models/character-soldier.fbx,mesh,CC0,high,https://kenney.nl/assets/mini-arena,A,"Kenney Mini Arena (v1.1 bundled; re-downloaded zip from kenney.nl, CC0). rigged mesh: use Roblox Importer (not bulk), <=4 bone influences/vertex, frozen transforms",verified
ThirdPartyResources/3DModels/MiniArena/Models/column-damaged.fbx,mesh,CC0,high,https://kenney.nl/assets/mini-arena,A,"Kenney Mini Arena (v1.1 bundled; re-downloaded zip from kenney.nl, CC0). mesh <=20k tri, single UV, watertight; identical MeshId+TextureId for instancing",verified
ThirdPartyResources/3DModels/MiniArena/Models/column.fbx,mesh,CC0,high,https://kenney.nl/assets/mini-arena,A,"Kenney Mini Arena (v1.1 bundled; re-downloaded zip from kenney.nl, CC0). mesh <=20k tri, single UV, watertight; identical MeshId+TextureId for instancing",verified
ThirdPartyResources/3DModels/MiniArena/Models/floor-detail.fbx,mesh,CC0,high,https://kenney.nl/assets/mini-arena,A,"Kenney Mini Arena (v1.1 bundled; re-downloaded zip from kenney.nl, CC0). mesh <=20k tri, single UV, watertight; identical MeshId+TextureId for instancing",verified
ThirdPartyResources/3DModels/MiniArena/Models/floor.fbx,mesh,CC0,high,https://kenney.nl/assets/mini-arena,A,"Kenney Mini Arena (v1.1 bundled; re-downloaded zip from kenney.nl, CC0). mesh <=20k tri, single UV, watertight; identical MeshId+TextureId for instancing",verified
ThirdPartyResources/3DModels/MiniArena/Models/stairs-corner-inner.fbx,mesh,CC0,high,https://kenney.nl/assets/mini-arena,A,"Kenney Mini Arena (v1.1 bundled; re-downloaded zip from kenney.nl, CC0). mesh <=20k tri, single UV, watertight; identical MeshId+TextureId for instancing",verified
ThirdPartyResources/3DModels/MiniArena/Models/stairs-corner.fbx,mesh,CC0,high,https://kenney.nl/assets/mini-arena,A,"Kenney Mini Arena (v1.1 bundled; re-downloaded zip from kenney.nl, CC0). mesh <=20k tri, single UV, watertight; identical MeshId+TextureId for instancing",verified
ThirdPartyResources/3DModels/MiniArena/Models/stairs.fbx,mesh,CC0,high,https://kenney.nl/assets/mini-arena,A,"Kenney Mini Arena (v1.1 bundled; re-downloaded zip from kenney.nl, CC0). mesh <=20k tri, single UV, watertight; identical MeshId+TextureId for instancing",verified
ThirdPartyResources/3DModels/MiniArena/Models/statue.fbx,mesh,CC0,high,https://kenney.nl/assets/mini-arena,A,"Kenney Mini Arena (v1.1 bundled; re-downloaded zip from kenney.nl, CC0). mesh <=20k tri, single UV, watertight; identical MeshId+TextureId for instancing",verified
ThirdPartyResources/3DModels/MiniArena/Models/tree.fbx,mesh,CC0,high,https://kenney.nl/assets/mini-arena,A,"Kenney Mini Arena (v1.1 bundled; re-downloaded zip from kenney.nl, CC0). mesh <=20k tri, single UV, watertight; identical MeshId+TextureId for instancing",verified
ThirdPartyResources/3DModels/MiniArena/Models/trophy.fbx,mesh,CC0,high,https://kenney.nl/assets/mini-arena,A,"Kenney Mini Arena (v1.1 bundled; re-downloaded zip from kenney.nl, CC0). mesh <=20k tri, single UV, watertight; identical MeshId+TextureId for instancing",verified
ThirdPartyResources/3DModels/MiniArena/Models/wall-corner.fbx,mesh,CC0,high,https://kenney.nl/assets/mini-arena,A,"Kenney Mini Arena (v1.1 bundled; re-downloaded zip from kenney.nl, CC0). mesh <=20k tri, single UV, watertight; identical MeshId+TextureId for instancing",verified
ThirdPartyResources/3DModels/MiniArena/Models/wall-gate.fbx,mesh,CC0,high,https://kenney.nl/assets/mini-arena,A,"Kenney Mini Arena (v1.1 bundled; re-downloaded zip from kenney.nl, CC0). mesh <=20k tri, single UV, watertight; identical MeshId+TextureId for instancing",verified
ThirdPartyResources/3DModels/MiniArena/Models/wall.fbx,mesh,CC0,high,https://kenney.nl/assets/mini-arena,A,"Kenney Mini Arena (v1.1 bundled; re-downloaded zip from kenney.nl, CC0). mesh <=20k tri, single UV, watertight; identical MeshId+TextureId for instancing",verified
ThirdPartyResources/3DModels/MiniArena/Models/weapon-rack.fbx,mesh,CC0,high,https://kenney.nl/assets/mini-arena,A,"Kenney Mini Arena (v1.1 bundled; re-downloaded zip from kenney.nl, CC0). mesh <=20k tri, single UV, watertight; identical MeshId+TextureId for instancing",verified
ThirdPartyResources/3DModels/MiniArena/Models/weapon-spear.fbx,mesh,CC0,high,https://kenney.nl/assets/mini-arena,A,"Kenney Mini Arena (v1.1 bundled; re-downloaded zip from kenney.nl, CC0). mesh <=20k tri, single UV, watertight; identical MeshId+TextureId for instancing",verified
ThirdPartyResources/3DModels/MiniArena/Models/weapon-sword.fbx,mesh,CC0,high,https://kenney.nl/assets/mini-arena,A,"Kenney Mini Arena (v1.1 bundled; re-downloaded zip from kenney.nl, CC0). mesh <=20k tri, single UV, watertight; identical MeshId+TextureId for instancing",verified
ThirdPartyResources/3DModels/MiniArena/Prefabs/banner.prefab,other,CC0,high,https://kenney.nl/assets/mini-arena,rebuild,rebuilt natively in Roblox; nothing imported; Unity prefab wrapper around Kenney CC0 content,bundled-license
ThirdPartyResources/3DModels/MiniArena/Prefabs/block.prefab,other,CC0,high,https://kenney.nl/assets/mini-arena,rebuild,rebuilt natively in Roblox; nothing imported; Unity prefab wrapper around Kenney CC0 content,bundled-license
ThirdPartyResources/3DModels/MiniArena/Prefabs/border-corner.prefab,other,CC0,high,https://kenney.nl/assets/mini-arena,rebuild,rebuilt natively in Roblox; nothing imported; Unity prefab wrapper around Kenney CC0 content,bundled-license
ThirdPartyResources/3DModels/MiniArena/Prefabs/border-straight.prefab,other,CC0,high,https://kenney.nl/assets/mini-arena,rebuild,rebuilt natively in Roblox; nothing imported; Unity prefab wrapper around Kenney CC0 content,bundled-license
ThirdPartyResources/3DModels/MiniArena/Prefabs/bricks.prefab,other,CC0,high,https://kenney.nl/assets/mini-arena,rebuild,rebuilt natively in Roblox; nothing imported; Unity prefab wrapper around Kenney CC0 content,bundled-license
ThirdPartyResources/3DModels/MiniArena/Prefabs/character-soldier.prefab,other,CC0,high,https://kenney.nl/assets/mini-arena,rebuild,rebuilt natively in Roblox; nothing imported; Unity prefab wrapper around Kenney CC0 content,bundled-license
ThirdPartyResources/3DModels/MiniArena/Prefabs/column-damaged.prefab,other,CC0,high,https://kenney.nl/assets/mini-arena,rebuild,rebuilt natively in Roblox; nothing imported; Unity prefab wrapper around Kenney CC0 content,bundled-license
ThirdPartyResources/3DModels/MiniArena/Prefabs/column.prefab,other,CC0,high,https://kenney.nl/assets/mini-arena,rebuild,rebuilt natively in Roblox; nothing imported; Unity prefab wrapper around Kenney CC0 content,bundled-license
ThirdPartyResources/3DModels/MiniArena/Prefabs/floor-detail.prefab,other,CC0,high,https://kenney.nl/assets/mini-arena,rebuild,rebuilt natively in Roblox; nothing imported; Unity prefab wrapper around Kenney CC0 content,bundled-license
ThirdPartyResources/3DModels/MiniArena/Prefabs/floor.prefab,other,CC0,high,https://kenney.nl/assets/mini-arena,rebuild,rebuilt natively in Roblox; nothing imported; Unity prefab wrapper around Kenney CC0 content,bundled-license
ThirdPartyResources/3DModels/MiniArena/Prefabs/stairs-corner-inner.prefab,other,CC0,high,https://kenney.nl/assets/mini-arena,rebuild,rebuilt natively in Roblox; nothing imported; Unity prefab wrapper around Kenney CC0 content,bundled-license
ThirdPartyResources/3DModels/MiniArena/Prefabs/stairs-corner.prefab,other,CC0,high,https://kenney.nl/assets/mini-arena,rebuild,rebuilt natively in Roblox; nothing imported; Unity prefab wrapper around Kenney CC0 content,bundled-license
ThirdPartyResources/3DModels/MiniArena/Prefabs/stairs.prefab,other,CC0,high,https://kenney.nl/assets/mini-arena,rebuild,rebuilt natively in Roblox; nothing imported; Unity prefab wrapper around Kenney CC0 content,bundled-license
ThirdPartyResources/3DModels/MiniArena/Prefabs/statue.prefab,other,CC0,high,https://kenney.nl/assets/mini-arena,rebuild,rebuilt natively in Roblox; nothing imported; Unity prefab wrapper around Kenney CC0 content,bundled-license
ThirdPartyResources/3DModels/MiniArena/Prefabs/tree.prefab,other,CC0,high,https://kenney.nl/assets/mini-arena,rebuild,rebuilt natively in Roblox; nothing imported; Unity prefab wrapper around Kenney CC0 content,bundled-license
ThirdPartyResources/3DModels/MiniArena/Prefabs/trophy.prefab,other,CC0,high,https://kenney.nl/assets/mini-arena,rebuild,rebuilt natively in Roblox; nothing imported; Unity prefab wrapper around Kenney CC0 content,bundled-license
ThirdPartyResources/3DModels/MiniArena/Prefabs/wall-corner.prefab,other,CC0,high,https://kenney.nl/assets/mini-arena,rebuild,rebuilt natively in Roblox; nothing imported; Unity prefab wrapper around Kenney CC0 content,bundled-license
ThirdPartyResources/3DModels/MiniArena/Prefabs/wall-gate.prefab,other,CC0,high,https://kenney.nl/assets/mini-arena,rebuild,rebuilt natively in Roblox; nothing imported; Unity prefab wrapper around Kenney CC0 content,bundled-license
ThirdPartyResources/3DModels/MiniArena/Prefabs/wall.prefab,other,CC0,high,https://kenney.nl/assets/mini-arena,rebuild,rebuilt natively in Roblox; nothing imported; Unity prefab wrapper around Kenney CC0 content,bundled-license
ThirdPartyResources/3DModels/MiniArena/Prefabs/weapon-rack.prefab,other,CC0,high,https://kenney.nl/assets/mini-arena,rebuild,rebuilt natively in Roblox; nothing imported; Unity prefab wrapper around Kenney CC0 content,bundled-license
ThirdPartyResources/3DModels/MiniArena/Prefabs/weapon-spear.prefab,other,CC0,high,https://kenney.nl/assets/mini-arena,rebuild,rebuilt natively in Roblox; nothing imported; Unity prefab wrapper around Kenney CC0 content,bundled-license
ThirdPartyResources/3DModels/MiniArena/Prefabs/weapon-sword.prefab,other,CC0,high,https://kenney.nl/assets/mini-arena,rebuild,rebuilt natively in Roblox; nothing imported; Unity prefab wrapper around Kenney CC0 content,bundled-license
ThirdPartyResources/3DModels/MiniArena/Textures/colormap.png,texture,CC0,high,https://kenney.nl/assets/mini-arena,A,"Kenney Mini Arena (v1.1 bundled; re-downloaded zip from kenney.nl, CC0). mesh <=20k tri, single UV, watertight; identical MeshId+TextureId for instancing",verified
ThirdPartyResources/3DModels/MiniDungeon/License.txt,other,CC0,high,https://kenney.nl/assets/mini-dungeon,A,pack license file; archived at legal/licenses/Kenney-MiniDungeon-bundled-in-template-CC0.txt,verified
ThirdPartyResources/3DModels/MiniDungeon/Materials/colormap 1.mat,other,CC0,high,https://kenney.nl/assets/mini-dungeon,rebuild,rebuilt natively in Roblox; nothing imported; Unity mat wrapper around Kenney CC0 content,bundled-license
ThirdPartyResources/3DModels/MiniDungeon/Materials/colormap.mat,other,CC0,high,https://kenney.nl/assets/mini-dungeon,rebuild,rebuilt natively in Roblox; nothing imported; Unity mat wrapper around Kenney CC0 content,bundled-license
ThirdPartyResources/3DModels/MiniDungeon/Models/banner.fbx,mesh,CC0,high,https://kenney.nl/assets/mini-dungeon,A,"Kenney Mini Dungeon (template bundles v1.5; re-downloaded v2.0 zip from kenney.nl, license CC0 both). mesh <=20k tri, single UV, watertight; identical MeshId+TextureId for instancing",verified
ThirdPartyResources/3DModels/MiniDungeon/Models/barrel.fbx,mesh,CC0,high,https://kenney.nl/assets/mini-dungeon,A,"Kenney Mini Dungeon (template bundles v1.5; re-downloaded v2.0 zip from kenney.nl, license CC0 both). mesh <=20k tri, single UV, watertight; identical MeshId+TextureId for instancing",verified
ThirdPartyResources/3DModels/MiniDungeon/Models/character-human.fbx,mesh,CC0,high,https://kenney.nl/assets/mini-dungeon,A,"Kenney Mini Dungeon (template bundles v1.5; re-downloaded v2.0 zip from kenney.nl, license CC0 both). rigged mesh: use Roblox Importer (not bulk), <=4 bone influences/vertex, frozen transforms",verified
ThirdPartyResources/3DModels/MiniDungeon/Models/character-orc.fbx,mesh,CC0,high,https://kenney.nl/assets/mini-dungeon,A,"Kenney Mini Dungeon (template bundles v1.5; re-downloaded v2.0 zip from kenney.nl, license CC0 both). rigged mesh: use Roblox Importer (not bulk), <=4 bone influences/vertex, frozen transforms",verified
ThirdPartyResources/3DModels/MiniDungeon/Models/chest.fbx,mesh,CC0,high,https://kenney.nl/assets/mini-dungeon,A,"Kenney Mini Dungeon (template bundles v1.5; re-downloaded v2.0 zip from kenney.nl, license CC0 both). mesh <=20k tri, single UV, watertight; identical MeshId+TextureId for instancing",verified
ThirdPartyResources/3DModels/MiniDungeon/Models/coin.fbx,mesh,CC0,high,https://kenney.nl/assets/mini-dungeon,A,"Kenney Mini Dungeon (template bundles v1.5; re-downloaded v2.0 zip from kenney.nl, license CC0 both). mesh <=20k tri, single UV, watertight; identical MeshId+TextureId for instancing",verified
ThirdPartyResources/3DModels/MiniDungeon/Models/column.fbx,mesh,CC0,high,https://kenney.nl/assets/mini-dungeon,A,"Kenney Mini Dungeon (template bundles v1.5; re-downloaded v2.0 zip from kenney.nl, license CC0 both). mesh <=20k tri, single UV, watertight; identical MeshId+TextureId for instancing",verified
ThirdPartyResources/3DModels/MiniDungeon/Models/dirt.fbx,mesh,CC0,high,https://kenney.nl/assets/mini-dungeon,A,"Kenney Mini Dungeon (template bundles v1.5; re-downloaded v2.0 zip from kenney.nl, license CC0 both). mesh <=20k tri, single UV, watertight; identical MeshId+TextureId for instancing",verified
ThirdPartyResources/3DModels/MiniDungeon/Models/floor-detail.fbx,mesh,CC0,high,https://kenney.nl/assets/mini-dungeon,A,"Kenney Mini Dungeon (template bundles v1.5; re-downloaded v2.0 zip from kenney.nl, license CC0 both). mesh <=20k tri, single UV, watertight; identical MeshId+TextureId for instancing",verified
ThirdPartyResources/3DModels/MiniDungeon/Models/floor.fbx,mesh,CC0,high,https://kenney.nl/assets/mini-dungeon,A,"Kenney Mini Dungeon (template bundles v1.5; re-downloaded v2.0 zip from kenney.nl, license CC0 both). mesh <=20k tri, single UV, watertight; identical MeshId+TextureId for instancing",verified
ThirdPartyResources/3DModels/MiniDungeon/Models/gate.fbx,mesh,CC0,high,https://kenney.nl/assets/mini-dungeon,A,"Kenney Mini Dungeon (template bundles v1.5; re-downloaded v2.0 zip from kenney.nl, license CC0 both). mesh <=20k tri, single UV, watertight; identical MeshId+TextureId for instancing",verified
ThirdPartyResources/3DModels/MiniDungeon/Models/rocks.fbx,mesh,CC0,high,https://kenney.nl/assets/mini-dungeon,A,"Kenney Mini Dungeon (template bundles v1.5; re-downloaded v2.0 zip from kenney.nl, license CC0 both). mesh <=20k tri, single UV, watertight; identical MeshId+TextureId for instancing",verified
ThirdPartyResources/3DModels/MiniDungeon/Models/stairs.fbx,mesh,CC0,high,https://kenney.nl/assets/mini-dungeon,A,"Kenney Mini Dungeon (template bundles v1.5; re-downloaded v2.0 zip from kenney.nl, license CC0 both). mesh <=20k tri, single UV, watertight; identical MeshId+TextureId for instancing",verified
ThirdPartyResources/3DModels/MiniDungeon/Models/stones.fbx,mesh,CC0,high,https://kenney.nl/assets/mini-dungeon,A,"Kenney Mini Dungeon (template bundles v1.5; re-downloaded v2.0 zip from kenney.nl, license CC0 both). mesh <=20k tri, single UV, watertight; identical MeshId+TextureId for instancing",verified
ThirdPartyResources/3DModels/MiniDungeon/Models/trap.fbx,mesh,CC0,high,https://kenney.nl/assets/mini-dungeon,A,"Kenney Mini Dungeon (template bundles v1.5; re-downloaded v2.0 zip from kenney.nl, license CC0 both). mesh <=20k tri, single UV, watertight; identical MeshId+TextureId for instancing",verified
ThirdPartyResources/3DModels/MiniDungeon/Models/wall-half.fbx,mesh,CC0,high,https://kenney.nl/assets/mini-dungeon,A,"Kenney Mini Dungeon (template bundles v1.5; re-downloaded v2.0 zip from kenney.nl, license CC0 both). mesh <=20k tri, single UV, watertight; identical MeshId+TextureId for instancing",verified
ThirdPartyResources/3DModels/MiniDungeon/Models/wall-narrow.fbx,mesh,CC0,high,https://kenney.nl/assets/mini-dungeon,A,"Kenney Mini Dungeon (template bundles v1.5; re-downloaded v2.0 zip from kenney.nl, license CC0 both). mesh <=20k tri, single UV, watertight; identical MeshId+TextureId for instancing",verified
ThirdPartyResources/3DModels/MiniDungeon/Models/wall-opening.fbx,mesh,CC0,high,https://kenney.nl/assets/mini-dungeon,A,"Kenney Mini Dungeon (template bundles v1.5; re-downloaded v2.0 zip from kenney.nl, license CC0 both). mesh <=20k tri, single UV, watertight; identical MeshId+TextureId for instancing",verified
ThirdPartyResources/3DModels/MiniDungeon/Models/wall.fbx,mesh,CC0,high,https://kenney.nl/assets/mini-dungeon,A,"Kenney Mini Dungeon (template bundles v1.5; re-downloaded v2.0 zip from kenney.nl, license CC0 both). mesh <=20k tri, single UV, watertight; identical MeshId+TextureId for instancing",verified
ThirdPartyResources/3DModels/MiniDungeon/Models/wood-structure.fbx,mesh,CC0,high,https://kenney.nl/assets/mini-dungeon,A,"Kenney Mini Dungeon (template bundles v1.5; re-downloaded v2.0 zip from kenney.nl, license CC0 both). mesh <=20k tri, single UV, watertight; identical MeshId+TextureId for instancing",verified
ThirdPartyResources/3DModels/MiniDungeon/Models/wood-support.fbx,mesh,CC0,high,https://kenney.nl/assets/mini-dungeon,A,"Kenney Mini Dungeon (template bundles v1.5; re-downloaded v2.0 zip from kenney.nl, license CC0 both). mesh <=20k tri, single UV, watertight; identical MeshId+TextureId for instancing",verified
ThirdPartyResources/3DModels/MiniDungeon/Prefabs/banner.prefab,other,CC0,high,https://kenney.nl/assets/mini-dungeon,rebuild,rebuilt natively in Roblox; nothing imported; Unity prefab wrapper around Kenney CC0 content,bundled-license
ThirdPartyResources/3DModels/MiniDungeon/Prefabs/barrel.prefab,other,CC0,high,https://kenney.nl/assets/mini-dungeon,rebuild,rebuilt natively in Roblox; nothing imported; Unity prefab wrapper around Kenney CC0 content,bundled-license
ThirdPartyResources/3DModels/MiniDungeon/Prefabs/character-human.prefab,other,CC0,high,https://kenney.nl/assets/mini-dungeon,rebuild,rebuilt natively in Roblox; nothing imported; Unity prefab wrapper around Kenney CC0 content,bundled-license
ThirdPartyResources/3DModels/MiniDungeon/Prefabs/character-orc.prefab,other,CC0,high,https://kenney.nl/assets/mini-dungeon,rebuild,rebuilt natively in Roblox; nothing imported; Unity prefab wrapper around Kenney CC0 content,bundled-license
ThirdPartyResources/3DModels/MiniDungeon/Prefabs/chest.prefab,other,CC0,high,https://kenney.nl/assets/mini-dungeon,rebuild,rebuilt natively in Roblox; nothing imported; Unity prefab wrapper around Kenney CC0 content,bundled-license
ThirdPartyResources/3DModels/MiniDungeon/Prefabs/coin.prefab,other,CC0,high,https://kenney.nl/assets/mini-dungeon,rebuild,rebuilt natively in Roblox; nothing imported; Unity prefab wrapper around Kenney CC0 content,bundled-license
ThirdPartyResources/3DModels/MiniDungeon/Prefabs/column.prefab,other,CC0,high,https://kenney.nl/assets/mini-dungeon,rebuild,rebuilt natively in Roblox; nothing imported; Unity prefab wrapper around Kenney CC0 content,bundled-license
ThirdPartyResources/3DModels/MiniDungeon/Prefabs/dirt.prefab,other,CC0,high,https://kenney.nl/assets/mini-dungeon,rebuild,rebuilt natively in Roblox; nothing imported; Unity prefab wrapper around Kenney CC0 content,bundled-license
ThirdPartyResources/3DModels/MiniDungeon/Prefabs/floor-detail.prefab,other,CC0,high,https://kenney.nl/assets/mini-dungeon,rebuild,rebuilt natively in Roblox; nothing imported; Unity prefab wrapper around Kenney CC0 content,bundled-license
ThirdPartyResources/3DModels/MiniDungeon/Prefabs/floor.prefab,other,CC0,high,https://kenney.nl/assets/mini-dungeon,rebuild,rebuilt natively in Roblox; nothing imported; Unity prefab wrapper around Kenney CC0 content,bundled-license
ThirdPartyResources/3DModels/MiniDungeon/Prefabs/gate.prefab,other,CC0,high,https://kenney.nl/assets/mini-dungeon,rebuild,rebuilt natively in Roblox; nothing imported; Unity prefab wrapper around Kenney CC0 content,bundled-license
ThirdPartyResources/3DModels/MiniDungeon/Prefabs/rocks.prefab,other,CC0,high,https://kenney.nl/assets/mini-dungeon,rebuild,rebuilt natively in Roblox; nothing imported; Unity prefab wrapper around Kenney CC0 content,bundled-license
ThirdPartyResources/3DModels/MiniDungeon/Prefabs/stairs.prefab,other,CC0,high,https://kenney.nl/assets/mini-dungeon,rebuild,rebuilt natively in Roblox; nothing imported; Unity prefab wrapper around Kenney CC0 content,bundled-license
ThirdPartyResources/3DModels/MiniDungeon/Prefabs/stones.prefab,other,CC0,high,https://kenney.nl/assets/mini-dungeon,rebuild,rebuilt natively in Roblox; nothing imported; Unity prefab wrapper around Kenney CC0 content,bundled-license
ThirdPartyResources/3DModels/MiniDungeon/Prefabs/trap.prefab,other,CC0,high,https://kenney.nl/assets/mini-dungeon,rebuild,rebuilt natively in Roblox; nothing imported; Unity prefab wrapper around Kenney CC0 content,bundled-license
ThirdPartyResources/3DModels/MiniDungeon/Prefabs/wall-half.prefab,other,CC0,high,https://kenney.nl/assets/mini-dungeon,rebuild,rebuilt natively in Roblox; nothing imported; Unity prefab wrapper around Kenney CC0 content,bundled-license
ThirdPartyResources/3DModels/MiniDungeon/Prefabs/wall-narrow.prefab,other,CC0,high,https://kenney.nl/assets/mini-dungeon,rebuild,rebuilt natively in Roblox; nothing imported; Unity prefab wrapper around Kenney CC0 content,bundled-license
ThirdPartyResources/3DModels/MiniDungeon/Prefabs/wall-opening.prefab,other,CC0,high,https://kenney.nl/assets/mini-dungeon,rebuild,rebuilt natively in Roblox; nothing imported; Unity prefab wrapper around Kenney CC0 content,bundled-license
ThirdPartyResources/3DModels/MiniDungeon/Prefabs/wall.prefab,other,CC0,high,https://kenney.nl/assets/mini-dungeon,rebuild,rebuilt natively in Roblox; nothing imported; Unity prefab wrapper around Kenney CC0 content,bundled-license
ThirdPartyResources/3DModels/MiniDungeon/Prefabs/wood-structure.prefab,other,CC0,high,https://kenney.nl/assets/mini-dungeon,rebuild,rebuilt natively in Roblox; nothing imported; Unity prefab wrapper around Kenney CC0 content,bundled-license
ThirdPartyResources/3DModels/MiniDungeon/Prefabs/wood-support.prefab,other,CC0,high,https://kenney.nl/assets/mini-dungeon,rebuild,rebuilt natively in Roblox; nothing imported; Unity prefab wrapper around Kenney CC0 content,bundled-license
ThirdPartyResources/3DModels/MiniDungeon/Textures/colormap.png,texture,CC0,high,https://kenney.nl/assets/mini-dungeon,A,"Kenney Mini Dungeon (template bundles v1.5; re-downloaded v2.0 zip from kenney.nl, license CC0 both). mesh <=20k tri, single UV, watertight; identical MeshId+TextureId for instancing",verified
ThirdPartyResources/3DModels/Misc/Coin/Materials/DarkYellow.mat,other,Unity-EULA,high,https://www.codester.com/items/55926/bullethell-elemental-template-unity,rebuild,rebuilt natively in Roblox; nothing imported,unverified
ThirdPartyResources/3DModels/Misc/Coin/Materials/Yellow.mat,other,Unity-EULA,high,https://www.codester.com/items/55926/bullethell-elemental-template-unity,rebuild,rebuilt natively in Roblox; nothing imported,unverified
ThirdPartyResources/3DModels/Misc/Coin/Model/Coin.fbx,mesh,CC0,low,https://www.codester.com/items/55926/bullethell-elemental-template-unity,B,"no public original located for Coin.fbx; publisher disclosure covers ThirdPartyResources 3D models as poly.pizza CC0; re-verify before upload. mesh <=20k tri, single UV, watertight; identical MeshId+TextureId for instancing",unverified
ThirdPartyResources/3DModels/Misc/Gear/Gear.fbx,mesh,CC0,low,https://www.codester.com/items/55926/bullethell-elemental-template-unity,B,"no public original located for Gear.fbx; publisher disclosure covers ThirdPartyResources 3D models as poly.pizza CC0; re-verify before upload. mesh <=20k tri, single UV, watertight; identical MeshId+TextureId for instancing",unverified
ThirdPartyResources/3DModels/Misc/Gear/Materials/Orange.mat,other,Unity-EULA,high,https://www.codester.com/items/55926/bullethell-elemental-template-unity,rebuild,rebuilt natively in Roblox; nothing imported,unverified
ThirdPartyResources/3DModels/Misc/Plus/Material_0.mat,other,Unity-EULA,high,https://www.codester.com/items/55926/bullethell-elemental-template-unity,rebuild,rebuilt natively in Roblox; nothing imported,unverified
ThirdPartyResources/3DModels/Misc/Plus/PlusSign.fbx,mesh,CC0,low,https://www.codester.com/items/55926/bullethell-elemental-template-unity,B,"no public original located for PlusSign.fbx; publisher disclosure covers ThirdPartyResources 3D models as poly.pizza CC0; re-verify before upload. mesh <=20k tri, single UV, watertight; identical MeshId+TextureId for instancing",unverified
ThirdPartyResources/3DModels/Monsters/Mushnub/Atlas 1.mat,other,CC0,medium,https://poly.pizza/bundle/Ultimate-Monsters-Bundle-5oyGWAmOB6,rebuild,rebuilt natively in Roblox; nothing imported; Unity mat wrapper around Quaternius CC0 content,publisher-disclosure
ThirdPartyResources/3DModels/Monsters/Mushnub/Atlas.mat,other,CC0,medium,https://poly.pizza/bundle/Ultimate-Monsters-Bundle-5oyGWAmOB6,rebuild,rebuilt natively in Roblox; nothing imported; Unity mat wrapper around Quaternius CC0 content,publisher-disclosure
ThirdPartyResources/3DModels/Monsters/Mushnub/Atlas_Monsters 1.png,texture,CC0,medium,https://poly.pizza/bundle/Ultimate-Monsters-Bundle-5oyGWAmOB6,B,"monster gradient atlas, Quaternius pack style; per-file unverified. texture <=1024px (Roblox downscales larger); OpenGL-normal convention if normal maps",unverified
ThirdPartyResources/3DModels/Monsters/Mushnub/Atlas_Monsters.png,texture,CC0,medium,https://poly.pizza/bundle/Ultimate-Monsters-Bundle-5oyGWAmOB6,B,"monster gradient atlas, Quaternius pack style; per-file unverified. texture <=1024px (Roblox downscales larger); OpenGL-normal convention if normal maps",unverified
ThirdPartyResources/3DModels/Monsters/Mushnub/Mushnub.fbx,mesh,CC0,medium,https://poly.pizza/bundle/Ultimate-Monsters-Bundle-5oyGWAmOB6 ; https://quaternius.com/packs/ultimatemonsters.html,B,"matches Quaternius Ultimate Monsters naming (pack verified CC0); per-file page not fetched (poly.pizza Cloudflare); pack bulk download not attempted. Rigged: rigged mesh: use Roblox Importer (not bulk), <=4 bone influences/vertex, frozen transforms",unverified
ThirdPartyResources/3DModels/Monsters/PoisonAlien/Alien.fbx,mesh,CC0,medium,https://poly.pizza/bundle/Ultimate-Monsters-Bundle-5oyGWAmOB6 ; https://quaternius.com/packs/ultimatemonsters.html,B,"matches Quaternius Ultimate Monsters naming (pack verified CC0); per-file page not fetched (poly.pizza Cloudflare); pack bulk download not attempted. Rigged: rigged mesh: use Roblox Importer (not bulk), <=4 bone influences/vertex, frozen transforms",unverified
ThirdPartyResources/3DModels/Monsters/PoisonAlien/Atlas 2.mat,other,CC0,medium,https://poly.pizza/bundle/Ultimate-Monsters-Bundle-5oyGWAmOB6,rebuild,rebuilt natively in Roblox; nothing imported; Unity mat wrapper around Quaternius CC0 content,publisher-disclosure
ThirdPartyResources/3DModels/Monsters/Slime/Controller/SlimeController.controller,animation,CC0,medium,https://poly.pizza/bundle/Ultimate-Monsters-Bundle-5oyGWAmOB6,rebuild,rebuilt natively in Roblox; nothing imported; Unity controller wrapper around Quaternius CC0 content,publisher-disclosure
ThirdPartyResources/3DModels/Monsters/Slime/Materials/BodySlimeFireLv1.mat,other,CC0,medium,https://poly.pizza/bundle/Ultimate-Monsters-Bundle-5oyGWAmOB6,rebuild,rebuilt natively in Roblox; nothing imported; Unity mat wrapper around Quaternius CC0 content,publisher-disclosure
ThirdPartyResources/3DModels/Monsters/Slime/Materials/BodySlimeFireLv3.mat,other,CC0,medium,https://poly.pizza/bundle/Ultimate-Monsters-Bundle-5oyGWAmOB6,rebuild,rebuilt natively in Roblox; nothing imported; Unity mat wrapper around Quaternius CC0 content,publisher-disclosure
ThirdPartyResources/3DModels/Monsters/Slime/Materials/BodySlimePoisonLv1.mat,other,CC0,medium,https://poly.pizza/bundle/Ultimate-Monsters-Bundle-5oyGWAmOB6,rebuild,rebuilt natively in Roblox; nothing imported; Unity mat wrapper around Quaternius CC0 content,publisher-disclosure
ThirdPartyResources/3DModels/Monsters/Slime/Materials/BodySlimePoisonLv2.mat,other,CC0,medium,https://poly.pizza/bundle/Ultimate-Monsters-Bundle-5oyGWAmOB6,rebuild,rebuilt natively in Roblox; nothing imported; Unity mat wrapper around Quaternius CC0 content,publisher-disclosure
ThirdPartyResources/3DModels/Monsters/Slime/Materials/BodySlimePoisonLv3.mat,other,CC0,medium,https://poly.pizza/bundle/Ultimate-Monsters-Bundle-5oyGWAmOB6,rebuild,rebuilt natively in Roblox; nothing imported; Unity mat wrapper around Quaternius CC0 content,publisher-disclosure
ThirdPartyResources/3DModels/Monsters/Slime/Materials/Eyes.mat,other,CC0,medium,https://poly.pizza/bundle/Ultimate-Monsters-Bundle-5oyGWAmOB6,rebuild,rebuilt natively in Roblox; nothing imported; Unity mat wrapper around Quaternius CC0 content,publisher-disclosure
ThirdPartyResources/3DModels/Monsters/Slime/Model/Slime.fbx,mesh,CC0,medium,https://poly.pizza/bundle/Ultimate-Monsters-Bundle-5oyGWAmOB6 ; https://quaternius.com/packs/ultimatemonsters.html,B,"matches Quaternius Ultimate Monsters naming (pack verified CC0); per-file page not fetched (poly.pizza Cloudflare); pack bulk download not attempted. Rigged: rigged mesh: use Roblox Importer (not bulk), <=4 bone influences/vertex, frozen transforms",unverified
ThirdPartyResources/3DModels/Skeleton Mage/Glow.mat,other,CC0,high,https://github.com/KayKit-Game-Assets/KayKit-Character-Pack-Skeletons-1.0,rebuild,rebuilt natively in Roblox; nothing imported; Unity mat wrapper around KayKit CC0 content,bundled-license
ThirdPartyResources/3DModels/Skeleton Mage/Materials/skeleton_texture 1.mat,other,CC0,high,https://github.com/KayKit-Game-Assets/KayKit-Character-Pack-Skeletons-1.0,rebuild,rebuilt natively in Roblox; nothing imported; Unity mat wrapper around KayKit CC0 content,bundled-license
ThirdPartyResources/3DModels/Skeleton Mage/Skeleton_Mage.fbx,mesh,CC0,high,https://github.com/KayKit-Game-Assets/KayKit-Character-Pack-Skeletons-1.0,A,"Skeleton_Mage = KayKit Skeletons pack (exact name; full deform-bone set + submesh names match repo GLB; texture sha256-identical). Template file is 27MB ASCII re-export - import from originals instead. rigged mesh: use Roblox Importer (not bulk), <=4 bone influences/vertex, frozen transforms",verified
ThirdPartyResources/3DModels/Skeleton Mage/skeleton.mat,other,CC0,high,https://github.com/KayKit-Game-Assets/KayKit-Character-Pack-Skeletons-1.0,rebuild,rebuilt natively in Roblox; nothing imported; Unity mat wrapper around KayKit CC0 content,bundled-license
ThirdPartyResources/3DModels/Skeleton Mage/skeleton_texture 1.png,texture,CC0,medium,https://github.com/KayKit-Game-Assets/KayKit-Character-Pack-Skeletons-1.0,B,recolor variant of CC0 skeleton_texture made for template; embed-only as modified copy. texture <=1024px (Roblox downscales larger); OpenGL-normal convention if normal maps,bundled-license
ThirdPartyResources/3DModels/Skeleton Mage/skeleton_texture.png,texture,CC0,high,https://github.com/KayKit-Game-Assets/KayKit-Character-Pack-Skeletons-1.0,A,byte-identical (sha256) to KayKit Skeletons skeleton_texture.png. texture <=1024px (Roblox downscales larger); OpenGL-normal convention if normal maps,verified
ThirdPartyResources/Audio/Archievement WAV.wav,audio,"CC0 (per publisher disclosure), per-file unverified",medium,https://www.codester.com/items/55926/bullethell-elemental-template-unity,B,"freesound.org CC0 per publisher disclosure; anonymous per-file match failed (2026-09-02) - re-verify each file is CC0 (not CC-BY-NC) before Roblox upload. audio <20MB, <7min, <=48kHz; private upload; ID-verified quota 2000/30d",unverified
ThirdPartyResources/Audio/Arrow.wav,audio,"CC0 (per publisher disclosure), per-file unverified",medium,https://www.codester.com/items/55926/bullethell-elemental-template-unity,B,"freesound.org CC0 per publisher disclosure; anonymous per-file match failed (2026-09-02) - re-verify each file is CC0 (not CC-BY-NC) before Roblox upload. audio <20MB, <7min, <=48kHz; private upload; ID-verified quota 2000/30d",unverified
ThirdPartyResources/Audio/Cartoon_Click.wav,audio,"CC0 (per publisher disclosure), per-file unverified",medium,https://www.codester.com/items/55926/bullethell-elemental-template-unity,B,"freesound.org CC0 per publisher disclosure; anonymous per-file match failed (2026-09-02) - re-verify each file is CC0 (not CC-BY-NC) before Roblox upload. audio <20MB, <7min, <=48kHz; private upload; ID-verified quota 2000/30d",unverified
ThirdPartyResources/Audio/DaggerUltimate.wav,audio,"CC0 (per publisher disclosure), per-file unverified",medium,https://www.codester.com/items/55926/bullethell-elemental-template-unity,B,"freesound.org CC0 per publisher disclosure; anonymous per-file match failed (2026-09-02) - re-verify each file is CC0 (not CC-BY-NC) before Roblox upload. audio <20MB, <7min, <=48kHz; private upload; ID-verified quota 2000/30d",unverified
ThirdPartyResources/Audio/EntityDead.wav,audio,"CC0 (per publisher disclosure), per-file unverified",medium,https://www.codester.com/items/55926/bullethell-elemental-template-unity,B,"freesound.org CC0 per publisher disclosure; anonymous per-file match failed (2026-09-02) - re-verify each file is CC0 (not CC-BY-NC) before Roblox upload. audio <20MB, <7min, <=48kHz; private upload; ID-verified quota 2000/30d",unverified
ThirdPartyResources/Audio/Female_attack_1.wav,audio,"CC0 (per publisher disclosure), per-file unverified",medium,https://www.codester.com/items/55926/bullethell-elemental-template-unity,B,"freesound.org CC0 per publisher disclosure; anonymous per-file match failed (2026-09-02) - re-verify each file is CC0 (not CC-BY-NC) before Roblox upload. audio <20MB, <7min, <=48kHz; private upload; ID-verified quota 2000/30d",unverified
ThirdPartyResources/Audio/Female_attack_2.wav,audio,"CC0 (per publisher disclosure), per-file unverified",medium,https://www.codester.com/items/55926/bullethell-elemental-template-unity,B,"freesound.org CC0 per publisher disclosure; anonymous per-file match failed (2026-09-02) - re-verify each file is CC0 (not CC-BY-NC) before Roblox upload. audio <20MB, <7min, <=48kHz; private upload; ID-verified quota 2000/30d",unverified
ThirdPartyResources/Audio/Grunt1.wav,audio,"CC0 (per publisher disclosure), per-file unverified",medium,https://www.codester.com/items/55926/bullethell-elemental-template-unity,B,"freesound.org CC0 per publisher disclosure; anonymous per-file match failed (2026-09-02) - re-verify each file is CC0 (not CC-BY-NC) before Roblox upload. audio <20MB, <7min, <=48kHz; private upload; ID-verified quota 2000/30d",unverified
ThirdPartyResources/Audio/Grunt2.wav,audio,"CC0 (per publisher disclosure), per-file unverified",medium,https://www.codester.com/items/55926/bullethell-elemental-template-unity,B,"freesound.org CC0 per publisher disclosure; anonymous per-file match failed (2026-09-02) - re-verify each file is CC0 (not CC-BY-NC) before Roblox upload. audio <20MB, <7min, <=48kHz; private upload; ID-verified quota 2000/30d",unverified
ThirdPartyResources/Audio/Impact_1.wav,audio,"CC0 (per publisher disclosure), per-file unverified",medium,https://www.codester.com/items/55926/bullethell-elemental-template-unity,B,"freesound.org CC0 per publisher disclosure; anonymous per-file match failed (2026-09-02) - re-verify each file is CC0 (not CC-BY-NC) before Roblox upload. audio <20MB, <7min, <=48kHz; private upload; ID-verified quota 2000/30d",unverified
ThirdPartyResources/Audio/Impact_2.wav,audio,"CC0 (per publisher disclosure), per-file unverified",medium,https://www.codester.com/items/55926/bullethell-elemental-template-unity,B,"freesound.org CC0 per publisher disclosure; anonymous per-file match failed (2026-09-02) - re-verify each file is CC0 (not CC-BY-NC) before Roblox upload. audio <20MB, <7min, <=48kHz; private upload; ID-verified quota 2000/30d",unverified
ThirdPartyResources/Audio/Impact_3.wav,audio,"CC0 (per publisher disclosure), per-file unverified",medium,https://www.codester.com/items/55926/bullethell-elemental-template-unity,B,"freesound.org CC0 per publisher disclosure; anonymous per-file match failed (2026-09-02) - re-verify each file is CC0 (not CC-BY-NC) before Roblox upload. audio <20MB, <7min, <=48kHz; private upload; ID-verified quota 2000/30d",unverified
ThirdPartyResources/Audio/MaleGrunt.wav,audio,"CC0 (per publisher disclosure), per-file unverified",medium,https://www.codester.com/items/55926/bullethell-elemental-template-unity,B,"freesound.org CC0 per publisher disclosure; anonymous per-file match failed (2026-09-02) - re-verify each file is CC0 (not CC-BY-NC) before Roblox upload. audio <20MB, <7min, <=48kHz; private upload; ID-verified quota 2000/30d",unverified
ThirdPartyResources/Audio/MaleGrunt2.wav,audio,"CC0 (per publisher disclosure), per-file unverified",medium,https://www.codester.com/items/55926/bullethell-elemental-template-unity,B,"freesound.org CC0 per publisher disclosure; anonymous per-file match failed (2026-09-02) - re-verify each file is CC0 (not CC-BY-NC) before Roblox upload. audio <20MB, <7min, <=48kHz; private upload; ID-verified quota 2000/30d",unverified
ThirdPartyResources/Audio/MaleGrunt3.wav,audio,"CC0 (per publisher disclosure), per-file unverified",medium,https://www.codester.com/items/55926/bullethell-elemental-template-unity,B,"freesound.org CC0 per publisher disclosure; anonymous per-file match failed (2026-09-02) - re-verify each file is CC0 (not CC-BY-NC) before Roblox upload. audio <20MB, <7min, <=48kHz; private upload; ID-verified quota 2000/30d",unverified
ThirdPartyResources/Audio/MonsterSkill.wav,audio,"CC0 (per publisher disclosure), per-file unverified",medium,https://www.codester.com/items/55926/bullethell-elemental-template-unity,B,"freesound.org CC0 per publisher disclosure; anonymous per-file match failed (2026-09-02) - re-verify each file is CC0 (not CC-BY-NC) before Roblox upload. audio <20MB, <7min, <=48kHz; private upload; ID-verified quota 2000/30d",unverified
ThirdPartyResources/Audio/MultiShot.wav,audio,"CC0 (per publisher disclosure), per-file unverified",medium,https://www.codester.com/items/55926/bullethell-elemental-template-unity,B,"freesound.org CC0 per publisher disclosure; anonymous per-file match failed (2026-09-02) - re-verify each file is CC0 (not CC-BY-NC) before Roblox upload. audio <20MB, <7min, <=48kHz; private upload; ID-verified quota 2000/30d",unverified
ThirdPartyResources/Audio/OrbCartoon.wav,audio,"CC0 (per publisher disclosure), per-file unverified",medium,https://www.codester.com/items/55926/bullethell-elemental-template-unity,B,"freesound.org CC0 per publisher disclosure; anonymous per-file match failed (2026-09-02) - re-verify each file is CC0 (not CC-BY-NC) before Roblox upload. audio <20MB, <7min, <=48kHz; private upload; ID-verified quota 2000/30d",unverified
ThirdPartyResources/Audio/Select.wav,audio,"CC0 (per publisher disclosure), per-file unverified",medium,https://www.codester.com/items/55926/bullethell-elemental-template-unity,B,"freesound.org CC0 per publisher disclosure; anonymous per-file match failed (2026-09-02) - re-verify each file is CC0 (not CC-BY-NC) before Roblox upload. audio <20MB, <7min, <=48kHz; private upload; ID-verified quota 2000/30d",unverified
ThirdPartyResources/Audio/SelectMap.wav,audio,"CC0 (per publisher disclosure), per-file unverified",medium,https://www.codester.com/items/55926/bullethell-elemental-template-unity,B,"freesound.org CC0 per publisher disclosure; anonymous per-file match failed (2026-09-02) - re-verify each file is CC0 (not CC-BY-NC) before Roblox upload. audio <20MB, <7min, <=48kHz; private upload; ID-verified quota 2000/30d",unverified
ThirdPartyResources/Audio/SingleShot.wav,audio,"CC0 (per publisher disclosure), per-file unverified",medium,https://www.codester.com/items/55926/bullethell-elemental-template-unity,B,"freesound.org CC0 per publisher disclosure; anonymous per-file match failed (2026-09-02) - re-verify each file is CC0 (not CC-BY-NC) before Roblox upload. audio <20MB, <7min, <=48kHz; private upload; ID-verified quota 2000/30d",unverified
ThirdPartyResources/Audio/Swoosh1.wav,audio,"CC0 (per publisher disclosure), per-file unverified",medium,https://www.codester.com/items/55926/bullethell-elemental-template-unity,B,"freesound.org CC0 per publisher disclosure; anonymous per-file match failed (2026-09-02) - re-verify each file is CC0 (not CC-BY-NC) before Roblox upload. audio <20MB, <7min, <=48kHz; private upload; ID-verified quota 2000/30d",unverified
ThirdPartyResources/Audio/UI-Close.wav,audio,"CC0 (per publisher disclosure), per-file unverified",medium,https://www.codester.com/items/55926/bullethell-elemental-template-unity,B,"freesound.org CC0 per publisher disclosure; anonymous per-file match failed (2026-09-02) - re-verify each file is CC0 (not CC-BY-NC) before Roblox upload. audio <20MB, <7min, <=48kHz; private upload; ID-verified quota 2000/30d",unverified
ThirdPartyResources/Audio/Upgrade.wav,audio,"CC0 (per publisher disclosure), per-file unverified",medium,https://www.codester.com/items/55926/bullethell-elemental-template-unity,B,"freesound.org CC0 per publisher disclosure; anonymous per-file match failed (2026-09-02) - re-verify each file is CC0 (not CC-BY-NC) before Roblox upload. audio <20MB, <7min, <=48kHz; private upload; ID-verified quota 2000/30d",unverified
ThirdPartyResources/Audio/boing-cartoon.wav,audio,"CC0 (per publisher disclosure), per-file unverified",medium,https://www.codester.com/items/55926/bullethell-elemental-template-unity,B,"freesound.org CC0 per publisher disclosure; anonymous per-file match failed (2026-09-02) - re-verify each file is CC0 (not CC-BY-NC) before Roblox upload. audio <20MB, <7min, <=48kHz; private upload; ID-verified quota 2000/30d",unverified
ThirdPartyResources/Audio/bubble-shimmer.wav,audio,"CC0 (per publisher disclosure), per-file unverified",medium,https://www.codester.com/items/55926/bullethell-elemental-template-unity,B,"freesound.org CC0 per publisher disclosure; anonymous per-file match failed (2026-09-02) - re-verify each file is CC0 (not CC-BY-NC) before Roblox upload. audio <20MB, <7min, <=48kHz; private upload; ID-verified quota 2000/30d",unverified
ThirdPartyResources/Audio/glass-breaking.wav,audio,"CC0 (per publisher disclosure), per-file unverified",medium,https://www.codester.com/items/55926/bullethell-elemental-template-unity,B,"freesound.org CC0 per publisher disclosure; anonymous per-file match failed (2026-09-02) - re-verify each file is CC0 (not CC-BY-NC) before Roblox upload. audio <20MB, <7min, <=48kHz; private upload; ID-verified quota 2000/30d",unverified
ThirdPartyResources/Audio/many-arrows.wav,audio,"CC0 (per publisher disclosure), per-file unverified",medium,https://www.codester.com/items/55926/bullethell-elemental-template-unity,B,"freesound.org CC0 per publisher disclosure; anonymous per-file match failed (2026-09-02) - re-verify each file is CC0 (not CC-BY-NC) before Roblox upload. audio <20MB, <7min, <=48kHz; private upload; ID-verified quota 2000/30d",unverified
ThirdPartyResources/Audio/slash-sword.wav,audio,"CC0 (per publisher disclosure), per-file unverified",medium,https://www.codester.com/items/55926/bullethell-elemental-template-unity,B,"freesound.org CC0 per publisher disclosure; anonymous per-file match failed (2026-09-02) - re-verify each file is CC0 (not CC-BY-NC) before Roblox upload. audio <20MB, <7min, <=48kHz; private upload; ID-verified quota 2000/30d",unverified
ThirdPartyResources/Audio/sword-clash.wav,audio,"CC0 (per publisher disclosure), per-file unverified",medium,https://www.codester.com/items/55926/bullethell-elemental-template-unity,B,"freesound.org CC0 per publisher disclosure; anonymous per-file match failed (2026-09-02) - re-verify each file is CC0 (not CC-BY-NC) before Roblox upload. audio <20MB, <7min, <=48kHz; private upload; ID-verified quota 2000/30d",unverified
ThirdPartyResources/BoxEntity/BoxEntity.prefab,other,Unity-EULA,high,https://www.codester.com/items/55926/bullethell-elemental-template-unity,rebuild,rebuilt natively in Roblox; nothing imported,unverified
ThirdPartyResources/Characters/Adventurer/DaggerAAPrefab.prefab,other,Unity-EULA,high,https://www.codester.com/items/55926/bullethell-elemental-template-unity,rebuild,rebuilt natively in Roblox; nothing imported,n/a
ThirdPartyResources/Characters/Adventurer/DaggerSkill_Prefab.prefab,other,Unity-EULA,high,https://www.codester.com/items/55926/bullethell-elemental-template-unity,rebuild,rebuilt natively in Roblox; nothing imported,n/a
ThirdPartyResources/Characters/Adventurer/DashDamage.prefab,other,Unity-EULA,high,https://www.codester.com/items/55926/bullethell-elemental-template-unity,rebuild,rebuilt natively in Roblox; nothing imported,n/a
ThirdPartyResources/Characters/Adventurer/Materials/Boots.mat,other,Unity-EULA,high,https://www.codester.com/items/55926/bullethell-elemental-template-unity,rebuild,rebuilt natively in Roblox; nothing imported; Unity material referencing character texture (texture rows carry the real license),n/a
ThirdPartyResources/Characters/Adventurer/Materials/DaggerMaterials/DarkSteel.mat,other,Unity-EULA,high,https://www.codester.com/items/55926/bullethell-elemental-template-unity,rebuild,rebuilt natively in Roblox; nothing imported; Unity material referencing character texture (texture rows carry the real license),n/a
ThirdPartyResources/Characters/Adventurer/Materials/DaggerMaterials/DarkWood.mat,other,Unity-EULA,high,https://www.codester.com/items/55926/bullethell-elemental-template-unity,rebuild,rebuilt natively in Roblox; nothing imported; Unity material referencing character texture (texture rows carry the real license),n/a
ThirdPartyResources/Characters/Adventurer/Materials/DaggerMaterials/LightSteel.mat,other,Unity-EULA,high,https://www.codester.com/items/55926/bullethell-elemental-template-unity,rebuild,rebuilt natively in Roblox; nothing imported; Unity material referencing character texture (texture rows carry the real license),n/a
ThirdPartyResources/Characters/Adventurer/Materials/DaggerMaterials/LightWood.mat,other,Unity-EULA,high,https://www.codester.com/items/55926/bullethell-elemental-template-unity,rebuild,rebuilt natively in Roblox; nothing imported; Unity material referencing character texture (texture rows carry the real license),n/a
ThirdPartyResources/Characters/Adventurer/Materials/DaggerMaterials/Steel.mat,other,Unity-EULA,high,https://www.codester.com/items/55926/bullethell-elemental-template-unity,rebuild,rebuilt natively in Roblox; nothing imported; Unity material referencing character texture (texture rows carry the real license),n/a
ThirdPartyResources/Characters/Adventurer/Materials/Detail.mat,other,Unity-EULA,high,https://www.codester.com/items/55926/bullethell-elemental-template-unity,rebuild,rebuilt natively in Roblox; nothing imported; Unity material referencing character texture (texture rows carry the real license),n/a
ThirdPartyResources/Characters/Adventurer/Materials/Eye.mat,other,Unity-EULA,high,https://www.codester.com/items/55926/bullethell-elemental-template-unity,rebuild,rebuilt natively in Roblox; nothing imported; Unity material referencing character texture (texture rows carry the real license),n/a
ThirdPartyResources/Characters/Adventurer/Materials/Hair.mat,other,Unity-EULA,high,https://www.codester.com/items/55926/bullethell-elemental-template-unity,rebuild,rebuilt natively in Roblox; nothing imported; Unity material referencing character texture (texture rows carry the real license),n/a
ThirdPartyResources/Characters/Adventurer/Materials/Material.006.mat,other,Unity-EULA,high,https://www.codester.com/items/55926/bullethell-elemental-template-unity,rebuild,rebuilt natively in Roblox; nothing imported; Unity material referencing character texture (texture rows carry the real license),n/a
ThirdPartyResources/Characters/Adventurer/Materials/Pants.mat,other,Unity-EULA,high,https://www.codester.com/items/55926/bullethell-elemental-template-unity,rebuild,rebuilt natively in Roblox; nothing imported; Unity material referencing character texture (texture rows carry the real license),n/a
ThirdPartyResources/Characters/Adventurer/Materials/Pupil.mat,other,Unity-EULA,high,https://www.codester.com/items/55926/bullethell-elemental-template-unity,rebuild,rebuilt natively in Roblox; nothing imported; Unity material referencing character texture (texture rows carry the real license),n/a
ThirdPartyResources/Characters/Adventurer/Materials/Shirt.mat,other,Unity-EULA,high,https://www.codester.com/items/55926/bullethell-elemental-template-unity,rebuild,rebuilt natively in Roblox; nothing imported; Unity material referencing character texture (texture rows carry the real license),n/a
ThirdPartyResources/Characters/Adventurer/Materials/Skin.mat,other,Unity-EULA,high,https://www.codester.com/items/55926/bullethell-elemental-template-unity,rebuild,rebuilt natively in Roblox; nothing imported; Unity material referencing character texture (texture rows carry the real license),n/a
ThirdPartyResources/Characters/Adventurer/Materials/SkinMatt/HairSkin1.mat,other,Unity-EULA,high,https://www.codester.com/items/55926/bullethell-elemental-template-unity,rebuild,rebuilt natively in Roblox; nothing imported; Unity material referencing character texture (texture rows carry the real license),n/a
ThirdPartyResources/Characters/Adventurer/Materials/SkinMatt/UnderShirtSkin1.mat,other,Unity-EULA,high,https://www.codester.com/items/55926/bullethell-elemental-template-unity,rebuild,rebuilt natively in Roblox; nothing imported; Unity material referencing character texture (texture rows carry the real license),n/a
ThirdPartyResources/Characters/Adventurer/Materials/UnderShirt.mat,other,Unity-EULA,high,https://www.codester.com/items/55926/bullethell-elemental-template-unity,rebuild,rebuilt natively in Roblox; nothing imported; Unity material referencing character texture (texture rows carry the real license),n/a
ThirdPartyResources/Characters/Adventurer/Models/Adventurer.fbx,mesh,CC0,low,https://www.codester.com/items/55926/bullethell-elemental-template-unity,B,"rigged chibi character (playable 'Vincent'); no KayKit/Quaternius name match; publisher disclosure: poly.pizza CC0; unverified; publisher disclosure covers ThirdPartyResources models as CC0. rigged mesh: use Roblox Importer (not bulk), <=4 bone influences/vertex, frozen transforms",unverified
ThirdPartyResources/Characters/Adventurer/Models/Black.mat,other,Unity-EULA,high,https://www.codester.com/items/55926/bullethell-elemental-template-unity,rebuild,rebuilt natively in Roblox; nothing imported; Unity material referencing character texture (texture rows carry the real license),n/a
ThirdPartyResources/Characters/Adventurer/Models/Dagger 3.fbx,mesh,CC0,medium,https://github.com/KayKit-Game-Assets/KayKit-Character-Pack-Skeletons-1.0,B,"near-match to KayKit original dagger.fbx (KayKit Adventurers, hash differs = re-export); template file is a re-export; prefer Path A original from extraction/originals. mesh <=20k tri, single UV, watertight; identical MeshId+TextureId for instancing",unverified
ThirdPartyResources/Characters/Adventurer/Models/Dagger 3.prefab,other,Unity-EULA,high,https://www.codester.com/items/55926/bullethell-elemental-template-unity,rebuild,rebuilt natively in Roblox; nothing imported,n/a
ThirdPartyResources/Characters/Adventurer/Models/Face.mat,other,Unity-EULA,high,https://www.codester.com/items/55926/bullethell-elemental-template-unity,rebuild,rebuilt natively in Roblox; nothing imported; Unity material referencing character texture (texture rows carry the real license),n/a
ThirdPartyResources/Characters/Adventurer/Models/FullMask_Adventurer.mask,other,Unity-EULA,high,https://www.codester.com/items/55926/bullethell-elemental-template-unity,rebuild,rebuilt natively in Roblox; nothing imported,n/a
ThirdPartyResources/Characters/Adventurer/Models/Grey.mat,other,Unity-EULA,high,https://www.codester.com/items/55926/bullethell-elemental-template-unity,rebuild,rebuilt natively in Roblox; nothing imported; Unity material referencing character texture (texture rows carry the real license),n/a
ThirdPartyResources/Characters/Adventurer/Models/Hair.mat,other,Unity-EULA,high,https://www.codester.com/items/55926/bullethell-elemental-template-unity,rebuild,rebuilt natively in Roblox; nothing imported; Unity material referencing character texture (texture rows carry the real license),n/a
ThirdPartyResources/Characters/Adventurer/Models/Main.mat,other,Unity-EULA,high,https://www.codester.com/items/55926/bullethell-elemental-template-unity,rebuild,rebuilt natively in Roblox; nothing imported; Unity material referencing character texture (texture rows carry the real license),n/a
ThirdPartyResources/Characters/Adventurer/Models/Skin.mat,other,Unity-EULA,high,https://www.codester.com/items/55926/bullethell-elemental-template-unity,rebuild,rebuilt natively in Roblox; nothing imported; Unity material referencing character texture (texture rows carry the real license),n/a
ThirdPartyResources/Characters/Adventurer/Models/TopMask_Adventurer.mask,other,Unity-EULA,high,https://www.codester.com/items/55926/bullethell-elemental-template-unity,rebuild,rebuilt natively in Roblox; nothing imported,n/a
ThirdPartyResources/Characters/Adventurer/SkillData/DaggerAA.asset,other,Unity-EULA,high,https://www.codester.com/items/55926/bullethell-elemental-template-unity,rebuild,rebuilt natively in Roblox; nothing imported; ScriptableObject skill data - rebuild as Luau Config (values already extracted to extraction/gamedata-json where applicable),n/a
ThirdPartyResources/Characters/Adventurer/SkillData/DaggerSkill.asset,other,Unity-EULA,high,https://www.codester.com/items/55926/bullethell-elemental-template-unity,rebuild,rebuilt natively in Roblox; nothing imported; ScriptableObject skill data - rebuild as Luau Config (values already extracted to extraction/gamedata-json where applicable),n/a
ThirdPartyResources/Characters/Adventurer/SkillData/DaggerUltimate.asset,other,Unity-EULA,high,https://www.codester.com/items/55926/bullethell-elemental-template-unity,rebuild,rebuilt natively in Roblox; nothing imported; ScriptableObject skill data - rebuild as Luau Config (values already extracted to extraction/gamedata-json where applicable),n/a
ThirdPartyResources/Characters/Adventurer/SkillData/Dash.asset,other,Unity-EULA,high,https://www.codester.com/items/55926/bullethell-elemental-template-unity,rebuild,rebuilt natively in Roblox; nothing imported; ScriptableObject skill data - rebuild as Luau Config (values already extracted to extraction/gamedata-json where applicable),n/a
ThirdPartyResources/Characters/Adventurer/VincentDefault.prefab,other,Unity-EULA,high,https://www.codester.com/items/55926/bullethell-elemental-template-unity,rebuild,rebuilt natively in Roblox; nothing imported,n/a
ThirdPartyResources/Characters/Adventurer/VincentSkin1.prefab,other,Unity-EULA,high,https://www.codester.com/items/55926/bullethell-elemental-template-unity,rebuild,rebuilt natively in Roblox; nothing imported,n/a
ThirdPartyResources/Characters/Adventurer/VincentSkin2.prefab,other,Unity-EULA,high,https://www.codester.com/items/55926/bullethell-elemental-template-unity,rebuild,rebuilt natively in Roblox; nothing imported,n/a
ThirdPartyResources/Characters/Mage/BackHole/BlackHole_BaseColor.png,texture,Unity-EULA,medium,https://www.codester.com/items/55926/bullethell-elemental-template-unity,B,"skill icon / VFX texture, likely BizachiCode-original. embed only, no standalone redistribution; upload Restricted. texture <=1024px (Roblox downscales larger); OpenGL-normal convention if normal maps",unverified
ThirdPartyResources/Characters/Mage/BackHole/BlackHole_Blackhole_mat.mat,other,Unity-EULA,high,https://www.codester.com/items/55926/bullethell-elemental-template-unity,rebuild,rebuilt natively in Roblox; nothing imported; Unity material referencing character texture (texture rows carry the real license),n/a
ThirdPartyResources/Characters/Mage/BackHole/Blackhole.fbx,mesh,CC0,low,https://www.codester.com/items/55926/bullethell-elemental-template-unity,B,"no public original located; possibly BizachiCode-original VFX mesh; unverified; publisher disclosure covers ThirdPartyResources models as CC0. mesh <=20k tri, single UV, watertight; identical MeshId+TextureId for instancing",unverified
ThirdPartyResources/Characters/Mage/BackHole/Blackhole.prefab,other,Unity-EULA,high,https://www.codester.com/items/55926/bullethell-elemental-template-unity,rebuild,rebuilt natively in Roblox; nothing imported,n/a
ThirdPartyResources/Characters/Mage/MageAA.asset,other,Unity-EULA,high,https://www.codester.com/items/55926/bullethell-elemental-template-unity,rebuild,rebuilt natively in Roblox; nothing imported; ScriptableObject skill data - rebuild as Luau Config (values already extracted to extraction/gamedata-json where applicable),n/a
ThirdPartyResources/Characters/Mage/MageController.controller,animation,Unity-EULA,high,https://www.codester.com/items/55926/bullethell-elemental-template-unity,rebuild,rebuilt natively in Roblox; nothing imported; Mecanim state machine - re-implement in Luau with AnimationTrack priority/loops,n/a
ThirdPartyResources/Characters/Mage/MageOrb.prefab,other,Unity-EULA,high,https://www.codester.com/items/55926/bullethell-elemental-template-unity,rebuild,rebuilt natively in Roblox; nothing imported,n/a
ThirdPartyResources/Characters/Mage/MageOrbMini.prefab,other,Unity-EULA,high,https://www.codester.com/items/55926/bullethell-elemental-template-unity,rebuild,rebuilt natively in Roblox; nothing imported,n/a
ThirdPartyResources/Characters/Mage/MageSkill.asset,other,Unity-EULA,high,https://www.codester.com/items/55926/bullethell-elemental-template-unity,rebuild,rebuilt natively in Roblox; nothing imported; ScriptableObject skill data - rebuild as Luau Config (values already extracted to extraction/gamedata-json where applicable),n/a
ThirdPartyResources/Characters/Mage/MageSkill2.asset,other,Unity-EULA,high,https://www.codester.com/items/55926/bullethell-elemental-template-unity,rebuild,rebuilt natively in Roblox; nothing imported; ScriptableObject skill data - rebuild as Luau Config (values already extracted to extraction/gamedata-json where applicable),n/a
ThirdPartyResources/Characters/Mage/MageSkill3.asset,other,Unity-EULA,high,https://www.codester.com/items/55926/bullethell-elemental-template-unity,rebuild,rebuilt natively in Roblox; nothing imported; ScriptableObject skill data - rebuild as Luau Config (values already extracted to extraction/gamedata-json where applicable),n/a
ThirdPartyResources/Characters/Mage/MagicWall.prefab,other,Unity-EULA,high,https://www.codester.com/items/55926/bullethell-elemental-template-unity,rebuild,rebuilt natively in Roblox; nothing imported,n/a
ThirdPartyResources/Characters/Mage/Orb/Atlas.mat,other,Unity-EULA,high,https://www.codester.com/items/55926/bullethell-elemental-template-unity,rebuild,rebuilt natively in Roblox; nothing imported; Unity material referencing character texture (texture rows carry the real license),n/a
ThirdPartyResources/Characters/Mage/Orb/Atlas.png,texture,Unity-EULA,medium,https://www.codester.com/items/55926/bullethell-elemental-template-unity,B,"skill icon / VFX texture, likely BizachiCode-original. embed only, no standalone redistribution; upload Restricted. texture <=1024px (Roblox downscales larger); OpenGL-normal convention if normal maps",unverified
ThirdPartyResources/Characters/Mage/Orb/Planet_11.fbx,mesh,CC0,low,https://www.codester.com/items/55926/bullethell-elemental-template-unity,B,"likely a poly.pizza space/planet pack model; unverified; publisher disclosure covers ThirdPartyResources models as CC0. mesh <=20k tri, single UV, watertight; identical MeshId+TextureId for instancing",unverified
ThirdPartyResources/Characters/Mage/Orb/Planet_11.prefab,other,Unity-EULA,high,https://www.codester.com/items/55926/bullethell-elemental-template-unity,rebuild,rebuilt natively in Roblox; nothing imported,n/a
ThirdPartyResources/Characters/Mage/SkeletonMage.prefab,other,Unity-EULA,high,https://www.codester.com/items/55926/bullethell-elemental-template-unity,rebuild,rebuilt natively in Roblox; nothing imported,n/a
ThirdPartyResources/Characters/Mage/SkeletonMageSkin1.prefab,other,Unity-EULA,high,https://www.codester.com/items/55926/bullethell-elemental-template-unity,rebuild,rebuilt natively in Roblox; nothing imported,n/a
ThirdPartyResources/Characters/Mage/SkillBlackhole.prefab,other,Unity-EULA,high,https://www.codester.com/items/55926/bullethell-elemental-template-unity,rebuild,rebuilt natively in Roblox; nothing imported,n/a
ThirdPartyResources/Characters/Mage/Staff/Staff.fbx,mesh,CC0,medium,https://github.com/KayKit-Game-Assets/KayKit-Character-Pack-Skeletons-1.0,B,"near-match to KayKit original Skeleton_Staff.fbx (KayKit Skeletons); template file is a re-export; prefer Path A original from extraction/originals. mesh <=20k tri, single UV, watertight; identical MeshId+TextureId for instancing",unverified
ThirdPartyResources/Characters/Mage/Staff/skeleton 1.mat,other,Unity-EULA,high,https://www.codester.com/items/55926/bullethell-elemental-template-unity,rebuild,rebuilt natively in Roblox; nothing imported; Unity material referencing character texture (texture rows carry the real license),n/a
ThirdPartyResources/Characters/Skeleton Warrior/DashWarrior.asset,other,Unity-EULA,high,https://www.codester.com/items/55926/bullethell-elemental-template-unity,rebuild,rebuilt natively in Roblox; nothing imported; ScriptableObject skill data - rebuild as Luau Config (values already extracted to extraction/gamedata-json where applicable),n/a
ThirdPartyResources/Characters/Skeleton Warrior/Materials/Glow.mat,other,Unity-EULA,high,https://www.codester.com/items/55926/bullethell-elemental-template-unity,rebuild,rebuilt natively in Roblox; nothing imported; Unity material referencing character texture (texture rows carry the real license),n/a
ThirdPartyResources/Characters/Skeleton Warrior/Materials/skeleton.mat,other,Unity-EULA,high,https://www.codester.com/items/55926/bullethell-elemental-template-unity,rebuild,rebuilt natively in Roblox; nothing imported; Unity material referencing character texture (texture rows carry the real license),n/a
ThirdPartyResources/Characters/Skeleton Warrior/Models/Black.mat,other,Unity-EULA,high,https://www.codester.com/items/55926/bullethell-elemental-template-unity,rebuild,rebuilt natively in Roblox; nothing imported; Unity material referencing character texture (texture rows carry the real license),n/a
ThirdPartyResources/Characters/Skeleton Warrior/Models/DarkBrown.mat,other,Unity-EULA,high,https://www.codester.com/items/55926/bullethell-elemental-template-unity,rebuild,rebuilt natively in Roblox; nothing imported; Unity material referencing character texture (texture rows carry the real license),n/a
ThirdPartyResources/Characters/Skeleton Warrior/Models/DarkSteel.mat,other,Unity-EULA,high,https://www.codester.com/items/55926/bullethell-elemental-template-unity,rebuild,rebuilt natively in Roblox; nothing imported; Unity material referencing character texture (texture rows carry the real license),n/a
ThirdPartyResources/Characters/Skeleton Warrior/Models/LightRed.mat,other,Unity-EULA,high,https://www.codester.com/items/55926/bullethell-elemental-template-unity,rebuild,rebuilt natively in Roblox; nothing imported; Unity material referencing character texture (texture rows carry the real license),n/a
ThirdPartyResources/Characters/Skeleton Warrior/Models/LightRedEmission.mat,other,Unity-EULA,high,https://www.codester.com/items/55926/bullethell-elemental-template-unity,rebuild,rebuilt natively in Roblox; nothing imported; Unity material referencing character texture (texture rows carry the real license),n/a
ThirdPartyResources/Characters/Skeleton Warrior/Models/Red.mat,other,Unity-EULA,high,https://www.codester.com/items/55926/bullethell-elemental-template-unity,rebuild,rebuilt natively in Roblox; nothing imported; Unity material referencing character texture (texture rows carry the real license),n/a
ThirdPartyResources/Characters/Skeleton Warrior/Models/RedEmission.mat,other,Unity-EULA,high,https://www.codester.com/items/55926/bullethell-elemental-template-unity,rebuild,rebuilt natively in Roblox; nothing imported; Unity material referencing character texture (texture rows carry the real license),n/a
ThirdPartyResources/Characters/Skeleton Warrior/Models/Skeleton_Warrior.fbx,mesh,CC0,high,https://github.com/KayKit-Game-Assets/KayKit-Character-Pack-Skeletons-1.0,A,"KayKit Skeletons pack character (exact name; deform-bone set + submesh names match repo GLB; texture sha256-identical). Template file is 27MB ASCII re-export - import from extraction/originals/kaykit-skeletons instead. rigged mesh: use Roblox Importer (not bulk), <=4 bone influences/vertex, frozen transforms",verified
ThirdPartyResources/Characters/Skeleton Warrior/Models/Skeleton_Warrior.prefab,other,Unity-EULA,high,https://www.codester.com/items/55926/bullethell-elemental-template-unity,rebuild,rebuilt natively in Roblox; nothing imported,n/a
ThirdPartyResources/Characters/Skeleton Warrior/Models/Sword.fbx,mesh,CC0,medium,https://github.com/KayKit-Game-Assets/KayKit-Character-Pack-Skeletons-1.0,B,"near-match to KayKit original sword_1handed.fbx (KayKit Adventurers, hash differs); template file is a re-export; prefer Path A original from extraction/originals. mesh <=20k tri, single UV, watertight; identical MeshId+TextureId for instancing",unverified
ThirdPartyResources/Characters/Skeleton Warrior/SkeletonWarriorFire.prefab,other,Unity-EULA,high,https://www.codester.com/items/55926/bullethell-elemental-template-unity,rebuild,rebuilt natively in Roblox; nothing imported,n/a
ThirdPartyResources/Characters/Skeleton Warrior/SkeletonWarriorSkin1.prefab,other,Unity-EULA,high,https://www.codester.com/items/55926/bullethell-elemental-template-unity,rebuild,rebuilt natively in Roblox; nothing imported,n/a
ThirdPartyResources/Characters/Skeleton Warrior/SkillNormalUltimate.prefab,other,Unity-EULA,high,https://www.codester.com/items/55926/bullethell-elemental-template-unity,rebuild,rebuilt natively in Roblox; nothing imported,n/a
ThirdPartyResources/Characters/Skeleton Warrior/SwordAttack.asset,other,Unity-EULA,high,https://www.codester.com/items/55926/bullethell-elemental-template-unity,rebuild,rebuilt natively in Roblox; nothing imported; ScriptableObject skill data - rebuild as Luau Config (values already extracted to extraction/gamedata-json where applicable),n/a
ThirdPartyResources/Characters/Skeleton Warrior/SwordSlash 1.prefab,other,Unity-EULA,high,https://www.codester.com/items/55926/bullethell-elemental-template-unity,rebuild,rebuilt natively in Roblox; nothing imported,n/a
ThirdPartyResources/Characters/Skeleton Warrior/SwordSlash.prefab,other,Unity-EULA,high,https://www.codester.com/items/55926/bullethell-elemental-template-unity,rebuild,rebuilt natively in Roblox; nothing imported,n/a
ThirdPartyResources/Characters/Skeleton Warrior/Textures/skeleton_texture.png,texture,CC0,high,https://github.com/KayKit-Game-Assets/KayKit-Character-Pack-Skeletons-1.0,A,byte-identical (sha256) to KayKit Skeletons texture. texture <=1024px (Roblox downscales larger); OpenGL-normal convention if normal maps,verified
ThirdPartyResources/Characters/Skeleton Warrior/WarriorAA.asset,other,Unity-EULA,high,https://www.codester.com/items/55926/bullethell-elemental-template-unity,rebuild,rebuilt natively in Roblox; nothing imported; ScriptableObject skill data - rebuild as Luau Config (values already extracted to extraction/gamedata-json where applicable),n/a
ThirdPartyResources/Characters/Skeleton Warrior/WarriorAA.png,texture,Unity-EULA,medium,https://www.codester.com/items/55926/bullethell-elemental-template-unity,B,"skill icon / VFX texture, likely BizachiCode-original. embed only, no standalone redistribution; upload Restricted. texture <=1024px (Roblox downscales larger); OpenGL-normal convention if normal maps",unverified
ThirdPartyResources/Characters/Skeleton Warrior/WarriorDash.png,texture,Unity-EULA,medium,https://www.codester.com/items/55926/bullethell-elemental-template-unity,B,"skill icon / VFX texture, likely BizachiCode-original. embed only, no standalone redistribution; upload Restricted. texture <=1024px (Roblox downscales larger); OpenGL-normal convention if normal maps",unverified
ThirdPartyResources/Characters/Skeleton Warrior/WarriorMultiSword.png,texture,Unity-EULA,medium,https://www.codester.com/items/55926/bullethell-elemental-template-unity,B,"skill icon / VFX texture, likely BizachiCode-original. embed only, no standalone redistribution; upload Restricted. texture <=1024px (Roblox downscales larger); OpenGL-normal convention if normal maps",unverified
ThirdPartyResources/Characters/Skeleton Warrior/WarriorSkill1.png,texture,Unity-EULA,medium,https://www.codester.com/items/55926/bullethell-elemental-template-unity,B,"skill icon / VFX texture, likely BizachiCode-original. embed only, no standalone redistribution; upload Restricted. texture <=1024px (Roblox downscales larger); OpenGL-normal convention if normal maps",unverified
ThirdPartyResources/Characters/Skeleton Warrior/WarriorUltimate.asset,other,Unity-EULA,high,https://www.codester.com/items/55926/bullethell-elemental-template-unity,rebuild,rebuilt natively in Roblox; nothing imported; ScriptableObject skill data - rebuild as Luau Config (values already extracted to extraction/gamedata-json where applicable),n/a
ThirdPartyResources/Characters/SkeletonAssasin/Assasin1.asset,other,Unity-EULA,high,https://www.codester.com/items/55926/bullethell-elemental-template-unity,rebuild,rebuilt natively in Roblox; nothing imported; ScriptableObject skill data - rebuild as Luau Config (values already extracted to extraction/gamedata-json where applicable),n/a
ThirdPartyResources/Characters/SkeletonAssasin/Assasin2.asset,other,Unity-EULA,high,https://www.codester.com/items/55926/bullethell-elemental-template-unity,rebuild,rebuilt natively in Roblox; nothing imported; ScriptableObject skill data - rebuild as Luau Config (values already extracted to extraction/gamedata-json where applicable),n/a
ThirdPartyResources/Characters/SkeletonAssasin/AssasinAA.asset,other,Unity-EULA,high,https://www.codester.com/items/55926/bullethell-elemental-template-unity,rebuild,rebuilt natively in Roblox; nothing imported; ScriptableObject skill data - rebuild as Luau Config (values already extracted to extraction/gamedata-json where applicable),n/a
ThirdPartyResources/Characters/SkeletonAssasin/Blade.fbx,mesh,CC0,medium,https://github.com/KayKit-Game-Assets/KayKit-Character-Pack-Skeletons-1.0,B,"near-match to KayKit original Skeleton_Blade.fbx (KayKit Skeletons); template file is a re-export; prefer Path A original from extraction/originals. mesh <=20k tri, single UV, watertight; identical MeshId+TextureId for instancing",unverified
ThirdPartyResources/Characters/SkeletonAssasin/BladeSlash.prefab,other,Unity-EULA,high,https://www.codester.com/items/55926/bullethell-elemental-template-unity,rebuild,rebuilt natively in Roblox; nothing imported,n/a
ThirdPartyResources/Characters/SkeletonAssasin/CharacterAssasin.prefab,other,Unity-EULA,high,https://www.codester.com/items/55926/bullethell-elemental-template-unity,rebuild,rebuilt natively in Roblox; nothing imported,n/a
ThirdPartyResources/Characters/SkeletonAssasin/CharacterAssasinSkin1.prefab,other,Unity-EULA,high,https://www.codester.com/items/55926/bullethell-elemental-template-unity,rebuild,rebuilt natively in Roblox; nothing imported,n/a
ThirdPartyResources/Characters/SkeletonAssasin/GunnerController 1.controller,animation,Unity-EULA,high,https://www.codester.com/items/55926/bullethell-elemental-template-unity,rebuild,rebuilt natively in Roblox; nothing imported; Mecanim state machine - re-implement in Luau with AnimationTrack priority/loops,n/a
ThirdPartyResources/Characters/SkeletonAssasin/skeleton 2.mat,other,Unity-EULA,high,https://www.codester.com/items/55926/bullethell-elemental-template-unity,rebuild,rebuilt natively in Roblox; nothing imported; Unity material referencing character texture (texture rows carry the real license),n/a
ThirdPartyResources/Characters/SkeletonAssasin/skeleton.mat,other,Unity-EULA,high,https://www.codester.com/items/55926/bullethell-elemental-template-unity,rebuild,rebuilt natively in Roblox; nothing imported; Unity material referencing character texture (texture rows carry the real license),n/a
ThirdPartyResources/Characters/SkeletonGunner/Materials/Glow 1.mat,other,Unity-EULA,high,https://www.codester.com/items/55926/bullethell-elemental-template-unity,rebuild,rebuilt natively in Roblox; nothing imported; Unity material referencing character texture (texture rows carry the real license),n/a
ThirdPartyResources/Characters/SkeletonGunner/Materials/Glow.mat,other,Unity-EULA,high,https://www.codester.com/items/55926/bullethell-elemental-template-unity,rebuild,rebuilt natively in Roblox; nothing imported; Unity material referencing character texture (texture rows carry the real license),n/a
ThirdPartyResources/Characters/SkeletonGunner/Materials/GunnerSkin1.mat,other,Unity-EULA,high,https://www.codester.com/items/55926/bullethell-elemental-template-unity,rebuild,rebuilt natively in Roblox; nothing imported; Unity material referencing character texture (texture rows carry the real license),n/a
ThirdPartyResources/Characters/SkeletonGunner/Materials/skeleton 1.mat,other,Unity-EULA,high,https://www.codester.com/items/55926/bullethell-elemental-template-unity,rebuild,rebuilt natively in Roblox; nothing imported; Unity material referencing character texture (texture rows carry the real license),n/a
ThirdPartyResources/Characters/SkeletonGunner/Materials/skeleton.mat,other,Unity-EULA,high,https://www.codester.com/items/55926/bullethell-elemental-template-unity,rebuild,rebuilt natively in Roblox; nothing imported; Unity material referencing character texture (texture rows carry the real license),n/a
ThirdPartyResources/Characters/SkeletonGunner/Models/Bullet.fbx,mesh,CC0,low,https://www.codester.com/items/55926/bullethell-elemental-template-unity,B,"projectile mesh; no pack name match; unverified; publisher disclosure covers ThirdPartyResources models as CC0. mesh <=20k tri, single UV, watertight; identical MeshId+TextureId for instancing",unverified
ThirdPartyResources/Characters/SkeletonGunner/Models/Color.png,texture,CC0,low,https://www.codester.com/items/55926/bullethell-elemental-template-unity,B,"character atlas, poly.pizza-sourced per disclosure; per-file unverified. texture <=1024px (Roblox downscales larger); OpenGL-normal convention if normal maps",unverified
ThirdPartyResources/Characters/SkeletonGunner/Models/Gun2.fbx,mesh,CC0,low,https://www.codester.com/items/55926/bullethell-elemental-template-unity,B,"gun mesh for SkeletonGunner; no pack name match (cf. EXTRA-tier shotgun); unverified; publisher disclosure covers ThirdPartyResources models as CC0. mesh <=20k tri, single UV, watertight; identical MeshId+TextureId for instancing",unverified
ThirdPartyResources/Characters/SkeletonGunner/Models/Materials/Color.mat,other,Unity-EULA,high,https://www.codester.com/items/55926/bullethell-elemental-template-unity,rebuild,rebuilt natively in Roblox; nothing imported; Unity material referencing character texture (texture rows carry the real license),n/a
ThirdPartyResources/Characters/SkeletonGunner/Models/Materials/Gold.mat,other,Unity-EULA,high,https://www.codester.com/items/55926/bullethell-elemental-template-unity,rebuild,rebuilt natively in Roblox; nothing imported; Unity material referencing character texture (texture rows carry the real license),n/a
ThirdPartyResources/Characters/SkeletonGunner/Models/Materials/Mat.5.mat,other,Unity-EULA,high,https://www.codester.com/items/55926/bullethell-elemental-template-unity,rebuild,rebuilt natively in Roblox; nothing imported; Unity material referencing character texture (texture rows carry the real license),n/a
ThirdPartyResources/Characters/SkeletonGunner/Models/Skeleton_Rogue.fbx,mesh,CC0,high,https://github.com/KayKit-Game-Assets/KayKit-Character-Pack-Skeletons-1.0,A,"KayKit Skeletons pack character (exact name; deform-bone set + submesh names match repo GLB; texture sha256-identical). Template file is 27MB ASCII re-export - import from extraction/originals/kaykit-skeletons instead. rigged mesh: use Roblox Importer (not bulk), <=4 bone influences/vertex, frozen transforms",verified
ThirdPartyResources/Characters/SkeletonGunner/Models/Skeleton_Rogue.prefab,other,Unity-EULA,high,https://www.codester.com/items/55926/bullethell-elemental-template-unity,rebuild,rebuilt natively in Roblox; nothing imported,n/a
ThirdPartyResources/Characters/SkeletonGunner/MultiWaterShots.asset,other,Unity-EULA,high,https://www.codester.com/items/55926/bullethell-elemental-template-unity,rebuild,rebuilt natively in Roblox; nothing imported; ScriptableObject skill data - rebuild as Luau Config (values already extracted to extraction/gamedata-json where applicable),n/a
ThirdPartyResources/Characters/SkeletonGunner/Skeleton_Gunner.prefab,other,Unity-EULA,high,https://www.codester.com/items/55926/bullethell-elemental-template-unity,rebuild,rebuilt natively in Roblox; nothing imported,n/a
ThirdPartyResources/Characters/SkeletonGunner/Skeleton_GunnerSkin1.prefab,other,Unity-EULA,high,https://www.codester.com/items/55926/bullethell-elemental-template-unity,rebuild,rebuilt natively in Roblox; nothing imported,n/a
ThirdPartyResources/Characters/SkeletonGunner/Textures/skeleton_texture 1.png,texture,CC0,medium,https://github.com/KayKit-Game-Assets/KayKit-Character-Pack-Skeletons-1.0,B,recolor variant of CC0 skeleton_texture (skin variant); embed-only as modified copy. texture <=1024px (Roblox downscales larger); OpenGL-normal convention if normal maps,bundled-license
ThirdPartyResources/Characters/SkeletonGunner/Textures/skeleton_texture 2.png,texture,CC0,medium,https://github.com/KayKit-Game-Assets/KayKit-Character-Pack-Skeletons-1.0,B,recolor variant of CC0 skeleton_texture (skin variant); embed-only as modified copy. texture <=1024px (Roblox downscales larger); OpenGL-normal convention if normal maps,bundled-license
ThirdPartyResources/Characters/SkeletonGunner/Textures/skeleton_texture.png,texture,CC0,high,https://github.com/KayKit-Game-Assets/KayKit-Character-Pack-Skeletons-1.0,A,byte-identical (sha256) to KayKit Skeletons texture. texture <=1024px (Roblox downscales larger); OpenGL-normal convention if normal maps,verified
ThirdPartyResources/Characters/SkeletonGunner/TripleWaterShot.asset,other,Unity-EULA,high,https://www.codester.com/items/55926/bullethell-elemental-template-unity,rebuild,rebuilt natively in Roblox; nothing imported; ScriptableObject skill data - rebuild as Luau Config (values already extracted to extraction/gamedata-json where applicable),n/a
ThirdPartyResources/Characters/SkeletonGunner/WaterBullet.prefab,other,Unity-EULA,high,https://www.codester.com/items/55926/bullethell-elemental-template-unity,rebuild,rebuilt natively in Roblox; nothing imported,n/a
ThirdPartyResources/Characters/SkeletonGunner/WaterBulletBig.prefab,other,Unity-EULA,high,https://www.codester.com/items/55926/bullethell-elemental-template-unity,rebuild,rebuilt natively in Roblox; nothing imported,n/a
ThirdPartyResources/Characters/SkeletonGunner/WaterReverseDash.asset,other,Unity-EULA,high,https://www.codester.com/items/55926/bullethell-elemental-template-unity,rebuild,rebuilt natively in Roblox; nothing imported; ScriptableObject skill data - rebuild as Luau Config (values already extracted to extraction/gamedata-json where applicable),n/a
ThirdPartyResources/Characters/SkeletonGunner/WaterShotAA.asset,other,Unity-EULA,high,https://www.codester.com/items/55926/bullethell-elemental-template-unity,rebuild,rebuilt natively in Roblox; nothing imported; ScriptableObject skill data - rebuild as Luau Config (values already extracted to extraction/gamedata-json where applicable),n/a
ThirdPartyResources/Characters/Survival/Materials/Atlas.mat,other,Unity-EULA,high,https://www.codester.com/items/55926/bullethell-elemental-template-unity,rebuild,rebuilt natively in Roblox; nothing imported; Unity material referencing character texture (texture rows carry the real license),n/a
ThirdPartyResources/Characters/Survival/Materials/SurvivalSkin1.mat,other,Unity-EULA,high,https://www.codester.com/items/55926/bullethell-elemental-template-unity,rebuild,rebuilt natively in Roblox; nothing imported; Unity material referencing character texture (texture rows carry the real license),n/a
ThirdPartyResources/Characters/Survival/Models/PosionSLime.png,texture,Unity-EULA,medium,https://www.codester.com/items/55926/bullethell-elemental-template-unity,B,"skill icon / VFX texture, likely BizachiCode-original. embed only, no standalone redistribution; upload Restricted. texture <=1024px (Roblox downscales larger); OpenGL-normal convention if normal maps",unverified
ThirdPartyResources/Characters/Survival/Models/Survival.fbx,mesh,CC0,low,https://www.codester.com/items/55926/bullethell-elemental-template-unity,B,"rigged zombie-style character (Zombie_Atlas textures); no pack name match; publisher disclosure: poly.pizza CC0; unverified; publisher disclosure covers ThirdPartyResources models as CC0. rigged mesh: use Roblox Importer (not bulk), <=4 bone influences/vertex, frozen transforms",unverified
ThirdPartyResources/Characters/Survival/Poison/Bubbles1.mat,other,Unity-EULA,high,https://www.codester.com/items/55926/bullethell-elemental-template-unity,rebuild,rebuilt natively in Roblox; nothing imported; Unity material referencing character texture (texture rows carry the real license),n/a
ThirdPartyResources/Characters/Survival/Poison/Lazy Potion.fbx,mesh,CC0,low,https://www.codester.com/items/55926/bullethell-elemental-template-unity,B,"FBX-SDK 2020 export (differs from KayKit Blender toolchain); no source located; unverified; publisher disclosure covers ThirdPartyResources models as CC0. mesh <=20k tri, single UV, watertight; identical MeshId+TextureId for instancing",unverified
ThirdPartyResources/Characters/Survival/Poison/PoisonPuddle.fbx,mesh,CC0,low,https://www.codester.com/items/55926/bullethell-elemental-template-unity,B,"VFX mesh; no source located; unverified; publisher disclosure covers ThirdPartyResources models as CC0. mesh <=20k tri, single UV, watertight; identical MeshId+TextureId for instancing",unverified
ThirdPartyResources/Characters/Survival/Poison/PoisonSmoke.prefab,other,Unity-EULA,high,https://www.codester.com/items/55926/bullethell-elemental-template-unity,rebuild,rebuilt natively in Roblox; nothing imported,n/a
ThirdPartyResources/Characters/Survival/Poison/Poisonprefab.prefab,other,Unity-EULA,high,https://www.codester.com/items/55926/bullethell-elemental-template-unity,rebuild,rebuilt natively in Roblox; nothing imported,n/a
ThirdPartyResources/Characters/Survival/Poison/Posion 1.mat,other,Unity-EULA,high,https://www.codester.com/items/55926/bullethell-elemental-template-unity,rebuild,rebuilt natively in Roblox; nothing imported; Unity material referencing character texture (texture rows carry the real license),n/a
ThirdPartyResources/Characters/Survival/Poison/Posion.mat,other,Unity-EULA,high,https://www.codester.com/items/55926/bullethell-elemental-template-unity,rebuild,rebuilt natively in Roblox; nothing imported; Unity material referencing character texture (texture rows carry the real license),n/a
ThirdPartyResources/Characters/Survival/Poison/PosionTexture.png,texture,Unity-EULA,medium,https://www.codester.com/items/55926/bullethell-elemental-template-unity,B,"skill icon / VFX texture, likely BizachiCode-original. embed only, no standalone redistribution; upload Restricted. texture <=1024px (Roblox downscales larger); OpenGL-normal convention if normal maps",unverified
ThirdPartyResources/Characters/Survival/Poison/Potion_Gradient.mat,other,Unity-EULA,high,https://www.codester.com/items/55926/bullethell-elemental-template-unity,rebuild,rebuilt natively in Roblox; nothing imported; Unity material referencing character texture (texture rows carry the real license),n/a
ThirdPartyResources/Characters/Survival/Poison/Potion_Gradient.png,texture,Unity-EULA,medium,https://www.codester.com/items/55926/bullethell-elemental-template-unity,B,"skill icon / VFX texture, likely BizachiCode-original. embed only, no standalone redistribution; upload Restricted. texture <=1024px (Roblox downscales larger); OpenGL-normal convention if normal maps",unverified
ThirdPartyResources/Characters/Survival/Poison/Solid_Gradient.mat,other,Unity-EULA,high,https://www.codester.com/items/55926/bullethell-elemental-template-unity,rebuild,rebuilt natively in Roblox; nothing imported; Unity material referencing character texture (texture rows carry the real license),n/a
ThirdPartyResources/Characters/Survival/Poison/Transparent.mat,other,Unity-EULA,high,https://www.codester.com/items/55926/bullethell-elemental-template-unity,rebuild,rebuilt natively in Roblox; nothing imported; Unity material referencing character texture (texture rows carry the real license),n/a
ThirdPartyResources/Characters/Survival/Poison/Transparent_Liquid.mat,other,Unity-EULA,high,https://www.codester.com/items/55926/bullethell-elemental-template-unity,rebuild,rebuilt natively in Roblox; nothing imported; Unity material referencing character texture (texture rows carry the real license),n/a
ThirdPartyResources/Characters/Survival/PosionDamage.prefab,other,Unity-EULA,high,https://www.codester.com/items/55926/bullethell-elemental-template-unity,rebuild,rebuilt natively in Roblox; nothing imported,n/a
ThirdPartyResources/Characters/Survival/PosionPuddlePrefab.prefab,other,Unity-EULA,high,https://www.codester.com/items/55926/bullethell-elemental-template-unity,rebuild,rebuilt natively in Roblox; nothing imported,n/a
ThirdPartyResources/Characters/Survival/SkillData/MultiPoisonousBottles.asset,other,Unity-EULA,high,https://www.codester.com/items/55926/bullethell-elemental-template-unity,rebuild,rebuilt natively in Roblox; nothing imported; ScriptableObject skill data - rebuild as Luau Config (values already extracted to extraction/gamedata-json where applicable),n/a
ThirdPartyResources/Characters/Survival/SkillData/PoisonousBottle.asset,other,Unity-EULA,high,https://www.codester.com/items/55926/bullethell-elemental-template-unity,rebuild,rebuilt natively in Roblox; nothing imported; ScriptableObject skill data - rebuild as Luau Config (values already extracted to extraction/gamedata-json where applicable),n/a
ThirdPartyResources/Characters/Survival/SkillData/PoisonousExplosion.asset,other,Unity-EULA,high,https://www.codester.com/items/55926/bullethell-elemental-template-unity,rebuild,rebuilt natively in Roblox; nothing imported; ScriptableObject skill data - rebuild as Luau Config (values already extracted to extraction/gamedata-json where applicable),n/a
ThirdPartyResources/Characters/Survival/SkillData/SurvivalAA.asset,other,Unity-EULA,high,https://www.codester.com/items/55926/bullethell-elemental-template-unity,rebuild,rebuilt natively in Roblox; nothing imported; ScriptableObject skill data - rebuild as Luau Config (values already extracted to extraction/gamedata-json where applicable),n/a
ThirdPartyResources/Characters/Survival/Survival_Character.prefab,other,Unity-EULA,high,https://www.codester.com/items/55926/bullethell-elemental-template-unity,rebuild,rebuilt natively in Roblox; nothing imported,n/a
ThirdPartyResources/Characters/Survival/Survival_CharacterSkin1.prefab,other,Unity-EULA,high,https://www.codester.com/items/55926/bullethell-elemental-template-unity,rebuild,rebuilt natively in Roblox; nothing imported,n/a
ThirdPartyResources/Characters/Survival/Textures/Zombie_Atlas 1.png,texture,CC0,low,https://www.codester.com/items/55926/bullethell-elemental-template-unity,B,"character atlas, poly.pizza-sourced per disclosure; per-file unverified. texture <=1024px (Roblox downscales larger); OpenGL-normal convention if normal maps",unverified
ThirdPartyResources/Characters/Survival/Textures/Zombie_Atlas.png,texture,CC0,low,https://www.codester.com/items/55926/bullethell-elemental-template-unity,B,"character atlas, poly.pizza-sourced per disclosure; per-file unverified. texture <=1024px (Roblox downscales larger); OpenGL-normal convention if normal maps",unverified
ThirdPartyResources/Characters/Vic/ArcherAA.asset,other,Unity-EULA,high,https://www.codester.com/items/55926/bullethell-elemental-template-unity,rebuild,rebuilt natively in Roblox; nothing imported; ScriptableObject skill data - rebuild as Luau Config (values already extracted to extraction/gamedata-json where applicable),n/a
ThirdPartyResources/Characters/Vic/ArcherDash.asset,other,Unity-EULA,high,https://www.codester.com/items/55926/bullethell-elemental-template-unity,rebuild,rebuilt natively in Roblox; nothing imported; ScriptableObject skill data - rebuild as Luau Config (values already extracted to extraction/gamedata-json where applicable),n/a
ThirdPartyResources/Characters/Vic/Archer_Skill_1.asset,other,Unity-EULA,high,https://www.codester.com/items/55926/bullethell-elemental-template-unity,rebuild,rebuilt natively in Roblox; nothing imported; ScriptableObject skill data - rebuild as Luau Config (values already extracted to extraction/gamedata-json where applicable),n/a
ThirdPartyResources/Characters/Vic/Archer_Skill_2.asset,other,Unity-EULA,high,https://www.codester.com/items/55926/bullethell-elemental-template-unity,rebuild,rebuilt natively in Roblox; nothing imported; ScriptableObject skill data - rebuild as Luau Config (values already extracted to extraction/gamedata-json where applicable),n/a
ThirdPartyResources/Characters/Vic/Arrow_1.prefab,other,Unity-EULA,high,https://www.codester.com/items/55926/bullethell-elemental-template-unity,rebuild,rebuilt natively in Roblox; nothing imported,n/a
ThirdPartyResources/Characters/Vic/Arrow_2.prefab,other,Unity-EULA,high,https://www.codester.com/items/55926/bullethell-elemental-template-unity,rebuild,rebuilt natively in Roblox; nothing imported,n/a
ThirdPartyResources/Characters/Vic/Vic.prefab,other,Unity-EULA,high,https://www.codester.com/items/55926/bullethell-elemental-template-unity,rebuild,rebuilt natively in Roblox; nothing imported,n/a
ThirdPartyResources/Characters/Vic/VicController.controller,animation,Unity-EULA,high,https://www.codester.com/items/55926/bullethell-elemental-template-unity,rebuild,rebuilt natively in Roblox; nothing imported; Mecanim state machine - re-implement in Luau with AnimationTrack priority/loops,n/a
ThirdPartyResources/Characters/Vic/VicSkin1.prefab,other,Unity-EULA,high,https://www.codester.com/items/55926/bullethell-elemental-template-unity,rebuild,rebuilt natively in Roblox; nothing imported,n/a
ThirdPartyResources/Effects/Bullet1006.png,texture,Unity-EULA,medium,https://www.codester.com/items/55926/bullethell-elemental-template-unity,B,"VFX texture, no CC0/MIT source located; treated as BizachiCode-original. embed only, no standalone redistribution; upload Restricted. texture <=1024px (Roblox downscales larger); OpenGL-normal convention if normal maps",unverified
ThirdPartyResources/Effects/Bullet1088.png,texture,Unity-EULA,medium,https://www.codester.com/items/55926/bullethell-elemental-template-unity,B,"VFX texture, no CC0/MIT source located; treated as BizachiCode-original. embed only, no standalone redistribution; upload Restricted. texture <=1024px (Roblox downscales larger); OpenGL-normal convention if normal maps",unverified
ThirdPartyResources/Effects/arcane_glow.png,texture,Unity-EULA,medium,https://www.codester.com/items/55926/bullethell-elemental-template-unity,B,"VFX texture, no CC0/MIT source located; treated as BizachiCode-original. embed only, no standalone redistribution; upload Restricted. texture <=1024px (Roblox downscales larger); OpenGL-normal convention if normal maps",unverified
ThirdPartyResources/Effects/arcane_glow_01.png,texture,Unity-EULA,medium,https://www.codester.com/items/55926/bullethell-elemental-template-unity,B,"VFX texture, no CC0/MIT source located; treated as BizachiCode-original. embed only, no standalone redistribution; upload Restricted. texture <=1024px (Roblox downscales larger); OpenGL-normal convention if normal maps",unverified
ThirdPartyResources/Effects/arcane_glow_red.png,texture,Unity-EULA,medium,https://www.codester.com/items/55926/bullethell-elemental-template-unity,B,"VFX texture, no CC0/MIT source located; treated as BizachiCode-original. embed only, no standalone redistribution; upload Restricted. texture <=1024px (Roblox downscales larger); OpenGL-normal convention if normal maps",unverified
ThirdPartyResources/Effects/arcane_glow_red_weaponskin.png,texture,Unity-EULA,medium,https://www.codester.com/items/55926/bullethell-elemental-template-unity,B,"VFX texture, no CC0/MIT source located; treated as BizachiCode-original. embed only, no standalone redistribution; upload Restricted. texture <=1024px (Roblox downscales larger); OpenGL-normal convention if normal maps",unverified
ThirdPartyResources/Effects/arcane_spark.png,texture,Unity-EULA,medium,https://www.codester.com/items/55926/bullethell-elemental-template-unity,B,"VFX texture, no CC0/MIT source located; treated as BizachiCode-original. embed only, no standalone redistribution; upload Restricted. texture <=1024px (Roblox downscales larger); OpenGL-normal convention if normal maps",unverified
ThirdPartyResources/Effects/arcane_sphere.png,texture,Unity-EULA,medium,https://www.codester.com/items/55926/bullethell-elemental-template-unity,B,"VFX texture, no CC0/MIT source located; treated as BizachiCode-original. embed only, no standalone redistribution; upload Restricted. texture <=1024px (Roblox downscales larger); OpenGL-normal convention if normal maps",unverified
ThirdPartyResources/Effects/arcanetrail.png,texture,Unity-EULA,medium,https://www.codester.com/items/55926/bullethell-elemental-template-unity,B,"VFX texture, no CC0/MIT source located; treated as BizachiCode-original. embed only, no standalone redistribution; upload Restricted. texture <=1024px (Roblox downscales larger); OpenGL-normal convention if normal maps",unverified
ThirdPartyResources/Effects/blue.png,texture,Unity-EULA,medium,https://www.codester.com/items/55926/bullethell-elemental-template-unity,B,"VFX texture, no CC0/MIT source located; treated as BizachiCode-original. embed only, no standalone redistribution; upload Restricted. texture <=1024px (Roblox downscales larger); OpenGL-normal convention if normal maps",unverified
ThirdPartyResources/Effects/lifebeam.png,texture,Unity-EULA,medium,https://www.codester.com/items/55926/bullethell-elemental-template-unity,B,"VFX texture, no CC0/MIT source located; treated as BizachiCode-original. embed only, no standalone redistribution; upload Restricted. texture <=1024px (Roblox downscales larger); OpenGL-normal convention if normal maps",unverified
ThirdPartyResources/Effects/lifetrail.png,texture,Unity-EULA,medium,https://www.codester.com/items/55926/bullethell-elemental-template-unity,B,"VFX texture, no CC0/MIT source located; treated as BizachiCode-original. embed only, no standalone redistribution; upload Restricted. texture <=1024px (Roblox downscales larger); OpenGL-normal convention if normal maps",unverified
ThirdPartyResources/Effects/lightHorizontal_043_9.png,texture,Unity-EULA,medium,https://www.codester.com/items/55926/bullethell-elemental-template-unity,B,"VFX texture, no CC0/MIT source located; treated as BizachiCode-original. embed only, no standalone redistribution; upload Restricted. texture <=1024px (Roblox downscales larger); OpenGL-normal convention if normal maps",unverified
ThirdPartyResources/Effects/lightning_new_2009.png,texture,Unity-EULA,medium,https://www.codester.com/items/55926/bullethell-elemental-template-unity,B,"VFX texture, no CC0/MIT source located; treated as BizachiCode-original. embed only, no standalone redistribution; upload Restricted. texture <=1024px (Roblox downscales larger); OpenGL-normal convention if normal maps",unverified
ThirdPartyResources/Effects/lightning_new_arc_yellow.png,texture,Unity-EULA,medium,https://www.codester.com/items/55926/bullethell-elemental-template-unity,B,"VFX texture, no CC0/MIT source located; treated as BizachiCode-original. embed only, no standalone redistribution; upload Restricted. texture <=1024px (Roblox downscales larger); OpenGL-normal convention if normal maps",unverified
ThirdPartyResources/Effects/lightning_new_glow_2009.png,texture,Unity-EULA,medium,https://www.codester.com/items/55926/bullethell-elemental-template-unity,B,"VFX texture, no CC0/MIT source located; treated as BizachiCode-original. embed only, no standalone redistribution; upload Restricted. texture <=1024px (Roblox downscales larger); OpenGL-normal convention if normal maps",unverified
ThirdPartyResources/Font/Fonts/LilitaOne-Regular Outline 120 SDF Atlas.png,texture,OFL-1.1,high,https://raw.githubusercontent.com/google/fonts/main/ofl/lilitaone/LilitaOne-Regular.ttf,rebuild,rebuilt natively in Roblox; nothing imported; TextMeshPro SDF font asset/atlas - Unity-only; Roblox imports the raw TTF/OTF (upload TTF/OTF as custom font (FontFace); Roblox does not use TMP SDF assets),verified
ThirdPartyResources/Font/Fonts/LilitaOne-Regular Outline 120 SDF.asset,other,OFL-1.1,high,https://raw.githubusercontent.com/google/fonts/main/ofl/lilitaone/LilitaOne-Regular.ttf,rebuild,rebuilt natively in Roblox; nothing imported; TextMeshPro SDF font asset/atlas - Unity-only; Roblox imports the raw TTF/OTF (upload TTF/OTF as custom font (FontFace); Roblox does not use TMP SDF assets),verified
ThirdPartyResources/Font/Fonts/LilitaOne-Regular Outline 210 SDF Atlas.png,texture,OFL-1.1,high,https://raw.githubusercontent.com/google/fonts/main/ofl/lilitaone/LilitaOne-Regular.ttf,rebuild,rebuilt natively in Roblox; nothing imported; TextMeshPro SDF font asset/atlas - Unity-only; Roblox imports the raw TTF/OTF (upload TTF/OTF as custom font (FontFace); Roblox does not use TMP SDF assets),verified
ThirdPartyResources/Font/Fonts/LilitaOne-Regular Outline 210 SDF.asset,other,OFL-1.1,high,https://raw.githubusercontent.com/google/fonts/main/ofl/lilitaone/LilitaOne-Regular.ttf,rebuild,rebuilt natively in Roblox; nothing imported; TextMeshPro SDF font asset/atlas - Unity-only; Roblox imports the raw TTF/OTF (upload TTF/OTF as custom font (FontFace); Roblox does not use TMP SDF assets),verified
ThirdPartyResources/Font/Fonts/LilitaOne-Regular Outline 32 SDF Atlas.png,texture,OFL-1.1,high,https://raw.githubusercontent.com/google/fonts/main/ofl/lilitaone/LilitaOne-Regular.ttf,rebuild,rebuilt natively in Roblox; nothing imported; TextMeshPro SDF font asset/atlas - Unity-only; Roblox imports the raw TTF/OTF (upload TTF/OTF as custom font (FontFace); Roblox does not use TMP SDF assets),verified
ThirdPartyResources/Font/Fonts/LilitaOne-Regular Outline 32 SDF.asset,other,OFL-1.1,high,https://raw.githubusercontent.com/google/fonts/main/ofl/lilitaone/LilitaOne-Regular.ttf,rebuild,rebuilt natively in Roblox; nothing imported; TextMeshPro SDF font asset/atlas - Unity-only; Roblox imports the raw TTF/OTF (upload TTF/OTF as custom font (FontFace); Roblox does not use TMP SDF assets),verified
ThirdPartyResources/Font/Fonts/LilitaOne-Regular Outline 40 SDF Atlas.png,texture,OFL-1.1,high,https://raw.githubusercontent.com/google/fonts/main/ofl/lilitaone/LilitaOne-Regular.ttf,rebuild,rebuilt natively in Roblox; nothing imported; TextMeshPro SDF font asset/atlas - Unity-only; Roblox imports the raw TTF/OTF (upload TTF/OTF as custom font (FontFace); Roblox does not use TMP SDF assets),verified
ThirdPartyResources/Font/Fonts/LilitaOne-Regular Outline 40 SDF.asset,other,OFL-1.1,high,https://raw.githubusercontent.com/google/fonts/main/ofl/lilitaone/LilitaOne-Regular.ttf,rebuild,rebuilt natively in Roblox; nothing imported; TextMeshPro SDF font asset/atlas - Unity-only; Roblox imports the raw TTF/OTF (upload TTF/OTF as custom font (FontFace); Roblox does not use TMP SDF assets),verified
ThirdPartyResources/Font/Fonts/LilitaOne-Regular Outline 50 SDF Atlas.png,texture,OFL-1.1,high,https://raw.githubusercontent.com/google/fonts/main/ofl/lilitaone/LilitaOne-Regular.ttf,rebuild,rebuilt natively in Roblox; nothing imported; TextMeshPro SDF font asset/atlas - Unity-only; Roblox imports the raw TTF/OTF (upload TTF/OTF as custom font (FontFace); Roblox does not use TMP SDF assets),verified
ThirdPartyResources/Font/Fonts/LilitaOne-Regular Outline 50 SDF.asset,other,OFL-1.1,high,https://raw.githubusercontent.com/google/fonts/main/ofl/lilitaone/LilitaOne-Regular.ttf,rebuild,rebuilt natively in Roblox; nothing imported; TextMeshPro SDF font asset/atlas - Unity-only; Roblox imports the raw TTF/OTF (upload TTF/OTF as custom font (FontFace); Roblox does not use TMP SDF assets),verified
ThirdPartyResources/Font/Fonts/LilitaOne-Regular Outline 54 SDF Atlas.png,texture,OFL-1.1,high,https://raw.githubusercontent.com/google/fonts/main/ofl/lilitaone/LilitaOne-Regular.ttf,rebuild,rebuilt natively in Roblox; nothing imported; TextMeshPro SDF font asset/atlas - Unity-only; Roblox imports the raw TTF/OTF (upload TTF/OTF as custom font (FontFace); Roblox does not use TMP SDF assets),verified
ThirdPartyResources/Font/Fonts/LilitaOne-Regular Outline 54 SDF.asset,other,OFL-1.1,high,https://raw.githubusercontent.com/google/fonts/main/ofl/lilitaone/LilitaOne-Regular.ttf,rebuild,rebuilt natively in Roblox; nothing imported; TextMeshPro SDF font asset/atlas - Unity-only; Roblox imports the raw TTF/OTF (upload TTF/OTF as custom font (FontFace); Roblox does not use TMP SDF assets),verified
ThirdPartyResources/Font/Fonts/LilitaOne-Regular Outline 72 SDF Atlas.png,texture,OFL-1.1,high,https://raw.githubusercontent.com/google/fonts/main/ofl/lilitaone/LilitaOne-Regular.ttf,rebuild,rebuilt natively in Roblox; nothing imported; TextMeshPro SDF font asset/atlas - Unity-only; Roblox imports the raw TTF/OTF (upload TTF/OTF as custom font (FontFace); Roblox does not use TMP SDF assets),verified
ThirdPartyResources/Font/Fonts/LilitaOne-Regular Outline 72 SDF.asset,other,OFL-1.1,high,https://raw.githubusercontent.com/google/fonts/main/ofl/lilitaone/LilitaOne-Regular.ttf,rebuild,rebuilt natively in Roblox; nothing imported; TextMeshPro SDF font asset/atlas - Unity-only; Roblox imports the raw TTF/OTF (upload TTF/OTF as custom font (FontFace); Roblox does not use TMP SDF assets),verified
ThirdPartyResources/Font/Fonts/LilitaOne-Regular Outline_Extended ASCII_120 SDF Atlas.png,texture,OFL-1.1,high,https://raw.githubusercontent.com/google/fonts/main/ofl/lilitaone/LilitaOne-Regular.ttf,rebuild,rebuilt natively in Roblox; nothing imported; TextMeshPro SDF font asset/atlas - Unity-only; Roblox imports the raw TTF/OTF (upload TTF/OTF as custom font (FontFace); Roblox does not use TMP SDF assets),verified
ThirdPartyResources/Font/Fonts/LilitaOne-Regular Outline_Extended ASCII_120 SDF.asset,other,OFL-1.1,high,https://raw.githubusercontent.com/google/fonts/main/ofl/lilitaone/LilitaOne-Regular.ttf,rebuild,rebuilt natively in Roblox; nothing imported; TextMeshPro SDF font asset/atlas - Unity-only; Roblox imports the raw TTF/OTF (upload TTF/OTF as custom font (FontFace); Roblox does not use TMP SDF assets),verified
ThirdPartyResources/Font/Fonts/LilitaOne-Regular Outline_Extended ASCII_210 SDF Atlas.png,texture,OFL-1.1,high,https://raw.githubusercontent.com/google/fonts/main/ofl/lilitaone/LilitaOne-Regular.ttf,rebuild,rebuilt natively in Roblox; nothing imported; TextMeshPro SDF font asset/atlas - Unity-only; Roblox imports the raw TTF/OTF (upload TTF/OTF as custom font (FontFace); Roblox does not use TMP SDF assets),verified
ThirdPartyResources/Font/Fonts/LilitaOne-Regular Outline_Extended ASCII_210 SDF.asset,other,OFL-1.1,high,https://raw.githubusercontent.com/google/fonts/main/ofl/lilitaone/LilitaOne-Regular.ttf,rebuild,rebuilt natively in Roblox; nothing imported; TextMeshPro SDF font asset/atlas - Unity-only; Roblox imports the raw TTF/OTF (upload TTF/OTF as custom font (FontFace); Roblox does not use TMP SDF assets),verified
ThirdPartyResources/Font/Fonts/LilitaOne-Regular Outline_Extended ASCII_32 SDF Atlas.png,texture,OFL-1.1,high,https://raw.githubusercontent.com/google/fonts/main/ofl/lilitaone/LilitaOne-Regular.ttf,rebuild,rebuilt natively in Roblox; nothing imported; TextMeshPro SDF font asset/atlas - Unity-only; Roblox imports the raw TTF/OTF (upload TTF/OTF as custom font (FontFace); Roblox does not use TMP SDF assets),verified
ThirdPartyResources/Font/Fonts/LilitaOne-Regular Outline_Extended ASCII_32 SDF.asset,other,OFL-1.1,high,https://raw.githubusercontent.com/google/fonts/main/ofl/lilitaone/LilitaOne-Regular.ttf,rebuild,rebuilt natively in Roblox; nothing imported; TextMeshPro SDF font asset/atlas - Unity-only; Roblox imports the raw TTF/OTF (upload TTF/OTF as custom font (FontFace); Roblox does not use TMP SDF assets),verified
ThirdPartyResources/Font/Fonts/LilitaOne-Regular Outline_Extended ASCII_40 SDF Atlas.png,texture,OFL-1.1,high,https://raw.githubusercontent.com/google/fonts/main/ofl/lilitaone/LilitaOne-Regular.ttf,rebuild,rebuilt natively in Roblox; nothing imported; TextMeshPro SDF font asset/atlas - Unity-only; Roblox imports the raw TTF/OTF (upload TTF/OTF as custom font (FontFace); Roblox does not use TMP SDF assets),verified
ThirdPartyResources/Font/Fonts/LilitaOne-Regular Outline_Extended ASCII_40 SDF.asset,other,OFL-1.1,high,https://raw.githubusercontent.com/google/fonts/main/ofl/lilitaone/LilitaOne-Regular.ttf,rebuild,rebuilt natively in Roblox; nothing imported; TextMeshPro SDF font asset/atlas - Unity-only; Roblox imports the raw TTF/OTF (upload TTF/OTF as custom font (FontFace); Roblox does not use TMP SDF assets),verified
ThirdPartyResources/Font/Fonts/LilitaOne-Regular Outline_Extended ASCII_50 SDF Atlas.png,texture,OFL-1.1,high,https://raw.githubusercontent.com/google/fonts/main/ofl/lilitaone/LilitaOne-Regular.ttf,rebuild,rebuilt natively in Roblox; nothing imported; TextMeshPro SDF font asset/atlas - Unity-only; Roblox imports the raw TTF/OTF (upload TTF/OTF as custom font (FontFace); Roblox does not use TMP SDF assets),verified
ThirdPartyResources/Font/Fonts/LilitaOne-Regular Outline_Extended ASCII_50 SDF.asset,other,OFL-1.1,high,https://raw.githubusercontent.com/google/fonts/main/ofl/lilitaone/LilitaOne-Regular.ttf,rebuild,rebuilt natively in Roblox; nothing imported; TextMeshPro SDF font asset/atlas - Unity-only; Roblox imports the raw TTF/OTF (upload TTF/OTF as custom font (FontFace); Roblox does not use TMP SDF assets),verified
ThirdPartyResources/Font/Fonts/LilitaOne-Regular Outline_Extended ASCII_54 SDF Atlas.png,texture,OFL-1.1,high,https://raw.githubusercontent.com/google/fonts/main/ofl/lilitaone/LilitaOne-Regular.ttf,rebuild,rebuilt natively in Roblox; nothing imported; TextMeshPro SDF font asset/atlas - Unity-only; Roblox imports the raw TTF/OTF (upload TTF/OTF as custom font (FontFace); Roblox does not use TMP SDF assets),verified
ThirdPartyResources/Font/Fonts/LilitaOne-Regular Outline_Extended ASCII_54 SDF.asset,other,OFL-1.1,high,https://raw.githubusercontent.com/google/fonts/main/ofl/lilitaone/LilitaOne-Regular.ttf,rebuild,rebuilt natively in Roblox; nothing imported; TextMeshPro SDF font asset/atlas - Unity-only; Roblox imports the raw TTF/OTF (upload TTF/OTF as custom font (FontFace); Roblox does not use TMP SDF assets),verified
ThirdPartyResources/Font/Fonts/LilitaOne-Regular Outline_Extended ASCII_72 SDF Atlas.png,texture,OFL-1.1,high,https://raw.githubusercontent.com/google/fonts/main/ofl/lilitaone/LilitaOne-Regular.ttf,rebuild,rebuilt natively in Roblox; nothing imported; TextMeshPro SDF font asset/atlas - Unity-only; Roblox imports the raw TTF/OTF (upload TTF/OTF as custom font (FontFace); Roblox does not use TMP SDF assets),verified
ThirdPartyResources/Font/Fonts/LilitaOne-Regular Outline_Extended ASCII_72 SDF.asset,other,OFL-1.1,high,https://raw.githubusercontent.com/google/fonts/main/ofl/lilitaone/LilitaOne-Regular.ttf,rebuild,rebuilt natively in Roblox; nothing imported; TextMeshPro SDF font asset/atlas - Unity-only; Roblox imports the raw TTF/OTF (upload TTF/OTF as custom font (FontFace); Roblox does not use TMP SDF assets),verified
ThirdPartyResources/Font/Fonts/LilitaOne-Regular SDF.asset,other,OFL-1.1,high,https://raw.githubusercontent.com/google/fonts/main/ofl/lilitaone/LilitaOne-Regular.ttf,rebuild,rebuilt natively in Roblox; nothing imported; TextMeshPro SDF font asset/atlas - Unity-only; Roblox imports the raw TTF/OTF (upload TTF/OTF as custom font (FontFace); Roblox does not use TMP SDF assets),verified
ThirdPartyResources/Font/Fonts/LilitaOne-Regular.ttf,font,OFL-1.1,high,https://raw.githubusercontent.com/google/fonts/main/ofl/lilitaone/LilitaOne-Regular.ttf,A,"Lilita One by Juan Montoreano, SIL OFL 1.1 (google/fonts, re-downloaded); license at legal/licenses/LilitaOne-OFL.txt. upload TTF/OTF as custom font (FontFace); Roblox does not use TMP SDF assets",verified
"ThirdPartyResources/Font/NotoSansCJK/Rude_MaterialSymbolsOutlined[FILL,GRAD,opsz,wght] SDF.asset",other,OFL-1.1,high,https://raw.githubusercontent.com/google/fonts/main/ofl/notosans/OFL.txt,rebuild,rebuilt natively in Roblox; nothing imported; TextMeshPro SDF font asset/atlas - Unity-only; Roblox imports the raw TTF/OTF (upload TTF/OTF as custom font (FontFace); Roblox does not use TMP SDF assets),verified
ThirdPartyResources/Font/NotoSansCJK/Rude_NotoSans-Bold SDF.asset,other,OFL-1.1,high,https://raw.githubusercontent.com/google/fonts/main/ofl/notosans/OFL.txt,rebuild,rebuilt natively in Roblox; nothing imported; TextMeshPro SDF font asset/atlas - Unity-only; Roblox imports the raw TTF/OTF (upload TTF/OTF as custom font (FontFace); Roblox does not use TMP SDF assets),verified
ThirdPartyResources/Font/NotoSansCJK/Rude_NotoSans-Regular SDF.asset,other,OFL-1.1,high,https://raw.githubusercontent.com/google/fonts/main/ofl/notosans/OFL.txt,rebuild,rebuilt natively in Roblox; nothing imported; TextMeshPro SDF font asset/atlas - Unity-only; Roblox imports the raw TTF/OTF (upload TTF/OTF as custom font (FontFace); Roblox does not use TMP SDF assets),verified
ThirdPartyResources/Font/NotoSansCJK/Rude_NotoSansJP-Regular SDF.asset,other,OFL-1.1,high,https://raw.githubusercontent.com/google/fonts/main/ofl/notosans/OFL.txt,rebuild,rebuilt natively in Roblox; nothing imported; TextMeshPro SDF font asset/atlas - Unity-only; Roblox imports the raw TTF/OTF (upload TTF/OTF as custom font (FontFace); Roblox does not use TMP SDF assets),verified
ThirdPartyResources/Font/NotoSansCJK/Rude_NotoSansKR-Regular SDF.asset,other,OFL-1.1,high,https://raw.githubusercontent.com/google/fonts/main/ofl/notosans/OFL.txt,rebuild,rebuilt natively in Roblox; nothing imported; TextMeshPro SDF font asset/atlas - Unity-only; Roblox imports the raw TTF/OTF (upload TTF/OTF as custom font (FontFace); Roblox does not use TMP SDF assets),verified
ThirdPartyResources/Font/NotoSansCJK/Rude_NotoSansSC-Regular SDF.asset,other,OFL-1.1,high,https://raw.githubusercontent.com/google/fonts/main/ofl/notosans/OFL.txt,rebuild,rebuilt natively in Roblox; nothing imported; TextMeshPro SDF font asset/atlas - Unity-only; Roblox imports the raw TTF/OTF (upload TTF/OTF as custom font (FontFace); Roblox does not use TMP SDF assets),verified
ThirdPartyResources/Font/NotoSansCJK/Rude_NotoSansTC-Bold SDF.asset,other,OFL-1.1,high,https://raw.githubusercontent.com/google/fonts/main/ofl/notosans/OFL.txt,rebuild,rebuilt natively in Roblox; nothing imported; TextMeshPro SDF font asset/atlas - Unity-only; Roblox imports the raw TTF/OTF (upload TTF/OTF as custom font (FontFace); Roblox does not use TMP SDF assets),verified
ThirdPartyResources/Font/NotoSansCJK/Rude_NotoSansTC-Regular SDF.asset,other,OFL-1.1,high,https://raw.githubusercontent.com/google/fonts/main/ofl/notosans/OFL.txt,rebuild,rebuilt natively in Roblox; nothing imported; TextMeshPro SDF font asset/atlas - Unity-only; Roblox imports the raw TTF/OTF (upload TTF/OTF as custom font (FontFace); Roblox does not use TMP SDF assets),verified
ThirdPartyResources/Font/NotoSansCJK/Sources/NotoSans-Bold.ttf,font,OFL-1.1,high,https://raw.githubusercontent.com/google/fonts/main/ofl/notosans/OFL.txt,A,"Noto Sans family (Google), SIL OFL 1.1; OFL archived at legal/licenses/NotoSans-OFL.txt; current google/fonts ships variable-font variants - re-download per style as needed. upload TTF/OTF as custom font (FontFace); Roblox does not use TMP SDF assets",verified
ThirdPartyResources/Font/NotoSansCJK/Sources/NotoSans-Regular.ttf,font,OFL-1.1,high,https://raw.githubusercontent.com/google/fonts/main/ofl/notosans/OFL.txt,A,"Noto Sans family (Google), SIL OFL 1.1; OFL archived at legal/licenses/NotoSans-OFL.txt; current google/fonts ships variable-font variants - re-download per style as needed. upload TTF/OTF as custom font (FontFace); Roblox does not use TMP SDF assets",verified
ThirdPartyResources/Font/NotoSansCJK/Sources/NotoSansDisplay-Regular.ttf,font,OFL-1.1,high,https://raw.githubusercontent.com/google/fonts/main/ofl/notosans/OFL.txt,A,"Noto Sans family (Google), SIL OFL 1.1; OFL archived at legal/licenses/NotoSans-OFL.txt; current google/fonts ships variable-font variants - re-download per style as needed. upload TTF/OTF as custom font (FontFace); Roblox does not use TMP SDF assets",verified
ThirdPartyResources/Font/NotoSansCJK/Sources/NotoSansJP-Bold.ttf,font,OFL-1.1,high,https://raw.githubusercontent.com/google/fonts/main/ofl/notosans/OFL.txt,A,"Noto Sans family (Google), SIL OFL 1.1; OFL archived at legal/licenses/NotoSans-OFL.txt; current google/fonts ships variable-font variants - re-download per style as needed. upload TTF/OTF as custom font (FontFace); Roblox does not use TMP SDF assets",verified
ThirdPartyResources/Font/NotoSansCJK/Sources/NotoSansJP-Regular.ttf,font,OFL-1.1,high,https://raw.githubusercontent.com/google/fonts/main/ofl/notosans/OFL.txt,A,"Noto Sans family (Google), SIL OFL 1.1; OFL archived at legal/licenses/NotoSans-OFL.txt; current google/fonts ships variable-font variants - re-download per style as needed. upload TTF/OTF as custom font (FontFace); Roblox does not use TMP SDF assets",verified
ThirdPartyResources/Font/NotoSansCJK/Sources/NotoSansKR-Bold.ttf,font,OFL-1.1,high,https://raw.githubusercontent.com/google/fonts/main/ofl/notosans/OFL.txt,A,"Noto Sans family (Google), SIL OFL 1.1; OFL archived at legal/licenses/NotoSans-OFL.txt; current google/fonts ships variable-font variants - re-download per style as needed. upload TTF/OTF as custom font (FontFace); Roblox does not use TMP SDF assets",verified
ThirdPartyResources/Font/NotoSansCJK/Sources/NotoSansKR-Regular.ttf,font,OFL-1.1,high,https://raw.githubusercontent.com/google/fonts/main/ofl/notosans/OFL.txt,A,"Noto Sans family (Google), SIL OFL 1.1; OFL archived at legal/licenses/NotoSans-OFL.txt; current google/fonts ships variable-font variants - re-download per style as needed. upload TTF/OTF as custom font (FontFace); Roblox does not use TMP SDF assets",verified
ThirdPartyResources/Font/NotoSansCJK/Sources/NotoSansSC-Bold.ttf,font,OFL-1.1,high,https://raw.githubusercontent.com/google/fonts/main/ofl/notosans/OFL.txt,A,"Noto Sans family (Google), SIL OFL 1.1; OFL archived at legal/licenses/NotoSans-OFL.txt; current google/fonts ships variable-font variants - re-download per style as needed. upload TTF/OTF as custom font (FontFace); Roblox does not use TMP SDF assets",verified
ThirdPartyResources/Font/NotoSansCJK/Sources/NotoSansSC-Regular.ttf,font,OFL-1.1,high,https://raw.githubusercontent.com/google/fonts/main/ofl/notosans/OFL.txt,A,"Noto Sans family (Google), SIL OFL 1.1; OFL archived at legal/licenses/NotoSans-OFL.txt; current google/fonts ships variable-font variants - re-download per style as needed. upload TTF/OTF as custom font (FontFace); Roblox does not use TMP SDF assets",verified
ThirdPartyResources/Font/NotoSansCJK/Sources/NotoSansTC-Bold.ttf,font,OFL-1.1,high,https://raw.githubusercontent.com/google/fonts/main/ofl/notosans/OFL.txt,A,"Noto Sans family (Google), SIL OFL 1.1; OFL archived at legal/licenses/NotoSans-OFL.txt; current google/fonts ships variable-font variants - re-download per style as needed. upload TTF/OTF as custom font (FontFace); Roblox does not use TMP SDF assets",verified
ThirdPartyResources/Font/NotoSansCJK/Sources/NotoSansTC-Regular.ttf,font,OFL-1.1,high,https://raw.githubusercontent.com/google/fonts/main/ofl/notosans/OFL.txt,A,"Noto Sans family (Google), SIL OFL 1.1; OFL archived at legal/licenses/NotoSans-OFL.txt; current google/fonts ships variable-font variants - re-download per style as needed. upload TTF/OTF as custom font (FontFace); Roblox does not use TMP SDF assets",verified
ThirdPartyResources/Font/NotoSansCJK/Sources/Range/JP_japanese_full.txt,other,OFL-1.1,medium,https://raw.githubusercontent.com/google/fonts/main/ofl/notosans/OFL.txt,rebuild,rebuilt natively in Roblox; nothing imported; TMP font-subsetting range list - Roblox does not subset fonts this way,publisher-disclosure
ThirdPartyResources/Font/NotoSansCJK/Sources/Range/KR_Korean-Hangul.txt,other,OFL-1.1,medium,https://raw.githubusercontent.com/google/fonts/main/ofl/notosans/OFL.txt,rebuild,rebuilt natively in Roblox; nothing imported; TMP font-subsetting range list - Roblox does not subset fonts this way,publisher-disclosure
ThirdPartyResources/Font/NotoSansCJK/Sources/Range/Latin-Complete.txt,other,OFL-1.1,medium,https://raw.githubusercontent.com/google/fonts/main/ofl/notosans/OFL.txt,rebuild,rebuilt natively in Roblox; nothing imported; TMP font-subsetting range list - Roblox does not subset fonts this way,publisher-disclosure
ThirdPartyResources/Font/NotoSansCJK/Sources/Range/SC_1-8105纯汉字（按顺序排列）.txt,other,OFL-1.1,medium,https://raw.githubusercontent.com/google/fonts/main/ofl/notosans/OFL.txt,rebuild,rebuilt natively in Roblox; nothing imported; TMP font-subsetting range list - Roblox does not subset fonts this way,publisher-disclosure
ThirdPartyResources/Font/NotoSansCJK/Sources/Range/TC_word-list.txt,other,OFL-1.1,medium,https://raw.githubusercontent.com/google/fonts/main/ofl/notosans/OFL.txt,rebuild,rebuilt natively in Roblox; nothing imported; TMP font-subsetting range list - Roblox does not subset fonts this way,publisher-disclosure
ThirdPartyResources/Font/NotoSansCJK/Sources/Range/common.txt,other,OFL-1.1,medium,https://raw.githubusercontent.com/google/fonts/main/ofl/notosans/OFL.txt,rebuild,rebuilt natively in Roblox; nothing imported; TMP font-subsetting range list - Roblox does not subset fonts this way,publisher-disclosure
ThirdPartyResources/Font/NotoSansCJK/noto sans_license.txt,other,OFL-1.1,medium,https://raw.githubusercontent.com/google/fonts/main/ofl/notosans/OFL.txt,rebuild,rebuilt natively in Roblox; nothing imported; TMP font-subsetting range list - Roblox does not subset fonts this way,publisher-disclosure
ThirdPartyResources/Font/Resources/LilitaOne-Regular Outline 64 SDF Atlas.png,texture,OFL-1.1,high,https://raw.githubusercontent.com/google/fonts/main/ofl/lilitaone/LilitaOne-Regular.ttf,rebuild,rebuilt natively in Roblox; nothing imported; TextMeshPro SDF font asset/atlas - Unity-only; Roblox imports the raw TTF/OTF (upload TTF/OTF as custom font (FontFace); Roblox does not use TMP SDF assets),verified
ThirdPartyResources/Font/Resources/LilitaOne-Regular Outline 64 SDF.asset,other,OFL-1.1,high,https://raw.githubusercontent.com/google/fonts/main/ofl/lilitaone/LilitaOne-Regular.ttf,rebuild,rebuilt natively in Roblox; nothing imported; TextMeshPro SDF font asset/atlas - Unity-only; Roblox imports the raw TTF/OTF (upload TTF/OTF as custom font (FontFace); Roblox does not use TMP SDF assets),verified
ThirdPartyResources/Font/Resources/LilitaOne-Regular Outline_Extended ASCII_64 SDF Atlas.png,texture,OFL-1.1,high,https://raw.githubusercontent.com/google/fonts/main/ofl/lilitaone/LilitaOne-Regular.ttf,rebuild,rebuilt natively in Roblox; nothing imported; TextMeshPro SDF font asset/atlas - Unity-only; Roblox imports the raw TTF/OTF (upload TTF/OTF as custom font (FontFace); Roblox does not use TMP SDF assets),verified
ThirdPartyResources/Font/Resources/LilitaOne-Regular Outline_Extended ASCII_64 SDF.asset,other,OFL-1.1,high,https://raw.githubusercontent.com/google/fonts/main/ofl/lilitaone/LilitaOne-Regular.ttf,rebuild,rebuilt natively in Roblox; nothing imported; TextMeshPro SDF font asset/atlas - Unity-only; Roblox imports the raw TTF/OTF (upload TTF/OTF as custom font (FontFace); Roblox does not use TMP SDF assets),verified
ThirdPartyResources/Font/Resources/Rude_NotoSansJP-Bold SDF.asset,other,OFL-1.1,high,https://raw.githubusercontent.com/google/fonts/main/ofl/notosans/OFL.txt,rebuild,rebuilt natively in Roblox; nothing imported; TextMeshPro SDF font asset/atlas - Unity-only; Roblox imports the raw TTF/OTF (upload TTF/OTF as custom font (FontFace); Roblox does not use TMP SDF assets),verified
ThirdPartyResources/Font/Resources/Rude_NotoSansKR-Bold SDF.asset,other,OFL-1.1,high,https://raw.githubusercontent.com/google/fonts/main/ofl/notosans/OFL.txt,rebuild,rebuilt natively in Roblox; nothing imported; TextMeshPro SDF font asset/atlas - Unity-only; Roblox imports the raw TTF/OTF (upload TTF/OTF as custom font (FontFace); Roblox does not use TMP SDF assets),verified
ThirdPartyResources/Font/Resources/Rude_NotoSansSC-Bold SDF.asset,other,OFL-1.1,high,https://raw.githubusercontent.com/google/fonts/main/ofl/notosans/OFL.txt,rebuild,rebuilt natively in Roblox; nothing imported; TextMeshPro SDF font asset/atlas - Unity-only; Roblox imports the raw TTF/OTF (upload TTF/OTF as custom font (FontFace); Roblox does not use TMP SDF assets),verified
ThirdPartyResources/Monsters/Alien/BossAlienLv1.prefab,other,Unity-EULA,high,https://www.codester.com/items/55926/bullethell-elemental-template-unity,rebuild,rebuilt natively in Roblox; nothing imported (boss/monster prefab+skill wiring is template logic; monster meshes themselves are Quaternius CC0 - see 3DModels/Monsters),unverified
ThirdPartyResources/Monsters/Alien/Orbital_PoisonBullet_2.asset,other,Unity-EULA,high,https://www.codester.com/items/55926/bullethell-elemental-template-unity,rebuild,rebuilt natively in Roblox; nothing imported (boss/monster prefab+skill wiring is template logic; monster meshes themselves are Quaternius CC0 - see 3DModels/Monsters),unverified
ThirdPartyResources/Monsters/Alien/Orbital_PoisonBullet_3.asset,other,Unity-EULA,high,https://www.codester.com/items/55926/bullethell-elemental-template-unity,rebuild,rebuilt natively in Roblox; nothing imported (boss/monster prefab+skill wiring is template logic; monster meshes themselves are Quaternius CC0 - see 3DModels/Monsters),unverified
ThirdPartyResources/Monsters/Alien/PoisonBulletTriple.asset,other,Unity-EULA,high,https://www.codester.com/items/55926/bullethell-elemental-template-unity,rebuild,rebuilt natively in Roblox; nothing imported (boss/monster prefab+skill wiring is template logic; monster meshes themselves are Quaternius CC0 - see 3DModels/Monsters),unverified
ThirdPartyResources/Monsters/Alien/PoisonBullet_Single.asset,other,Unity-EULA,high,https://www.codester.com/items/55926/bullethell-elemental-template-unity,rebuild,rebuilt natively in Roblox; nothing imported (boss/monster prefab+skill wiring is template logic; monster meshes themselves are Quaternius CC0 - see 3DModels/Monsters),unverified
ThirdPartyResources/Monsters/Alien/PoisonTrap.asset,other,Unity-EULA,high,https://www.codester.com/items/55926/bullethell-elemental-template-unity,rebuild,rebuilt natively in Roblox; nothing imported (boss/monster prefab+skill wiring is template logic; monster meshes themselves are Quaternius CC0 - see 3DModels/Monsters),unverified
ThirdPartyResources/Monsters/Alien/PosionPuddlePrefab.prefab,other,Unity-EULA,high,https://www.codester.com/items/55926/bullethell-elemental-template-unity,rebuild,rebuilt natively in Roblox; nothing imported (boss/monster prefab+skill wiring is template logic; monster meshes themselves are Quaternius CC0 - see 3DModels/Monsters),unverified
ThirdPartyResources/Monsters/Mushnub/BossMushnubLv1.prefab,other,Unity-EULA,high,https://www.codester.com/items/55926/bullethell-elemental-template-unity,rebuild,rebuilt natively in Roblox; nothing imported (boss/monster prefab+skill wiring is template logic; monster meshes themselves are Quaternius CC0 - see 3DModels/Monsters),unverified
ThirdPartyResources/Monsters/Mushnub/Orbital_PoisonBullet_1.asset,other,Unity-EULA,high,https://www.codester.com/items/55926/bullethell-elemental-template-unity,rebuild,rebuilt natively in Roblox; nothing imported (boss/monster prefab+skill wiring is template logic; monster meshes themselves are Quaternius CC0 - see 3DModels/Monsters),unverified
ThirdPartyResources/Monsters/Mushnub/PoisonBullet_1.asset,other,Unity-EULA,high,https://www.codester.com/items/55926/bullethell-elemental-template-unity,rebuild,rebuilt natively in Roblox; nothing imported (boss/monster prefab+skill wiring is template logic; monster meshes themselves are Quaternius CC0 - see 3DModels/Monsters),unverified
ThirdPartyResources/Monsters/Mushnub/PoisonProjectile_1.prefab,other,Unity-EULA,high,https://www.codester.com/items/55926/bullethell-elemental-template-unity,rebuild,rebuilt natively in Roblox; nothing imported (boss/monster prefab+skill wiring is template logic; monster meshes themselves are Quaternius CC0 - see 3DModels/Monsters),unverified
ThirdPartyResources/Monsters/Slime/Slime_Fire_Lv1.prefab,other,Unity-EULA,high,https://www.codester.com/items/55926/bullethell-elemental-template-unity,rebuild,rebuilt natively in Roblox; nothing imported (boss/monster prefab+skill wiring is template logic; monster meshes themselves are Quaternius CC0 - see 3DModels/Monsters),unverified
ThirdPartyResources/Monsters/Slime/Slime_Fire_Lv2.prefab,other,Unity-EULA,high,https://www.codester.com/items/55926/bullethell-elemental-template-unity,rebuild,rebuilt natively in Roblox; nothing imported (boss/monster prefab+skill wiring is template logic; monster meshes themselves are Quaternius CC0 - see 3DModels/Monsters),unverified
ThirdPartyResources/Monsters/Slime/Slime_Fire_Lv3.prefab,other,Unity-EULA,high,https://www.codester.com/items/55926/bullethell-elemental-template-unity,rebuild,rebuilt natively in Roblox; nothing imported (boss/monster prefab+skill wiring is template logic; monster meshes themselves are Quaternius CC0 - see 3DModels/Monsters),unverified
ThirdPartyResources/Monsters/Slime/Slime_Poison_Lv1.prefab,other,Unity-EULA,high,https://www.codester.com/items/55926/bullethell-elemental-template-unity,rebuild,rebuilt natively in Roblox; nothing imported (boss/monster prefab+skill wiring is template logic; monster meshes themselves are Quaternius CC0 - see 3DModels/Monsters),unverified
ThirdPartyResources/Monsters/Slime/Slime_Poison_Lv2.prefab,other,Unity-EULA,high,https://www.codester.com/items/55926/bullethell-elemental-template-unity,rebuild,rebuilt natively in Roblox; nothing imported (boss/monster prefab+skill wiring is template logic; monster meshes themselves are Quaternius CC0 - see 3DModels/Monsters),unverified
ThirdPartyResources/Monsters/Slime/Slime_Poison_Lv3.prefab,other,Unity-EULA,high,https://www.codester.com/items/55926/bullethell-elemental-template-unity,rebuild,rebuilt natively in Roblox; nothing imported (boss/monster prefab+skill wiring is template logic; monster meshes themselves are Quaternius CC0 - see 3DModels/Monsters),unverified
ThirdPartyResources/New UI/1.3.0UI/Backgrounds/BG2.png,texture,MIT,medium,https://www.codester.com/items/55926/bullethell-elemental-template-unity,B,publisher disclosure: NewUI images MIT by Evghenii Conev (no public original located 2026-09-02); keep MIT notice + disclosure with repo; upload Restricted anyway. texture <=1024px (Roblox downscales larger); OpenGL-normal convention if normal maps,publisher-disclosure
ThirdPartyResources/New UI/1.3.0UI/Backgrounds/BGRanking.png,texture,MIT,medium,https://www.codester.com/items/55926/bullethell-elemental-template-unity,B,publisher disclosure: NewUI images MIT by Evghenii Conev (no public original located 2026-09-02); keep MIT notice + disclosure with repo; upload Restricted anyway. texture <=1024px (Roblox downscales larger); OpenGL-normal convention if normal maps,publisher-disclosure
ThirdPartyResources/New UI/1.3.0UI/Backgrounds/BgFull.png,texture,MIT,medium,https://www.codester.com/items/55926/bullethell-elemental-template-unity,B,publisher disclosure: NewUI images MIT by Evghenii Conev (no public original located 2026-09-02); keep MIT notice + disclosure with repo; upload Restricted anyway. texture <=1024px (Roblox downscales larger); OpenGL-normal convention if normal maps,publisher-disclosure
ThirdPartyResources/New UI/1.3.0UI/Backgrounds/background-1.png,texture,MIT,medium,https://www.codester.com/items/55926/bullethell-elemental-template-unity,B,publisher disclosure: NewUI images MIT by Evghenii Conev (no public original located 2026-09-02); keep MIT notice + disclosure with repo; upload Restricted anyway. texture <=1024px (Roblox downscales larger); OpenGL-normal convention if normal maps,publisher-disclosure
ThirdPartyResources/New UI/1.3.0UI/Badges.png,texture,MIT,medium,https://www.codester.com/items/55926/bullethell-elemental-template-unity,B,publisher disclosure: NewUI images MIT by Evghenii Conev (no public original located 2026-09-02); keep MIT notice + disclosure with repo; upload Restricted anyway. texture <=1024px (Roblox downscales larger); OpenGL-normal convention if normal maps,publisher-disclosure
ThirdPartyResources/New UI/1.3.0UI/Bar/BarBG.png,texture,MIT,medium,https://www.codester.com/items/55926/bullethell-elemental-template-unity,B,publisher disclosure: NewUI images MIT by Evghenii Conev (no public original located 2026-09-02); keep MIT notice + disclosure with repo; upload Restricted anyway. texture <=1024px (Roblox downscales larger); OpenGL-normal convention if normal maps,publisher-disclosure
ThirdPartyResources/New UI/1.3.0UI/Bar/HPAlly.png,texture,MIT,medium,https://www.codester.com/items/55926/bullethell-elemental-template-unity,B,publisher disclosure: NewUI images MIT by Evghenii Conev (no public original located 2026-09-02); keep MIT notice + disclosure with repo; upload Restricted anyway. texture <=1024px (Roblox downscales larger); OpenGL-normal convention if normal maps,publisher-disclosure
ThirdPartyResources/New UI/1.3.0UI/Bar/HPCharacter.png,texture,MIT,medium,https://www.codester.com/items/55926/bullethell-elemental-template-unity,B,publisher disclosure: NewUI images MIT by Evghenii Conev (no public original located 2026-09-02); keep MIT notice + disclosure with repo; upload Restricted anyway. texture <=1024px (Roblox downscales larger); OpenGL-normal convention if normal maps,publisher-disclosure
ThirdPartyResources/New UI/1.3.0UI/Bar/HPDecrease.png,texture,MIT,medium,https://www.codester.com/items/55926/bullethell-elemental-template-unity,B,publisher disclosure: NewUI images MIT by Evghenii Conev (no public original located 2026-09-02); keep MIT notice + disclosure with repo; upload Restricted anyway. texture <=1024px (Roblox downscales larger); OpenGL-normal convention if normal maps,publisher-disclosure
ThirdPartyResources/New UI/1.3.0UI/Bar/HPEnemy.png,texture,MIT,medium,https://www.codester.com/items/55926/bullethell-elemental-template-unity,B,publisher disclosure: NewUI images MIT by Evghenii Conev (no public original located 2026-09-02); keep MIT notice + disclosure with repo; upload Restricted anyway. texture <=1024px (Roblox downscales larger); OpenGL-normal convention if normal maps,publisher-disclosure
ThirdPartyResources/New UI/1.3.0UI/Bar/HPIncrease.png,texture,MIT,medium,https://www.codester.com/items/55926/bullethell-elemental-template-unity,B,publisher disclosure: NewUI images MIT by Evghenii Conev (no public original located 2026-09-02); keep MIT notice + disclosure with repo; upload Restricted anyway. texture <=1024px (Roblox downscales larger); OpenGL-normal convention if normal maps,publisher-disclosure
ThirdPartyResources/New UI/1.3.0UI/BossBG.png,texture,MIT,medium,https://www.codester.com/items/55926/bullethell-elemental-template-unity,B,publisher disclosure: NewUI images MIT by Evghenii Conev (no public original located 2026-09-02); keep MIT notice + disclosure with repo; upload Restricted anyway. texture <=1024px (Roblox downscales larger); OpenGL-normal convention if normal maps,publisher-disclosure
ThirdPartyResources/New UI/1.3.0UI/Box_Buttons/BG_RewardDetail_Premium.png,texture,MIT,medium,https://www.codester.com/items/55926/bullethell-elemental-template-unity,B,publisher disclosure: NewUI images MIT by Evghenii Conev (no public original located 2026-09-02); keep MIT notice + disclosure with repo; upload Restricted anyway. texture <=1024px (Roblox downscales larger); OpenGL-normal convention if normal maps,publisher-disclosure
ThirdPartyResources/New UI/1.3.0UI/Box_Buttons/Box_Popup.png,texture,MIT,medium,https://www.codester.com/items/55926/bullethell-elemental-template-unity,B,publisher disclosure: NewUI images MIT by Evghenii Conev (no public original located 2026-09-02); keep MIT notice + disclosure with repo; upload Restricted anyway. texture <=1024px (Roblox downscales larger); OpenGL-normal convention if normal maps,publisher-disclosure
ThirdPartyResources/New UI/1.3.0UI/Box_Buttons/Button_W.png,texture,MIT,medium,https://www.codester.com/items/55926/bullethell-elemental-template-unity,B,publisher disclosure: NewUI images MIT by Evghenii Conev (no public original located 2026-09-02); keep MIT notice + disclosure with repo; upload Restricted anyway. texture <=1024px (Roblox downscales larger); OpenGL-normal convention if normal maps,publisher-disclosure
ThirdPartyResources/New UI/1.3.0UI/Box_Buttons/Circle_Button_w.png,texture,MIT,medium,https://www.codester.com/items/55926/bullethell-elemental-template-unity,B,publisher disclosure: NewUI images MIT by Evghenii Conev (no public original located 2026-09-02); keep MIT notice + disclosure with repo; upload Restricted anyway. texture <=1024px (Roblox downscales larger); OpenGL-normal convention if normal maps,publisher-disclosure
ThirdPartyResources/New UI/1.3.0UI/Box_Buttons/DropDown.png,texture,MIT,medium,https://www.codester.com/items/55926/bullethell-elemental-template-unity,B,publisher disclosure: NewUI images MIT by Evghenii Conev (no public original located 2026-09-02); keep MIT notice + disclosure with repo; upload Restricted anyway. texture <=1024px (Roblox downscales larger); OpenGL-normal convention if normal maps,publisher-disclosure
ThirdPartyResources/New UI/1.3.0UI/Box_Buttons/Label_Currency.png,texture,MIT,medium,https://www.codester.com/items/55926/bullethell-elemental-template-unity,B,publisher disclosure: NewUI images MIT by Evghenii Conev (no public original located 2026-09-02); keep MIT notice + disclosure with repo; upload Restricted anyway. texture <=1024px (Roblox downscales larger); OpenGL-normal convention if normal maps,publisher-disclosure
ThirdPartyResources/New UI/1.3.0UI/Box_Buttons/NickNameBG.png,texture,MIT,medium,https://www.codester.com/items/55926/bullethell-elemental-template-unity,B,publisher disclosure: NewUI images MIT by Evghenii Conev (no public original located 2026-09-02); keep MIT notice + disclosure with repo; upload Restricted anyway. texture <=1024px (Roblox downscales larger); OpenGL-normal convention if normal maps,publisher-disclosure
ThirdPartyResources/New UI/1.3.0UI/Box_Buttons/PopupFrame 1.png,texture,MIT,medium,https://www.codester.com/items/55926/bullethell-elemental-template-unity,B,publisher disclosure: NewUI images MIT by Evghenii Conev (no public original located 2026-09-02); keep MIT notice + disclosure with repo; upload Restricted anyway. texture <=1024px (Roblox downscales larger); OpenGL-normal convention if normal maps,publisher-disclosure
ThirdPartyResources/New UI/1.3.0UI/Box_Buttons/PopupFrame.png,texture,MIT,medium,https://www.codester.com/items/55926/bullethell-elemental-template-unity,B,publisher disclosure: NewUI images MIT by Evghenii Conev (no public original located 2026-09-02); keep MIT notice + disclosure with repo; upload Restricted anyway. texture <=1024px (Roblox downscales larger); OpenGL-normal convention if normal maps,publisher-disclosure
ThirdPartyResources/New UI/1.3.0UI/Box_Buttons/PremiumPassReward.png,texture,MIT,medium,https://www.codester.com/items/55926/bullethell-elemental-template-unity,B,publisher disclosure: NewUI images MIT by Evghenii Conev (no public original located 2026-09-02); keep MIT notice + disclosure with repo; upload Restricted anyway. texture <=1024px (Roblox downscales larger); OpenGL-normal convention if normal maps,publisher-disclosure
ThirdPartyResources/New UI/1.3.0UI/Box_Buttons/ProgressBG.png,texture,MIT,medium,https://www.codester.com/items/55926/bullethell-elemental-template-unity,B,publisher disclosure: NewUI images MIT by Evghenii Conev (no public original located 2026-09-02); keep MIT notice + disclosure with repo; upload Restricted anyway. texture <=1024px (Roblox downscales larger); OpenGL-normal convention if normal maps,publisher-disclosure
ThirdPartyResources/New UI/1.3.0UI/Box_Buttons/ProgressBar.png,texture,MIT,medium,https://www.codester.com/items/55926/bullethell-elemental-template-unity,B,publisher disclosure: NewUI images MIT by Evghenii Conev (no public original located 2026-09-02); keep MIT notice + disclosure with repo; upload Restricted anyway. texture <=1024px (Roblox downscales larger); OpenGL-normal convention if normal maps,publisher-disclosure
ThirdPartyResources/New UI/1.3.0UI/Box_Buttons/RankingEntry.png,texture,MIT,medium,https://www.codester.com/items/55926/bullethell-elemental-template-unity,B,publisher disclosure: NewUI images MIT by Evghenii Conev (no public original located 2026-09-02); keep MIT notice + disclosure with repo; upload Restricted anyway. texture <=1024px (Roblox downscales larger); OpenGL-normal convention if normal maps,publisher-disclosure
ThirdPartyResources/New UI/1.3.0UI/Box_Buttons/RankingEntrySelect.png,texture,MIT,medium,https://www.codester.com/items/55926/bullethell-elemental-template-unity,B,publisher disclosure: NewUI images MIT by Evghenii Conev (no public original located 2026-09-02); keep MIT notice + disclosure with repo; upload Restricted anyway. texture <=1024px (Roblox downscales larger); OpenGL-normal convention if normal maps,publisher-disclosure
ThirdPartyResources/New UI/1.3.0UI/Box_Buttons/Red_Dot.png,texture,MIT,medium,https://www.codester.com/items/55926/bullethell-elemental-template-unity,B,publisher disclosure: NewUI images MIT by Evghenii Conev (no public original located 2026-09-02); keep MIT notice + disclosure with repo; upload Restricted anyway. texture <=1024px (Roblox downscales larger); OpenGL-normal convention if normal maps,publisher-disclosure
ThirdPartyResources/New UI/1.3.0UI/Box_Buttons/Shop_Push_Tab_Light_Purple_Selected.png,texture,MIT,medium,https://www.codester.com/items/55926/bullethell-elemental-template-unity,B,publisher disclosure: NewUI images MIT by Evghenii Conev (no public original located 2026-09-02); keep MIT notice + disclosure with repo; upload Restricted anyway. texture <=1024px (Roblox downscales larger); OpenGL-normal convention if normal maps,publisher-disclosure
ThirdPartyResources/New UI/1.3.0UI/Box_Buttons/Shop_Push_Tag_Light_Purple_Unselected.png,texture,MIT,medium,https://www.codester.com/items/55926/bullethell-elemental-template-unity,B,publisher disclosure: NewUI images MIT by Evghenii Conev (no public original located 2026-09-02); keep MIT notice + disclosure with repo; upload Restricted anyway. texture <=1024px (Roblox downscales larger); OpenGL-normal convention if normal maps,publisher-disclosure
ThirdPartyResources/New UI/1.3.0UI/Box_Buttons/Shop_Push_Tag_Purple_Selected.png,texture,MIT,medium,https://www.codester.com/items/55926/bullethell-elemental-template-unity,B,publisher disclosure: NewUI images MIT by Evghenii Conev (no public original located 2026-09-02); keep MIT notice + disclosure with repo; upload Restricted anyway. texture <=1024px (Roblox downscales larger); OpenGL-normal convention if normal maps,publisher-disclosure
ThirdPartyResources/New UI/1.3.0UI/Box_Buttons/Shop_Push_Tag_Purple_Unselected.png,texture,MIT,medium,https://www.codester.com/items/55926/bullethell-elemental-template-unity,B,publisher disclosure: NewUI images MIT by Evghenii Conev (no public original located 2026-09-02); keep MIT notice + disclosure with repo; upload Restricted anyway. texture <=1024px (Roblox downscales larger); OpenGL-normal convention if normal maps,publisher-disclosure
ThirdPartyResources/New UI/1.3.0UI/Box_Buttons/SkinMask.png,texture,MIT,medium,https://www.codester.com/items/55926/bullethell-elemental-template-unity,B,publisher disclosure: NewUI images MIT by Evghenii Conev (no public original located 2026-09-02); keep MIT notice + disclosure with repo; upload Restricted anyway. texture <=1024px (Roblox downscales larger); OpenGL-normal convention if normal maps,publisher-disclosure
ThirdPartyResources/New UI/1.3.0UI/Box_Buttons/active.png,texture,MIT,medium,https://www.codester.com/items/55926/bullethell-elemental-template-unity,B,publisher disclosure: NewUI images MIT by Evghenii Conev (no public original located 2026-09-02); keep MIT notice + disclosure with repo; upload Restricted anyway. texture <=1024px (Roblox downscales larger); OpenGL-normal convention if normal maps,publisher-disclosure
ThirdPartyResources/New UI/1.3.0UI/Box_Buttons/freePassReward.png,texture,MIT,medium,https://www.codester.com/items/55926/bullethell-elemental-template-unity,B,publisher disclosure: NewUI images MIT by Evghenii Conev (no public original located 2026-09-02); keep MIT notice + disclosure with repo; upload Restricted anyway. texture <=1024px (Roblox downscales larger); OpenGL-normal convention if normal maps,publisher-disclosure
ThirdPartyResources/New UI/1.3.0UI/Box_Buttons/ins_bottom.png,texture,MIT,medium,https://www.codester.com/items/55926/bullethell-elemental-template-unity,B,publisher disclosure: NewUI images MIT by Evghenii Conev (no public original located 2026-09-02); keep MIT notice + disclosure with repo; upload Restricted anyway. texture <=1024px (Roblox downscales larger); OpenGL-normal convention if normal maps,publisher-disclosure
ThirdPartyResources/New UI/1.3.0UI/Box_Buttons/ins_middle.png,texture,MIT,medium,https://www.codester.com/items/55926/bullethell-elemental-template-unity,B,publisher disclosure: NewUI images MIT by Evghenii Conev (no public original located 2026-09-02); keep MIT notice + disclosure with repo; upload Restricted anyway. texture <=1024px (Roblox downscales larger); OpenGL-normal convention if normal maps,publisher-disclosure
ThirdPartyResources/New UI/1.3.0UI/Box_Buttons/ins_top.png,texture,MIT,medium,https://www.codester.com/items/55926/bullethell-elemental-template-unity,B,publisher disclosure: NewUI images MIT by Evghenii Conev (no public original located 2026-09-02); keep MIT notice + disclosure with repo; upload Restricted anyway. texture <=1024px (Roblox downscales larger); OpenGL-normal convention if normal maps,publisher-disclosure
ThirdPartyResources/New UI/1.3.0UI/Box_Buttons/noactive.png,texture,MIT,medium,https://www.codester.com/items/55926/bullethell-elemental-template-unity,B,publisher disclosure: NewUI images MIT by Evghenii Conev (no public original located 2026-09-02); keep MIT notice + disclosure with repo; upload Restricted anyway. texture <=1024px (Roblox downscales larger); OpenGL-normal convention if normal maps,publisher-disclosure
ThirdPartyResources/New UI/1.3.0UI/Box_Buttons/progressbar_yellow.png,texture,MIT,medium,https://www.codester.com/items/55926/bullethell-elemental-template-unity,B,publisher disclosure: NewUI images MIT by Evghenii Conev (no public original located 2026-09-02); keep MIT notice + disclosure with repo; upload Restricted anyway. texture <=1024px (Roblox downscales larger); OpenGL-normal convention if normal maps,publisher-disclosure
ThirdPartyResources/New UI/1.3.0UI/Box_Buttons/t_activity_bg_camp_Progress.png,texture,MIT,medium,https://www.codester.com/items/55926/bullethell-elemental-template-unity,B,publisher disclosure: NewUI images MIT by Evghenii Conev (no public original located 2026-09-02); keep MIT notice + disclosure with repo; upload Restricted anyway. texture <=1024px (Roblox downscales larger); OpenGL-normal convention if normal maps,publisher-disclosure
ThirdPartyResources/New UI/1.3.0UI/Box_Buttons/vip_cell.png,texture,MIT,medium,https://www.codester.com/items/55926/bullethell-elemental-template-unity,B,publisher disclosure: NewUI images MIT by Evghenii Conev (no public original located 2026-09-02); keep MIT notice + disclosure with repo; upload Restricted anyway. texture <=1024px (Roblox downscales larger); OpenGL-normal convention if normal maps,publisher-disclosure
ThirdPartyResources/New UI/1.3.0UI/CharUI_Equip_BG.png,texture,MIT,medium,https://www.codester.com/items/55926/bullethell-elemental-template-unity,B,publisher disclosure: NewUI images MIT by Evghenii Conev (no public original located 2026-09-02); keep MIT notice + disclosure with repo; upload Restricted anyway. texture <=1024px (Roblox downscales larger); OpenGL-normal convention if normal maps,publisher-disclosure
ThirdPartyResources/New UI/1.3.0UI/CharacterIcons/VincentIcon.png,texture,MIT,medium,https://www.codester.com/items/55926/bullethell-elemental-template-unity,B,publisher disclosure: NewUI images MIT by Evghenii Conev (no public original located 2026-09-02); keep MIT notice + disclosure with repo; upload Restricted anyway. texture <=1024px (Roblox downscales larger); OpenGL-normal convention if normal maps,publisher-disclosure
ThirdPartyResources/New UI/1.3.0UI/CharacterSelection/Rarity_Select_Common.png,texture,MIT,medium,https://www.codester.com/items/55926/bullethell-elemental-template-unity,B,publisher disclosure: NewUI images MIT by Evghenii Conev (no public original located 2026-09-02); keep MIT notice + disclosure with repo; upload Restricted anyway. texture <=1024px (Roblox downscales larger); OpenGL-normal convention if normal maps,publisher-disclosure
ThirdPartyResources/New UI/1.3.0UI/CharacterSelection/Rarity_Select_Epic.png,texture,MIT,medium,https://www.codester.com/items/55926/bullethell-elemental-template-unity,B,publisher disclosure: NewUI images MIT by Evghenii Conev (no public original located 2026-09-02); keep MIT notice + disclosure with repo; upload Restricted anyway. texture <=1024px (Roblox downscales larger); OpenGL-normal convention if normal maps,publisher-disclosure
ThirdPartyResources/New UI/1.3.0UI/CharacterSelection/Rarity_Select_Rare.png,texture,MIT,medium,https://www.codester.com/items/55926/bullethell-elemental-template-unity,B,publisher disclosure: NewUI images MIT by Evghenii Conev (no public original located 2026-09-02); keep MIT notice + disclosure with repo; upload Restricted anyway. texture <=1024px (Roblox downscales larger); OpenGL-normal convention if normal maps,publisher-disclosure
ThirdPartyResources/New UI/1.3.0UI/CharacterSelection/Rarity_Select_Uncommon.png,texture,MIT,medium,https://www.codester.com/items/55926/bullethell-elemental-template-unity,B,publisher disclosure: NewUI images MIT by Evghenii Conev (no public original located 2026-09-02); keep MIT notice + disclosure with repo; upload Restricted anyway. texture <=1024px (Roblox downscales larger); OpenGL-normal convention if normal maps,publisher-disclosure
ThirdPartyResources/New UI/1.3.0UI/CharacterSelection/Rarity_Select_legendary.png,texture,MIT,medium,https://www.codester.com/items/55926/bullethell-elemental-template-unity,B,publisher disclosure: NewUI images MIT by Evghenii Conev (no public original located 2026-09-02); keep MIT notice + disclosure with repo; upload Restricted anyway. texture <=1024px (Roblox downscales larger); OpenGL-normal convention if normal maps,publisher-disclosure
ThirdPartyResources/New UI/1.3.0UI/CharacterSelection/RuneBG.png,texture,MIT,medium,https://www.codester.com/items/55926/bullethell-elemental-template-unity,B,publisher disclosure: NewUI images MIT by Evghenii Conev (no public original located 2026-09-02); keep MIT notice + disclosure with repo; upload Restricted anyway. texture <=1024px (Roblox downscales larger); OpenGL-normal convention if normal maps,publisher-disclosure
ThirdPartyResources/New UI/1.3.0UI/CharacterSelection/RuneDamageBG.png,texture,MIT,medium,https://www.codester.com/items/55926/bullethell-elemental-template-unity,B,publisher disclosure: NewUI images MIT by Evghenii Conev (no public original located 2026-09-02); keep MIT notice + disclosure with repo; upload Restricted anyway. texture <=1024px (Roblox downscales larger); OpenGL-normal convention if normal maps,publisher-disclosure
ThirdPartyResources/New UI/1.3.0UI/CharacterSelection/RuneDefenseBG.png,texture,MIT,medium,https://www.codester.com/items/55926/bullethell-elemental-template-unity,B,publisher disclosure: NewUI images MIT by Evghenii Conev (no public original located 2026-09-02); keep MIT notice + disclosure with repo; upload Restricted anyway. texture <=1024px (Roblox downscales larger); OpenGL-normal convention if normal maps,publisher-disclosure
ThirdPartyResources/New UI/1.3.0UI/CharacterSelection/RuneEnergyBG.png,texture,MIT,medium,https://www.codester.com/items/55926/bullethell-elemental-template-unity,B,publisher disclosure: NewUI images MIT by Evghenii Conev (no public original located 2026-09-02); keep MIT notice + disclosure with repo; upload Restricted anyway. texture <=1024px (Roblox downscales larger); OpenGL-normal convention if normal maps,publisher-disclosure
ThirdPartyResources/New UI/1.3.0UI/CharacterSelection/RuneSelected.png,texture,MIT,medium,https://www.codester.com/items/55926/bullethell-elemental-template-unity,B,publisher disclosure: NewUI images MIT by Evghenii Conev (no public original located 2026-09-02); keep MIT notice + disclosure with repo; upload Restricted anyway. texture <=1024px (Roblox downscales larger); OpenGL-normal convention if normal maps,publisher-disclosure
ThirdPartyResources/New UI/1.3.0UI/CharacterSelection/SkinBG.png,texture,MIT,medium,https://www.codester.com/items/55926/bullethell-elemental-template-unity,B,publisher disclosure: NewUI images MIT by Evghenii Conev (no public original located 2026-09-02); keep MIT notice + disclosure with repo; upload Restricted anyway. texture <=1024px (Roblox downscales larger); OpenGL-normal convention if normal maps,publisher-disclosure
ThirdPartyResources/New UI/1.3.0UI/CharacterSelection/SkinSelected.png,texture,MIT,medium,https://www.codester.com/items/55926/bullethell-elemental-template-unity,B,publisher disclosure: NewUI images MIT by Evghenii Conev (no public original located 2026-09-02); keep MIT notice + disclosure with repo; upload Restricted anyway. texture <=1024px (Roblox downscales larger); OpenGL-normal convention if normal maps,publisher-disclosure
ThirdPartyResources/New UI/1.3.0UI/ClassIcon/MageIcon.png,texture,MIT,medium,https://www.codester.com/items/55926/bullethell-elemental-template-unity,B,publisher disclosure: NewUI images MIT by Evghenii Conev (no public original located 2026-09-02); keep MIT notice + disclosure with repo; upload Restricted anyway. texture <=1024px (Roblox downscales larger); OpenGL-normal convention if normal maps,publisher-disclosure
ThirdPartyResources/New UI/1.3.0UI/ClassIcon/ShooterIcon.png,texture,MIT,medium,https://www.codester.com/items/55926/bullethell-elemental-template-unity,B,publisher disclosure: NewUI images MIT by Evghenii Conev (no public original located 2026-09-02); keep MIT notice + disclosure with repo; upload Restricted anyway. texture <=1024px (Roblox downscales larger); OpenGL-normal convention if normal maps,publisher-disclosure
ThirdPartyResources/New UI/1.3.0UI/ClassIcon/SlayerIcon.png,texture,MIT,medium,https://www.codester.com/items/55926/bullethell-elemental-template-unity,B,publisher disclosure: NewUI images MIT by Evghenii Conev (no public original located 2026-09-02); keep MIT notice + disclosure with repo; upload Restricted anyway. texture <=1024px (Roblox downscales larger); OpenGL-normal convention if normal maps,publisher-disclosure
ThirdPartyResources/New UI/1.3.0UI/ClassIcon/WarriorIcon.png,texture,MIT,medium,https://www.codester.com/items/55926/bullethell-elemental-template-unity,B,publisher disclosure: NewUI images MIT by Evghenii Conev (no public original located 2026-09-02); keep MIT notice + disclosure with repo; upload Restricted anyway. texture <=1024px (Roblox downscales larger); OpenGL-normal convention if normal maps,publisher-disclosure
ThirdPartyResources/New UI/1.3.0UI/Gameplay/Joystick.png,texture,MIT,medium,https://www.codester.com/items/55926/bullethell-elemental-template-unity,B,publisher disclosure: NewUI images MIT by Evghenii Conev (no public original located 2026-09-02); keep MIT notice + disclosure with repo; upload Restricted anyway. texture <=1024px (Roblox downscales larger); OpenGL-normal convention if normal maps,publisher-disclosure
ThirdPartyResources/New UI/1.3.0UI/Gameplay/JoystickBG.png,texture,MIT,medium,https://www.codester.com/items/55926/bullethell-elemental-template-unity,B,publisher disclosure: NewUI images MIT by Evghenii Conev (no public original located 2026-09-02); keep MIT notice + disclosure with repo; upload Restricted anyway. texture <=1024px (Roblox downscales larger); OpenGL-normal convention if normal maps,publisher-disclosure
ThirdPartyResources/New UI/1.3.0UI/Gameplay/SkillBG.png,texture,MIT,medium,https://www.codester.com/items/55926/bullethell-elemental-template-unity,B,publisher disclosure: NewUI images MIT by Evghenii Conev (no public original located 2026-09-02); keep MIT notice + disclosure with repo; upload Restricted anyway. texture <=1024px (Roblox downscales larger); OpenGL-normal convention if normal maps,publisher-disclosure
ThirdPartyResources/New UI/1.3.0UI/Gameplay/SkillCooldown.png,texture,MIT,medium,https://www.codester.com/items/55926/bullethell-elemental-template-unity,B,publisher disclosure: NewUI images MIT by Evghenii Conev (no public original located 2026-09-02); keep MIT notice + disclosure with repo; upload Restricted anyway. texture <=1024px (Roblox downscales larger); OpenGL-normal convention if normal maps,publisher-disclosure
ThirdPartyResources/New UI/1.3.0UI/Gameplay/SkillJoystick.png,texture,MIT,medium,https://www.codester.com/items/55926/bullethell-elemental-template-unity,B,publisher disclosure: NewUI images MIT by Evghenii Conev (no public original located 2026-09-02); keep MIT notice + disclosure with repo; upload Restricted anyway. texture <=1024px (Roblox downscales larger); OpenGL-normal convention if normal maps,publisher-disclosure
ThirdPartyResources/New UI/1.3.0UI/Gameplay/SkillJoystickBG.png,texture,MIT,medium,https://www.codester.com/items/55926/bullethell-elemental-template-unity,B,publisher disclosure: NewUI images MIT by Evghenii Conev (no public original located 2026-09-02); keep MIT notice + disclosure with repo; upload Restricted anyway. texture <=1024px (Roblox downscales larger); OpenGL-normal convention if normal maps,publisher-disclosure
ThirdPartyResources/New UI/1.3.0UI/Glow_1.png,texture,MIT,medium,https://www.codester.com/items/55926/bullethell-elemental-template-unity,B,publisher disclosure: NewUI images MIT by Evghenii Conev (no public original located 2026-09-02); keep MIT notice + disclosure with repo; upload Restricted anyway. texture <=1024px (Roblox downscales larger); OpenGL-normal convention if normal maps,publisher-disclosure
ThirdPartyResources/New UI/1.3.0UI/Glow_2.png,texture,MIT,medium,https://www.codester.com/items/55926/bullethell-elemental-template-unity,B,publisher disclosure: NewUI images MIT by Evghenii Conev (no public original located 2026-09-02); keep MIT notice + disclosure with repo; upload Restricted anyway. texture <=1024px (Roblox downscales larger); OpenGL-normal convention if normal maps,publisher-disclosure
ThirdPartyResources/New UI/1.3.0UI/Gradient/HorizontalGradient.png,texture,MIT,medium,https://www.codester.com/items/55926/bullethell-elemental-template-unity,B,publisher disclosure: NewUI images MIT by Evghenii Conev (no public original located 2026-09-02); keep MIT notice + disclosure with repo; upload Restricted anyway. texture <=1024px (Roblox downscales larger); OpenGL-normal convention if normal maps,publisher-disclosure
ThirdPartyResources/New UI/1.3.0UI/Gradient/LargeVerticalGradient.png,texture,MIT,medium,https://www.codester.com/items/55926/bullethell-elemental-template-unity,B,publisher disclosure: NewUI images MIT by Evghenii Conev (no public original located 2026-09-02); keep MIT notice + disclosure with repo; upload Restricted anyway. texture <=1024px (Roblox downscales larger); OpenGL-normal convention if normal maps,publisher-disclosure
ThirdPartyResources/New UI/1.3.0UI/Gradient/Lit_Vertical1Gradient.png,texture,MIT,medium,https://www.codester.com/items/55926/bullethell-elemental-template-unity,B,publisher disclosure: NewUI images MIT by Evghenii Conev (no public original located 2026-09-02); keep MIT notice + disclosure with repo; upload Restricted anyway. texture <=1024px (Roblox downscales larger); OpenGL-normal convention if normal maps,publisher-disclosure
ThirdPartyResources/New UI/1.3.0UI/Gradient/Lit_Vertical2Gradient.png,texture,MIT,medium,https://www.codester.com/items/55926/bullethell-elemental-template-unity,B,publisher disclosure: NewUI images MIT by Evghenii Conev (no public original located 2026-09-02); keep MIT notice + disclosure with repo; upload Restricted anyway. texture <=1024px (Roblox downscales larger); OpenGL-normal convention if normal maps,publisher-disclosure
ThirdPartyResources/New UI/1.3.0UI/Gradient/Med_VerticalGradient.png,texture,MIT,medium,https://www.codester.com/items/55926/bullethell-elemental-template-unity,B,publisher disclosure: NewUI images MIT by Evghenii Conev (no public original located 2026-09-02); keep MIT notice + disclosure with repo; upload Restricted anyway. texture <=1024px (Roblox downscales larger); OpenGL-normal convention if normal maps,publisher-disclosure
ThirdPartyResources/New UI/1.3.0UI/Icons/AddSlotIcon.png,texture,MIT,medium,https://www.codester.com/items/55926/bullethell-elemental-template-unity,B,publisher disclosure: NewUI images MIT by Evghenii Conev (no public original located 2026-09-02); keep MIT notice + disclosure with repo; upload Restricted anyway. texture <=1024px (Roblox downscales larger); OpenGL-normal convention if normal maps,publisher-disclosure
ThirdPartyResources/New UI/1.3.0UI/Icons/Blue Diamond 1st Outline 256px.png,texture,MIT,medium,https://www.codester.com/items/55926/bullethell-elemental-template-unity,B,publisher disclosure: NewUI images MIT by Evghenii Conev (no public original located 2026-09-02); keep MIT notice + disclosure with repo; upload Restricted anyway. texture <=1024px (Roblox downscales larger); OpenGL-normal convention if normal maps,publisher-disclosure
ThirdPartyResources/New UI/1.3.0UI/Icons/Calendar 1st Outline 64px.png,texture,MIT,medium,https://www.codester.com/items/55926/bullethell-elemental-template-unity,B,publisher disclosure: NewUI images MIT by Evghenii Conev (no public original located 2026-09-02); keep MIT notice + disclosure with repo; upload Restricted anyway. texture <=1024px (Roblox downscales larger); OpenGL-normal convention if normal maps,publisher-disclosure
ThirdPartyResources/New UI/1.3.0UI/Icons/DragHand.png,texture,MIT,medium,https://www.codester.com/items/55926/bullethell-elemental-template-unity,B,publisher disclosure: NewUI images MIT by Evghenii Conev (no public original located 2026-09-02); keep MIT notice + disclosure with repo; upload Restricted anyway. texture <=1024px (Roblox downscales larger); OpenGL-normal convention if normal maps,publisher-disclosure
ThirdPartyResources/New UI/1.3.0UI/Icons/EnergyIcon.png,texture,MIT,medium,https://www.codester.com/items/55926/bullethell-elemental-template-unity,B,publisher disclosure: NewUI images MIT by Evghenii Conev (no public original located 2026-09-02); keep MIT notice + disclosure with repo; upload Restricted anyway. texture <=1024px (Roblox downscales larger); OpenGL-normal convention if normal maps,publisher-disclosure
ThirdPartyResources/New UI/1.3.0UI/Icons/Gift1.png,texture,MIT,medium,https://www.codester.com/items/55926/bullethell-elemental-template-unity,B,publisher disclosure: NewUI images MIT by Evghenii Conev (no public original located 2026-09-02); keep MIT notice + disclosure with repo; upload Restricted anyway. texture <=1024px (Roblox downscales larger); OpenGL-normal convention if normal maps,publisher-disclosure
ThirdPartyResources/New UI/1.3.0UI/Icons/Golden Coin 1st Outline 256px.png,texture,MIT,medium,https://www.codester.com/items/55926/bullethell-elemental-template-unity,B,publisher disclosure: NewUI images MIT by Evghenii Conev (no public original located 2026-09-02); keep MIT notice + disclosure with repo; upload Restricted anyway. texture <=1024px (Roblox downscales larger); OpenGL-normal convention if normal maps,publisher-disclosure
ThirdPartyResources/New UI/1.3.0UI/Icons/Golden Trophy 1st Outline 256px.png,texture,MIT,medium,https://www.codester.com/items/55926/bullethell-elemental-template-unity,B,publisher disclosure: NewUI images MIT by Evghenii Conev (no public original located 2026-09-02); keep MIT notice + disclosure with repo; upload Restricted anyway. texture <=1024px (Roblox downscales larger); OpenGL-normal convention if normal maps,publisher-disclosure
ThirdPartyResources/New UI/1.3.0UI/Icons/Green Upgrade 2nd Outline 256px.png,texture,MIT,medium,https://www.codester.com/items/55926/bullethell-elemental-template-unity,B,publisher disclosure: NewUI images MIT by Evghenii Conev (no public original located 2026-09-02); keep MIT notice + disclosure with repo; upload Restricted anyway. texture <=1024px (Roblox downscales larger); OpenGL-normal convention if normal maps,publisher-disclosure
ThirdPartyResources/New UI/1.3.0UI/Icons/Guide_KB_WSAD.png,texture,MIT,medium,https://www.codester.com/items/55926/bullethell-elemental-template-unity,B,publisher disclosure: NewUI images MIT by Evghenii Conev (no public original located 2026-09-02); keep MIT notice + disclosure with repo; upload Restricted anyway. texture <=1024px (Roblox downscales larger); OpenGL-normal convention if normal maps,publisher-disclosure
ThirdPartyResources/New UI/1.3.0UI/Icons/Icon_Bag.Png,texture,MIT,medium,https://www.codester.com/items/55926/bullethell-elemental-template-unity,B,publisher disclosure: NewUI images MIT by Evghenii Conev (no public original located 2026-09-02); keep MIT notice + disclosure with repo; upload Restricted anyway. texture <=1024px (Roblox downscales larger); OpenGL-normal convention if normal maps,publisher-disclosure
ThirdPartyResources/New UI/1.3.0UI/Icons/RankIcon.png,texture,MIT,medium,https://www.codester.com/items/55926/bullethell-elemental-template-unity,B,publisher disclosure: NewUI images MIT by Evghenii Conev (no public original located 2026-09-02); keep MIT notice + disclosure with repo; upload Restricted anyway. texture <=1024px (Roblox downscales larger); OpenGL-normal convention if normal maps,publisher-disclosure
ThirdPartyResources/New UI/1.3.0UI/Icons/Refresh.png,texture,MIT,medium,https://www.codester.com/items/55926/bullethell-elemental-template-unity,B,publisher disclosure: NewUI images MIT by Evghenii Conev (no public original located 2026-09-02); keep MIT notice + disclosure with repo; upload Restricted anyway. texture <=1024px (Roblox downscales larger); OpenGL-normal convention if normal maps,publisher-disclosure
ThirdPartyResources/New UI/1.3.0UI/Icons/SelectArrow.png,texture,MIT,medium,https://www.codester.com/items/55926/bullethell-elemental-template-unity,B,publisher disclosure: NewUI images MIT by Evghenii Conev (no public original located 2026-09-02); keep MIT notice + disclosure with repo; upload Restricted anyway. texture <=1024px (Roblox downscales larger); OpenGL-normal convention if normal maps,publisher-disclosure
ThirdPartyResources/New UI/1.3.0UI/Icons/SkinsIcon.png,texture,MIT,medium,https://www.codester.com/items/55926/bullethell-elemental-template-unity,B,publisher disclosure: NewUI images MIT by Evghenii Conev (no public original located 2026-09-02); keep MIT notice + disclosure with repo; upload Restricted anyway. texture <=1024px (Roblox downscales larger); OpenGL-normal convention if normal maps,publisher-disclosure
ThirdPartyResources/New UI/1.3.0UI/Icons/TVAds.png,texture,MIT,medium,https://www.codester.com/items/55926/bullethell-elemental-template-unity,B,publisher disclosure: NewUI images MIT by Evghenii Conev (no public original located 2026-09-02); keep MIT notice + disclosure with repo; upload Restricted anyway. texture <=1024px (Roblox downscales larger); OpenGL-normal convention if normal maps,publisher-disclosure
ThirdPartyResources/New UI/1.3.0UI/Icons/Target.png,texture,MIT,medium,https://www.codester.com/items/55926/bullethell-elemental-template-unity,B,publisher disclosure: NewUI images MIT by Evghenii Conev (no public original located 2026-09-02); keep MIT notice + disclosure with repo; upload Restricted anyway. texture <=1024px (Roblox downscales larger); OpenGL-normal convention if normal maps,publisher-disclosure
ThirdPartyResources/New UI/1.3.0UI/Icons/Thunder.png,texture,MIT,medium,https://www.codester.com/items/55926/bullethell-elemental-template-unity,B,publisher disclosure: NewUI images MIT by Evghenii Conev (no public original located 2026-09-02); keep MIT notice + disclosure with repo; upload Restricted anyway. texture <=1024px (Roblox downscales larger); OpenGL-normal convention if normal maps,publisher-disclosure
ThirdPartyResources/New UI/1.3.0UI/Icons/Ticket.png,texture,MIT,medium,https://www.codester.com/items/55926/bullethell-elemental-template-unity,B,publisher disclosure: NewUI images MIT by Evghenii Conev (no public original located 2026-09-02); keep MIT notice + disclosure with repo; upload Restricted anyway. texture <=1024px (Roblox downscales larger); OpenGL-normal convention if normal maps,publisher-disclosure
ThirdPartyResources/New UI/1.3.0UI/Icons/UpgradeCoin.png,texture,MIT,medium,https://www.codester.com/items/55926/bullethell-elemental-template-unity,B,publisher disclosure: NewUI images MIT by Evghenii Conev (no public original located 2026-09-02); keep MIT notice + disclosure with repo; upload Restricted anyway. texture <=1024px (Roblox downscales larger); OpenGL-normal convention if normal maps,publisher-disclosure
ThirdPartyResources/New UI/1.3.0UI/Icons/Vip_Arrow.png,texture,MIT,medium,https://www.codester.com/items/55926/bullethell-elemental-template-unity,B,publisher disclosure: NewUI images MIT by Evghenii Conev (no public original located 2026-09-02); keep MIT notice + disclosure with repo; upload Restricted anyway. texture <=1024px (Roblox downscales larger); OpenGL-normal convention if normal maps,publisher-disclosure
ThirdPartyResources/New UI/1.3.0UI/Icons/accountExpIcon.png,texture,MIT,medium,https://www.codester.com/items/55926/bullethell-elemental-template-unity,B,publisher disclosure: NewUI images MIT by Evghenii Conev (no public original located 2026-09-02); keep MIT notice + disclosure with repo; upload Restricted anyway. texture <=1024px (Roblox downscales larger); OpenGL-normal convention if normal maps,publisher-disclosure
ThirdPartyResources/New UI/1.3.0UI/Icons/arrow_0.png,texture,MIT,medium,https://www.codester.com/items/55926/bullethell-elemental-template-unity,B,publisher disclosure: NewUI images MIT by Evghenii Conev (no public original located 2026-09-02); keep MIT notice + disclosure with repo; upload Restricted anyway. texture <=1024px (Roblox downscales larger); OpenGL-normal convention if normal maps,publisher-disclosure
ThirdPartyResources/New UI/1.3.0UI/Icons/characterExpIcon.png,texture,MIT,medium,https://www.codester.com/items/55926/bullethell-elemental-template-unity,B,publisher disclosure: NewUI images MIT by Evghenii Conev (no public original located 2026-09-02); keep MIT notice + disclosure with repo; upload Restricted anyway. texture <=1024px (Roblox downscales larger); OpenGL-normal convention if normal maps,publisher-disclosure
ThirdPartyResources/New UI/1.3.0UI/Icons/check_icon.png,texture,MIT,medium,https://www.codester.com/items/55926/bullethell-elemental-template-unity,B,publisher disclosure: NewUI images MIT by Evghenii Conev (no public original located 2026-09-02); keep MIT notice + disclosure with repo; upload Restricted anyway. texture <=1024px (Roblox downscales larger); OpenGL-normal convention if normal maps,publisher-disclosure
ThirdPartyResources/New UI/1.3.0UI/Icons/hero_assist_plus.png,texture,MIT,medium,https://www.codester.com/items/55926/bullethell-elemental-template-unity,B,publisher disclosure: NewUI images MIT by Evghenii Conev (no public original located 2026-09-02); keep MIT notice + disclosure with repo; upload Restricted anyway. texture <=1024px (Roblox downscales larger); OpenGL-normal convention if normal maps,publisher-disclosure
ThirdPartyResources/New UI/1.3.0UI/Icons/home.png,texture,MIT,medium,https://www.codester.com/items/55926/bullethell-elemental-template-unity,B,publisher disclosure: NewUI images MIT by Evghenii Conev (no public original located 2026-09-02); keep MIT notice + disclosure with repo; upload Restricted anyway. texture <=1024px (Roblox downscales larger); OpenGL-normal convention if normal maps,publisher-disclosure
ThirdPartyResources/New UI/1.3.0UI/Icons/icon_Plus.Png,texture,MIT,medium,https://www.codester.com/items/55926/bullethell-elemental-template-unity,B,publisher disclosure: NewUI images MIT by Evghenii Conev (no public original located 2026-09-02); keep MIT notice + disclosure with repo; upload Restricted anyway. texture <=1024px (Roblox downscales larger); OpenGL-normal convention if normal maps,publisher-disclosure
ThirdPartyResources/New UI/1.3.0UI/Icons/icon_instruction.png,texture,MIT,medium,https://www.codester.com/items/55926/bullethell-elemental-template-unity,B,publisher disclosure: NewUI images MIT by Evghenii Conev (no public original located 2026-09-02); keep MIT notice + disclosure with repo; upload Restricted anyway. texture <=1024px (Roblox downscales larger); OpenGL-normal convention if normal maps,publisher-disclosure
ThirdPartyResources/New UI/1.3.0UI/Icons/jingzhidun.png,texture,MIT,medium,https://www.codester.com/items/55926/bullethell-elemental-template-unity,B,publisher disclosure: NewUI images MIT by Evghenii Conev (no public original located 2026-09-02); keep MIT notice + disclosure with repo; upload Restricted anyway. texture <=1024px (Roblox downscales larger); OpenGL-normal convention if normal maps,publisher-disclosure
ThirdPartyResources/New UI/1.3.0UI/Icons/lock_0.png,texture,MIT,medium,https://www.codester.com/items/55926/bullethell-elemental-template-unity,B,publisher disclosure: NewUI images MIT by Evghenii Conev (no public original located 2026-09-02); keep MIT notice + disclosure with repo; upload Restricted anyway. texture <=1024px (Roblox downscales larger); OpenGL-normal convention if normal maps,publisher-disclosure
ThirdPartyResources/New UI/1.3.0UI/Icons/rank_1.png,texture,MIT,medium,https://www.codester.com/items/55926/bullethell-elemental-template-unity,B,publisher disclosure: NewUI images MIT by Evghenii Conev (no public original located 2026-09-02); keep MIT notice + disclosure with repo; upload Restricted anyway. texture <=1024px (Roblox downscales larger); OpenGL-normal convention if normal maps,publisher-disclosure
ThirdPartyResources/New UI/1.3.0UI/Icons/rank_2.png,texture,MIT,medium,https://www.codester.com/items/55926/bullethell-elemental-template-unity,B,publisher disclosure: NewUI images MIT by Evghenii Conev (no public original located 2026-09-02); keep MIT notice + disclosure with repo; upload Restricted anyway. texture <=1024px (Roblox downscales larger); OpenGL-normal convention if normal maps,publisher-disclosure
ThirdPartyResources/New UI/1.3.0UI/Icons/rank_3.png,texture,MIT,medium,https://www.codester.com/items/55926/bullethell-elemental-template-unity,B,publisher disclosure: NewUI images MIT by Evghenii Conev (no public original located 2026-09-02); keep MIT notice + disclosure with repo; upload Restricted anyway. texture <=1024px (Roblox downscales larger); OpenGL-normal convention if normal maps,publisher-disclosure
ThirdPartyResources/New UI/1.3.0UI/Icons/shop.png,texture,MIT,medium,https://www.codester.com/items/55926/bullethell-elemental-template-unity,B,publisher disclosure: NewUI images MIT by Evghenii Conev (no public original located 2026-09-02); keep MIT notice + disclosure with repo; upload Restricted anyway. texture <=1024px (Roblox downscales larger); OpenGL-normal convention if normal maps,publisher-disclosure
ThirdPartyResources/New UI/1.3.0UI/LockTarget.png,texture,MIT,medium,https://www.codester.com/items/55926/bullethell-elemental-template-unity,B,publisher disclosure: NewUI images MIT by Evghenii Conev (no public original located 2026-09-02); keep MIT notice + disclosure with repo; upload Restricted anyway. texture <=1024px (Roblox downscales larger); OpenGL-normal convention if normal maps,publisher-disclosure
ThirdPartyResources/New UI/1.3.0UI/LogoMain.png,texture,MIT,medium,https://www.codester.com/items/55926/bullethell-elemental-template-unity,B,publisher disclosure: NewUI images MIT by Evghenii Conev (no public original located 2026-09-02); keep MIT notice + disclosure with repo; upload Restricted anyway. texture <=1024px (Roblox downscales larger); OpenGL-normal convention if normal maps,publisher-disclosure
ThirdPartyResources/New UI/1.3.0UI/Patterns/PatternBattlePass.png,texture,MIT,medium,https://www.codester.com/items/55926/bullethell-elemental-template-unity,B,publisher disclosure: NewUI images MIT by Evghenii Conev (no public original located 2026-09-02); keep MIT notice + disclosure with repo; upload Restricted anyway. texture <=1024px (Roblox downscales larger); OpenGL-normal convention if normal maps,publisher-disclosure
ThirdPartyResources/New UI/1.3.0UI/Patterns/PatternMain.png,texture,MIT,medium,https://www.codester.com/items/55926/bullethell-elemental-template-unity,B,publisher disclosure: NewUI images MIT by Evghenii Conev (no public original located 2026-09-02); keep MIT notice + disclosure with repo; upload Restricted anyway. texture <=1024px (Roblox downscales larger); OpenGL-normal convention if normal maps,publisher-disclosure
ThirdPartyResources/New UI/1.3.0UI/Patterns/PatternQuest.png,texture,MIT,medium,https://www.codester.com/items/55926/bullethell-elemental-template-unity,B,publisher disclosure: NewUI images MIT by Evghenii Conev (no public original located 2026-09-02); keep MIT notice + disclosure with repo; upload Restricted anyway. texture <=1024px (Roblox downscales larger); OpenGL-normal convention if normal maps,publisher-disclosure
ThirdPartyResources/New UI/1.3.0UI/Patterns/PatternRanking.png,texture,MIT,medium,https://www.codester.com/items/55926/bullethell-elemental-template-unity,B,publisher disclosure: NewUI images MIT by Evghenii Conev (no public original located 2026-09-02); keep MIT notice + disclosure with repo; upload Restricted anyway. texture <=1024px (Roblox downscales larger); OpenGL-normal convention if normal maps,publisher-disclosure
ThirdPartyResources/New UI/1.3.0UI/Patterns/PatternShop.png,texture,MIT,medium,https://www.codester.com/items/55926/bullethell-elemental-template-unity,B,publisher disclosure: NewUI images MIT by Evghenii Conev (no public original located 2026-09-02); keep MIT notice + disclosure with repo; upload Restricted anyway. texture <=1024px (Roblox downscales larger); OpenGL-normal convention if normal maps,publisher-disclosure
ThirdPartyResources/New UI/1.3.0UI/Patterns/PatternUpgrade.png,texture,MIT,medium,https://www.codester.com/items/55926/bullethell-elemental-template-unity,B,publisher disclosure: NewUI images MIT by Evghenii Conev (no public original located 2026-09-02); keep MIT notice + disclosure with repo; upload Restricted anyway. texture <=1024px (Roblox downscales larger); OpenGL-normal convention if normal maps,publisher-disclosure
ThirdPartyResources/New UI/1.3.0UI/Patterns/projectilPattern.png,texture,MIT,medium,https://www.codester.com/items/55926/bullethell-elemental-template-unity,B,publisher disclosure: NewUI images MIT by Evghenii Conev (no public original located 2026-09-02); keep MIT notice + disclosure with repo; upload Restricted anyway. texture <=1024px (Roblox downscales larger); OpenGL-normal convention if normal maps,publisher-disclosure
ThirdPartyResources/New UI/1.3.0UI/Patterns/upgrade.png,texture,MIT,medium,https://www.codester.com/items/55926/bullethell-elemental-template-unity,B,publisher disclosure: NewUI images MIT by Evghenii Conev (no public original located 2026-09-02); keep MIT notice + disclosure with repo; upload Restricted anyway. texture <=1024px (Roblox downscales larger); OpenGL-normal convention if normal maps,publisher-disclosure
ThirdPartyResources/New UI/1.3.0UI/Pop_BG.png,texture,MIT,medium,https://www.codester.com/items/55926/bullethell-elemental-template-unity,B,publisher disclosure: NewUI images MIT by Evghenii Conev (no public original located 2026-09-02); keep MIT notice + disclosure with repo; upload Restricted anyway. texture <=1024px (Roblox downscales larger); OpenGL-normal convention if normal maps,publisher-disclosure
ThirdPartyResources/New UI/1.3.0UI/Pop_Content_BG.png,texture,MIT,medium,https://www.codester.com/items/55926/bullethell-elemental-template-unity,B,publisher disclosure: NewUI images MIT by Evghenii Conev (no public original located 2026-09-02); keep MIT notice + disclosure with repo; upload Restricted anyway. texture <=1024px (Roblox downscales larger); OpenGL-normal convention if normal maps,publisher-disclosure
ThirdPartyResources/New UI/1.3.0UI/PopupTitle.png,texture,MIT,medium,https://www.codester.com/items/55926/bullethell-elemental-template-unity,B,publisher disclosure: NewUI images MIT by Evghenii Conev (no public original located 2026-09-02); keep MIT notice + disclosure with repo; upload Restricted anyway. texture <=1024px (Roblox downscales larger); OpenGL-normal convention if normal maps,publisher-disclosure
ThirdPartyResources/New UI/1.3.0UI/Ranks/Expert.png,texture,CC0,high,https://rhosgfx.itch.io/vector-ranks,B,RhosGFX '[FREE] Vector Ranks' icon (CC0; bundled license in template; itch page verified). texture <=1024px (Roblox downscales larger); OpenGL-normal convention if normal maps,verified
ThirdPartyResources/New UI/1.3.0UI/Ranks/License.txt,other,CC0,high,https://rhosgfx.itch.io/vector-ranks,A,RhosGFX Vector Ranks CC0 license; archived at legal/licenses/RhosGFX-VectorRanks-CC0.txt,verified
ThirdPartyResources/New UI/1.3.0UI/Ranks/Master1.png,texture,CC0,high,https://rhosgfx.itch.io/vector-ranks,B,RhosGFX '[FREE] Vector Ranks' icon (CC0; bundled license in template; itch page verified). texture <=1024px (Roblox downscales larger); OpenGL-normal convention if normal maps,verified
ThirdPartyResources/New UI/1.3.0UI/Ranks/Master2.png,texture,CC0,high,https://rhosgfx.itch.io/vector-ranks,B,RhosGFX '[FREE] Vector Ranks' icon (CC0; bundled license in template; itch page verified). texture <=1024px (Roblox downscales larger); OpenGL-normal convention if normal maps,verified
ThirdPartyResources/New UI/1.3.0UI/Ranks/Master3.png,texture,CC0,high,https://rhosgfx.itch.io/vector-ranks,B,RhosGFX '[FREE] Vector Ranks' icon (CC0; bundled license in template; itch page verified). texture <=1024px (Roblox downscales larger); OpenGL-normal convention if normal maps,verified
ThirdPartyResources/New UI/1.3.0UI/Ranks/Silver1.png,texture,CC0,high,https://rhosgfx.itch.io/vector-ranks,B,RhosGFX '[FREE] Vector Ranks' icon (CC0; bundled license in template; itch page verified). texture <=1024px (Roblox downscales larger); OpenGL-normal convention if normal maps,verified
ThirdPartyResources/New UI/1.3.0UI/Ranks/Silver2.png,texture,CC0,high,https://rhosgfx.itch.io/vector-ranks,B,RhosGFX '[FREE] Vector Ranks' icon (CC0; bundled license in template; itch page verified). texture <=1024px (Roblox downscales larger); OpenGL-normal convention if normal maps,verified
ThirdPartyResources/New UI/1.3.0UI/Ranks/Silver3.png,texture,CC0,high,https://rhosgfx.itch.io/vector-ranks,B,RhosGFX '[FREE] Vector Ranks' icon (CC0; bundled license in template; itch page verified). texture <=1024px (Roblox downscales larger); OpenGL-normal convention if normal maps,verified
ThirdPartyResources/New UI/1.3.0UI/Ranks/Unranked.png,texture,CC0,high,https://rhosgfx.itch.io/vector-ranks,B,RhosGFX '[FREE] Vector Ranks' icon (CC0; bundled license in template; itch page verified). texture <=1024px (Roblox downscales larger); OpenGL-normal convention if normal maps,verified
ThirdPartyResources/New UI/1.3.0UI/Ranks/amethyst1.png,texture,CC0,high,https://rhosgfx.itch.io/vector-ranks,B,RhosGFX '[FREE] Vector Ranks' icon (CC0; bundled license in template; itch page verified). texture <=1024px (Roblox downscales larger); OpenGL-normal convention if normal maps,verified
ThirdPartyResources/New UI/1.3.0UI/Ranks/amethyst2.png,texture,CC0,high,https://rhosgfx.itch.io/vector-ranks,B,RhosGFX '[FREE] Vector Ranks' icon (CC0; bundled license in template; itch page verified). texture <=1024px (Roblox downscales larger); OpenGL-normal convention if normal maps,verified
ThirdPartyResources/New UI/1.3.0UI/Ranks/amethyst3.png,texture,CC0,high,https://rhosgfx.itch.io/vector-ranks,B,RhosGFX '[FREE] Vector Ranks' icon (CC0; bundled license in template; itch page verified). texture <=1024px (Roblox downscales larger); OpenGL-normal convention if normal maps,verified
ThirdPartyResources/New UI/1.3.0UI/Ranks/bronze1.png,texture,CC0,high,https://rhosgfx.itch.io/vector-ranks,B,RhosGFX '[FREE] Vector Ranks' icon (CC0; bundled license in template; itch page verified). texture <=1024px (Roblox downscales larger); OpenGL-normal convention if normal maps,verified
ThirdPartyResources/New UI/1.3.0UI/Ranks/bronze2.png,texture,CC0,high,https://rhosgfx.itch.io/vector-ranks,B,RhosGFX '[FREE] Vector Ranks' icon (CC0; bundled license in template; itch page verified). texture <=1024px (Roblox downscales larger); OpenGL-normal convention if normal maps,verified
ThirdPartyResources/New UI/1.3.0UI/Ranks/bronze3.png,texture,CC0,high,https://rhosgfx.itch.io/vector-ranks,B,RhosGFX '[FREE] Vector Ranks' icon (CC0; bundled license in template; itch page verified). texture <=1024px (Roblox downscales larger); OpenGL-normal convention if normal maps,verified
ThirdPartyResources/New UI/1.3.0UI/Ranks/gold1.png,texture,CC0,high,https://rhosgfx.itch.io/vector-ranks,B,RhosGFX '[FREE] Vector Ranks' icon (CC0; bundled license in template; itch page verified). texture <=1024px (Roblox downscales larger); OpenGL-normal convention if normal maps,verified
ThirdPartyResources/New UI/1.3.0UI/Ranks/gold2.png,texture,CC0,high,https://rhosgfx.itch.io/vector-ranks,B,RhosGFX '[FREE] Vector Ranks' icon (CC0; bundled license in template; itch page verified). texture <=1024px (Roblox downscales larger); OpenGL-normal convention if normal maps,verified
ThirdPartyResources/New UI/1.3.0UI/Ranks/gold3.png,texture,CC0,high,https://rhosgfx.itch.io/vector-ranks,B,RhosGFX '[FREE] Vector Ranks' icon (CC0; bundled license in template; itch page verified). texture <=1024px (Roblox downscales larger); OpenGL-normal convention if normal maps,verified
ThirdPartyResources/New UI/1.3.0UI/Ranks/plat1.png,texture,CC0,high,https://rhosgfx.itch.io/vector-ranks,B,RhosGFX '[FREE] Vector Ranks' icon (CC0; bundled license in template; itch page verified). texture <=1024px (Roblox downscales larger); OpenGL-normal convention if normal maps,verified
ThirdPartyResources/New UI/1.3.0UI/Ranks/plat2.png,texture,CC0,high,https://rhosgfx.itch.io/vector-ranks,B,RhosGFX '[FREE] Vector Ranks' icon (CC0; bundled license in template; itch page verified). texture <=1024px (Roblox downscales larger); OpenGL-normal convention if normal maps,verified
ThirdPartyResources/New UI/1.3.0UI/Ranks/plat3.png,texture,CC0,high,https://rhosgfx.itch.io/vector-ranks,B,RhosGFX '[FREE] Vector Ranks' icon (CC0; bundled license in template; itch page verified). texture <=1024px (Roblox downscales larger); OpenGL-normal convention if normal maps,verified
ThirdPartyResources/New UI/1.3.0UI/RarityItems/CommonEquip.png,texture,MIT,medium,https://www.codester.com/items/55926/bullethell-elemental-template-unity,B,publisher disclosure: NewUI images MIT by Evghenii Conev (no public original located 2026-09-02); keep MIT notice + disclosure with repo; upload Restricted anyway. texture <=1024px (Roblox downscales larger); OpenGL-normal convention if normal maps,publisher-disclosure
ThirdPartyResources/New UI/1.3.0UI/RarityItems/CommonItem.png,texture,MIT,medium,https://www.codester.com/items/55926/bullethell-elemental-template-unity,B,publisher disclosure: NewUI images MIT by Evghenii Conev (no public original located 2026-09-02); keep MIT notice + disclosure with repo; upload Restricted anyway. texture <=1024px (Roblox downscales larger); OpenGL-normal convention if normal maps,publisher-disclosure
ThirdPartyResources/New UI/1.3.0UI/RarityItems/CommonRune.png,texture,MIT,medium,https://www.codester.com/items/55926/bullethell-elemental-template-unity,B,publisher disclosure: NewUI images MIT by Evghenii Conev (no public original located 2026-09-02); keep MIT notice + disclosure with repo; upload Restricted anyway. texture <=1024px (Roblox downscales larger); OpenGL-normal convention if normal maps,publisher-disclosure
ThirdPartyResources/New UI/1.3.0UI/RarityItems/CommonRuneEquip.png,texture,MIT,medium,https://www.codester.com/items/55926/bullethell-elemental-template-unity,B,publisher disclosure: NewUI images MIT by Evghenii Conev (no public original located 2026-09-02); keep MIT notice + disclosure with repo; upload Restricted anyway. texture <=1024px (Roblox downscales larger); OpenGL-normal convention if normal maps,publisher-disclosure
ThirdPartyResources/New UI/1.3.0UI/RarityItems/EpicEquip.png,texture,MIT,medium,https://www.codester.com/items/55926/bullethell-elemental-template-unity,B,publisher disclosure: NewUI images MIT by Evghenii Conev (no public original located 2026-09-02); keep MIT notice + disclosure with repo; upload Restricted anyway. texture <=1024px (Roblox downscales larger); OpenGL-normal convention if normal maps,publisher-disclosure
ThirdPartyResources/New UI/1.3.0UI/RarityItems/EpicItem.png,texture,MIT,medium,https://www.codester.com/items/55926/bullethell-elemental-template-unity,B,publisher disclosure: NewUI images MIT by Evghenii Conev (no public original located 2026-09-02); keep MIT notice + disclosure with repo; upload Restricted anyway. texture <=1024px (Roblox downscales larger); OpenGL-normal convention if normal maps,publisher-disclosure
ThirdPartyResources/New UI/1.3.0UI/RarityItems/EpicRune.png,texture,MIT,medium,https://www.codester.com/items/55926/bullethell-elemental-template-unity,B,publisher disclosure: NewUI images MIT by Evghenii Conev (no public original located 2026-09-02); keep MIT notice + disclosure with repo; upload Restricted anyway. texture <=1024px (Roblox downscales larger); OpenGL-normal convention if normal maps,publisher-disclosure
ThirdPartyResources/New UI/1.3.0UI/RarityItems/EpicRuneEquip.png,texture,MIT,medium,https://www.codester.com/items/55926/bullethell-elemental-template-unity,B,publisher disclosure: NewUI images MIT by Evghenii Conev (no public original located 2026-09-02); keep MIT notice + disclosure with repo; upload Restricted anyway. texture <=1024px (Roblox downscales larger); OpenGL-normal convention if normal maps,publisher-disclosure
ThirdPartyResources/New UI/1.3.0UI/RarityItems/LegendaryEquip.png,texture,MIT,medium,https://www.codester.com/items/55926/bullethell-elemental-template-unity,B,publisher disclosure: NewUI images MIT by Evghenii Conev (no public original located 2026-09-02); keep MIT notice + disclosure with repo; upload Restricted anyway. texture <=1024px (Roblox downscales larger); OpenGL-normal convention if normal maps,publisher-disclosure
ThirdPartyResources/New UI/1.3.0UI/RarityItems/LegendaryItem.png,texture,MIT,medium,https://www.codester.com/items/55926/bullethell-elemental-template-unity,B,publisher disclosure: NewUI images MIT by Evghenii Conev (no public original located 2026-09-02); keep MIT notice + disclosure with repo; upload Restricted anyway. texture <=1024px (Roblox downscales larger); OpenGL-normal convention if normal maps,publisher-disclosure
ThirdPartyResources/New UI/1.3.0UI/RarityItems/LegendaryRune.png,texture,MIT,medium,https://www.codester.com/items/55926/bullethell-elemental-template-unity,B,publisher disclosure: NewUI images MIT by Evghenii Conev (no public original located 2026-09-02); keep MIT notice + disclosure with repo; upload Restricted anyway. texture <=1024px (Roblox downscales larger); OpenGL-normal convention if normal maps,publisher-disclosure
ThirdPartyResources/New UI/1.3.0UI/RarityItems/LegendaryRuneEquip.png,texture,MIT,medium,https://www.codester.com/items/55926/bullethell-elemental-template-unity,B,publisher disclosure: NewUI images MIT by Evghenii Conev (no public original located 2026-09-02); keep MIT notice + disclosure with repo; upload Restricted anyway. texture <=1024px (Roblox downscales larger); OpenGL-normal convention if normal maps,publisher-disclosure
ThirdPartyResources/New UI/1.3.0UI/RarityItems/Mask.png,texture,MIT,medium,https://www.codester.com/items/55926/bullethell-elemental-template-unity,B,publisher disclosure: NewUI images MIT by Evghenii Conev (no public original located 2026-09-02); keep MIT notice + disclosure with repo; upload Restricted anyway. texture <=1024px (Roblox downscales larger); OpenGL-normal convention if normal maps,publisher-disclosure
ThirdPartyResources/New UI/1.3.0UI/RarityItems/RareEquip.png,texture,MIT,medium,https://www.codester.com/items/55926/bullethell-elemental-template-unity,B,publisher disclosure: NewUI images MIT by Evghenii Conev (no public original located 2026-09-02); keep MIT notice + disclosure with repo; upload Restricted anyway. texture <=1024px (Roblox downscales larger); OpenGL-normal convention if normal maps,publisher-disclosure
ThirdPartyResources/New UI/1.3.0UI/RarityItems/RareItem.png,texture,MIT,medium,https://www.codester.com/items/55926/bullethell-elemental-template-unity,B,publisher disclosure: NewUI images MIT by Evghenii Conev (no public original located 2026-09-02); keep MIT notice + disclosure with repo; upload Restricted anyway. texture <=1024px (Roblox downscales larger); OpenGL-normal convention if normal maps,publisher-disclosure
ThirdPartyResources/New UI/1.3.0UI/RarityItems/RareRune.png,texture,MIT,medium,https://www.codester.com/items/55926/bullethell-elemental-template-unity,B,publisher disclosure: NewUI images MIT by Evghenii Conev (no public original located 2026-09-02); keep MIT notice + disclosure with repo; upload Restricted anyway. texture <=1024px (Roblox downscales larger); OpenGL-normal convention if normal maps,publisher-disclosure
ThirdPartyResources/New UI/1.3.0UI/RarityItems/RareRuneEquip.png,texture,MIT,medium,https://www.codester.com/items/55926/bullethell-elemental-template-unity,B,publisher disclosure: NewUI images MIT by Evghenii Conev (no public original located 2026-09-02); keep MIT notice + disclosure with repo; upload Restricted anyway. texture <=1024px (Roblox downscales larger); OpenGL-normal convention if normal maps,publisher-disclosure
ThirdPartyResources/New UI/1.3.0UI/RarityItems/UncommonEquip.png,texture,MIT,medium,https://www.codester.com/items/55926/bullethell-elemental-template-unity,B,publisher disclosure: NewUI images MIT by Evghenii Conev (no public original located 2026-09-02); keep MIT notice + disclosure with repo; upload Restricted anyway. texture <=1024px (Roblox downscales larger); OpenGL-normal convention if normal maps,publisher-disclosure
ThirdPartyResources/New UI/1.3.0UI/RarityItems/UncommonItem.png,texture,MIT,medium,https://www.codester.com/items/55926/bullethell-elemental-template-unity,B,publisher disclosure: NewUI images MIT by Evghenii Conev (no public original located 2026-09-02); keep MIT notice + disclosure with repo; upload Restricted anyway. texture <=1024px (Roblox downscales larger); OpenGL-normal convention if normal maps,publisher-disclosure
ThirdPartyResources/New UI/1.3.0UI/RarityItems/UncommonRune.png,texture,MIT,medium,https://www.codester.com/items/55926/bullethell-elemental-template-unity,B,publisher disclosure: NewUI images MIT by Evghenii Conev (no public original located 2026-09-02); keep MIT notice + disclosure with repo; upload Restricted anyway. texture <=1024px (Roblox downscales larger); OpenGL-normal convention if normal maps,publisher-disclosure
ThirdPartyResources/New UI/1.3.0UI/RarityItems/UncommonRuneEquip.png,texture,MIT,medium,https://www.codester.com/items/55926/bullethell-elemental-template-unity,B,publisher disclosure: NewUI images MIT by Evghenii Conev (no public original located 2026-09-02); keep MIT notice + disclosure with repo; upload Restricted anyway. texture <=1024px (Roblox downscales larger); OpenGL-normal convention if normal maps,publisher-disclosure
ThirdPartyResources/New UI/1.3.0UI/Slider_StageHorizontal_Fill_White.png,texture,MIT,medium,https://www.codester.com/items/55926/bullethell-elemental-template-unity,B,publisher disclosure: NewUI images MIT by Evghenii Conev (no public original located 2026-09-02); keep MIT notice + disclosure with repo; upload Restricted anyway. texture <=1024px (Roblox downscales larger); OpenGL-normal convention if normal maps,publisher-disclosure
ThirdPartyResources/New UI/1.3.0UI/Stats/CDRIcon.png,texture,MIT,medium,https://www.codester.com/items/55926/bullethell-elemental-template-unity,B,publisher disclosure: NewUI images MIT by Evghenii Conev (no public original located 2026-09-02); keep MIT notice + disclosure with repo; upload Restricted anyway. texture <=1024px (Roblox downscales larger); OpenGL-normal convention if normal maps,publisher-disclosure
ThirdPartyResources/New UI/1.3.0UI/Stats/CDRUp.png,texture,MIT,medium,https://www.codester.com/items/55926/bullethell-elemental-template-unity,B,publisher disclosure: NewUI images MIT by Evghenii Conev (no public original located 2026-09-02); keep MIT notice + disclosure with repo; upload Restricted anyway. texture <=1024px (Roblox downscales larger); OpenGL-normal convention if normal maps,publisher-disclosure
ThirdPartyResources/New UI/1.3.0UI/Stats/ColletctRange.png,texture,MIT,medium,https://www.codester.com/items/55926/bullethell-elemental-template-unity,B,publisher disclosure: NewUI images MIT by Evghenii Conev (no public original located 2026-09-02); keep MIT notice + disclosure with repo; upload Restricted anyway. texture <=1024px (Roblox downscales larger); OpenGL-normal convention if normal maps,publisher-disclosure
ThirdPartyResources/New UI/1.3.0UI/Stats/ColletctRangeUp.png,texture,MIT,medium,https://www.codester.com/items/55926/bullethell-elemental-template-unity,B,publisher disclosure: NewUI images MIT by Evghenii Conev (no public original located 2026-09-02); keep MIT notice + disclosure with repo; upload Restricted anyway. texture <=1024px (Roblox downscales larger); OpenGL-normal convention if normal maps,publisher-disclosure
ThirdPartyResources/New UI/1.3.0UI/Stats/CriticalDamage.png,texture,MIT,medium,https://www.codester.com/items/55926/bullethell-elemental-template-unity,B,publisher disclosure: NewUI images MIT by Evghenii Conev (no public original located 2026-09-02); keep MIT notice + disclosure with repo; upload Restricted anyway. texture <=1024px (Roblox downscales larger); OpenGL-normal convention if normal maps,publisher-disclosure
ThirdPartyResources/New UI/1.3.0UI/Stats/CriticalDamageUp.png,texture,MIT,medium,https://www.codester.com/items/55926/bullethell-elemental-template-unity,B,publisher disclosure: NewUI images MIT by Evghenii Conev (no public original located 2026-09-02); keep MIT notice + disclosure with repo; upload Restricted anyway. texture <=1024px (Roblox downscales larger); OpenGL-normal convention if normal maps,publisher-disclosure
ThirdPartyResources/New UI/1.3.0UI/Stats/Damage.png,texture,MIT,medium,https://www.codester.com/items/55926/bullethell-elemental-template-unity,B,publisher disclosure: NewUI images MIT by Evghenii Conev (no public original located 2026-09-02); keep MIT notice + disclosure with repo; upload Restricted anyway. texture <=1024px (Roblox downscales larger); OpenGL-normal convention if normal maps,publisher-disclosure
ThirdPartyResources/New UI/1.3.0UI/Stats/DamageUp.png,texture,MIT,medium,https://www.codester.com/items/55926/bullethell-elemental-template-unity,B,publisher disclosure: NewUI images MIT by Evghenii Conev (no public original located 2026-09-02); keep MIT notice + disclosure with repo; upload Restricted anyway. texture <=1024px (Roblox downscales larger); OpenGL-normal convention if normal maps,publisher-disclosure
ThirdPartyResources/New UI/1.3.0UI/Stats/Defense.png,texture,MIT,medium,https://www.codester.com/items/55926/bullethell-elemental-template-unity,B,publisher disclosure: NewUI images MIT by Evghenii Conev (no public original located 2026-09-02); keep MIT notice + disclosure with repo; upload Restricted anyway. texture <=1024px (Roblox downscales larger); OpenGL-normal convention if normal maps,publisher-disclosure
ThirdPartyResources/New UI/1.3.0UI/Stats/DefenseUp.png,texture,MIT,medium,https://www.codester.com/items/55926/bullethell-elemental-template-unity,B,publisher disclosure: NewUI images MIT by Evghenii Conev (no public original located 2026-09-02); keep MIT notice + disclosure with repo; upload Restricted anyway. texture <=1024px (Roblox downscales larger); OpenGL-normal convention if normal maps,publisher-disclosure
ThirdPartyResources/New UI/1.3.0UI/Stats/HP.png,texture,MIT,medium,https://www.codester.com/items/55926/bullethell-elemental-template-unity,B,publisher disclosure: NewUI images MIT by Evghenii Conev (no public original located 2026-09-02); keep MIT notice + disclosure with repo; upload Restricted anyway. texture <=1024px (Roblox downscales larger); OpenGL-normal convention if normal maps,publisher-disclosure
ThirdPartyResources/New UI/1.3.0UI/Stats/HPUp.png,texture,MIT,medium,https://www.codester.com/items/55926/bullethell-elemental-template-unity,B,publisher disclosure: NewUI images MIT by Evghenii Conev (no public original located 2026-09-02); keep MIT notice + disclosure with repo; upload Restricted anyway. texture <=1024px (Roblox downscales larger); OpenGL-normal convention if normal maps,publisher-disclosure
ThirdPartyResources/New UI/1.3.0UI/Stats/Vector (4).png,texture,MIT,medium,https://www.codester.com/items/55926/bullethell-elemental-template-unity,B,publisher disclosure: NewUI images MIT by Evghenii Conev (no public original located 2026-09-02); keep MIT notice + disclosure with repo; upload Restricted anyway. texture <=1024px (Roblox downscales larger); OpenGL-normal convention if normal maps,publisher-disclosure
ThirdPartyResources/New UI/1.3.0UI/Stats/Vector (5).png,texture,MIT,medium,https://www.codester.com/items/55926/bullethell-elemental-template-unity,B,publisher disclosure: NewUI images MIT by Evghenii Conev (no public original located 2026-09-02); keep MIT notice + disclosure with repo; upload Restricted anyway. texture <=1024px (Roblox downscales larger); OpenGL-normal convention if normal maps,publisher-disclosure
ThirdPartyResources/New UI/1.3.0UI/Stats/Vector (8).png,texture,MIT,medium,https://www.codester.com/items/55926/bullethell-elemental-template-unity,B,publisher disclosure: NewUI images MIT by Evghenii Conev (no public original located 2026-09-02); keep MIT notice + disclosure with repo; upload Restricted anyway. texture <=1024px (Roblox downscales larger); OpenGL-normal convention if normal maps,publisher-disclosure
ThirdPartyResources/New UI/1.3.0UI/Stats/Vector (9).png,texture,MIT,medium,https://www.codester.com/items/55926/bullethell-elemental-template-unity,B,publisher disclosure: NewUI images MIT by Evghenii Conev (no public original located 2026-09-02); keep MIT notice + disclosure with repo; upload Restricted anyway. texture <=1024px (Roblox downscales larger); OpenGL-normal convention if normal maps,publisher-disclosure
ThirdPartyResources/New UI/1.3.0UI/UIAtlas/Backgrounds.spriteatlasv2,other,MIT,medium,https://www.codester.com/items/55926/bullethell-elemental-template-unity,rebuild,rebuilt natively in Roblox; nothing imported; Unity atlas packing metadata - source PNGs carry the art,publisher-disclosure
ThirdPartyResources/New UI/1.3.0UI/UIAtlas/BoxButtonsAtlas.spriteatlasv2,other,MIT,medium,https://www.codester.com/items/55926/bullethell-elemental-template-unity,rebuild,rebuilt natively in Roblox; nothing imported; Unity atlas packing metadata - source PNGs carry the art,publisher-disclosure
ThirdPartyResources/New UI/1.3.0UI/UIAtlas/CharacterSelectionItems.spriteatlasv2,other,MIT,medium,https://www.codester.com/items/55926/bullethell-elemental-template-unity,rebuild,rebuilt natively in Roblox; nothing imported; Unity atlas packing metadata - source PNGs carry the art,publisher-disclosure
ThirdPartyResources/New UI/1.3.0UI/UIAtlas/CharacterSelectionRarityBanner.spriteatlasv2,other,MIT,medium,https://www.codester.com/items/55926/bullethell-elemental-template-unity,rebuild,rebuilt natively in Roblox; nothing imported; Unity atlas packing metadata - source PNGs carry the art,publisher-disclosure
ThirdPartyResources/New UI/1.3.0UI/UIAtlas/Gameplay bars.spriteatlasv2,other,MIT,medium,https://www.codester.com/items/55926/bullethell-elemental-template-unity,rebuild,rebuilt natively in Roblox; nothing imported; Unity atlas packing metadata - source PNGs carry the art,publisher-disclosure
ThirdPartyResources/New UI/1.3.0UI/UIAtlas/IconsAtlas.spriteatlasv2,other,MIT,medium,https://www.codester.com/items/55926/bullethell-elemental-template-unity,rebuild,rebuilt natively in Roblox; nothing imported; Unity atlas packing metadata - source PNGs carry the art,publisher-disclosure
ThirdPartyResources/New UI/1.3.0UI/UIAtlas/PatternsAtlas.spriteatlasv2,other,MIT,medium,https://www.codester.com/items/55926/bullethell-elemental-template-unity,rebuild,rebuilt natively in Roblox; nothing imported; Unity atlas packing metadata - source PNGs carry the art,publisher-disclosure
ThirdPartyResources/New UI/1.3.0UI/UIAtlas/RankIcons.spriteatlasv2,other,MIT,medium,https://www.codester.com/items/55926/bullethell-elemental-template-unity,rebuild,rebuilt natively in Roblox; nothing imported; Unity atlas packing metadata - source PNGs carry the art,publisher-disclosure
ThirdPartyResources/New UI/1.3.0UI/UIAtlas/RarityItems.spriteatlasv2,other,MIT,medium,https://www.codester.com/items/55926/bullethell-elemental-template-unity,rebuild,rebuilt natively in Roblox; nothing imported; Unity atlas packing metadata - source PNGs carry the art,publisher-disclosure
ThirdPartyResources/New UI/1.3.0UI/UIAtlas/StatIcons.spriteatlasv2,other,MIT,medium,https://www.codester.com/items/55926/bullethell-elemental-template-unity,rebuild,rebuilt natively in Roblox; nothing imported; Unity atlas packing metadata - source PNGs carry the art,publisher-disclosure
ThirdPartyResources/New UI/1.3.0UI/UIMask/DiagonalMask.png,texture,MIT,medium,https://www.codester.com/items/55926/bullethell-elemental-template-unity,B,publisher disclosure: NewUI images MIT by Evghenii Conev (no public original located 2026-09-02); keep MIT notice + disclosure with repo; upload Restricted anyway. texture <=1024px (Roblox downscales larger); OpenGL-normal convention if normal maps,publisher-disclosure
ThirdPartyResources/New UI/1.3.0UI/bg_0.png,texture,MIT,medium,https://www.codester.com/items/55926/bullethell-elemental-template-unity,B,publisher disclosure: NewUI images MIT by Evghenii Conev (no public original located 2026-09-02); keep MIT notice + disclosure with repo; upload Restricted anyway. texture <=1024px (Roblox downscales larger); OpenGL-normal convention if normal maps,publisher-disclosure
ThirdPartyResources/New UI/1.3.0UI/carpet-long.png,texture,MIT,medium,https://www.codester.com/items/55926/bullethell-elemental-template-unity,B,publisher disclosure: NewUI images MIT by Evghenii Conev (no public original located 2026-09-02); keep MIT notice + disclosure with repo; upload Restricted anyway. texture <=1024px (Roblox downscales larger); OpenGL-normal convention if normal maps,publisher-disclosure
ThirdPartyResources/New UI/1.3.0UI/carpet-long_0.png,texture,MIT,medium,https://www.codester.com/items/55926/bullethell-elemental-template-unity,B,publisher disclosure: NewUI images MIT by Evghenii Conev (no public original located 2026-09-02); keep MIT notice + disclosure with repo; upload Restricted anyway. texture <=1024px (Roblox downscales larger); OpenGL-normal convention if normal maps,publisher-disclosure
ThirdPartyResources/New UI/1.3.0UI/carpet-long_1.png,texture,MIT,medium,https://www.codester.com/items/55926/bullethell-elemental-template-unity,B,publisher disclosure: NewUI images MIT by Evghenii Conev (no public original located 2026-09-02); keep MIT notice + disclosure with repo; upload Restricted anyway. texture <=1024px (Roblox downscales larger); OpenGL-normal convention if normal maps,publisher-disclosure
ThirdPartyResources/New UI/1.3.0UI/r_ring_701.png,texture,MIT,medium,https://www.codester.com/items/55926/bullethell-elemental-template-unity,B,publisher disclosure: NewUI images MIT by Evghenii Conev (no public original located 2026-09-02); keep MIT notice + disclosure with repo; upload Restricted anyway. texture <=1024px (Roblox downscales larger); OpenGL-normal convention if normal maps,publisher-disclosure
ThirdPartyResources/New UI/1.3.0UI/r_ring_701_blue.png,texture,MIT,medium,https://www.codester.com/items/55926/bullethell-elemental-template-unity,B,publisher disclosure: NewUI images MIT by Evghenii Conev (no public original located 2026-09-02); keep MIT notice + disclosure with repo; upload Restricted anyway. texture <=1024px (Roblox downscales larger); OpenGL-normal convention if normal maps,publisher-disclosure
ThirdPartyResources/New UI/1.3.0UI/r_ring_701_green.png,texture,MIT,medium,https://www.codester.com/items/55926/bullethell-elemental-template-unity,B,publisher disclosure: NewUI images MIT by Evghenii Conev (no public original located 2026-09-02); keep MIT notice + disclosure with repo; upload Restricted anyway. texture <=1024px (Roblox downscales larger); OpenGL-normal convention if normal maps,publisher-disclosure
ThirdPartyResources/New UI/1.3.0UI/t_Profile_bg1.png,texture,MIT,medium,https://www.codester.com/items/55926/bullethell-elemental-template-unity,B,publisher disclosure: NewUI images MIT by Evghenii Conev (no public original located 2026-09-02); keep MIT notice + disclosure with repo; upload Restricted anyway. texture <=1024px (Roblox downscales larger); OpenGL-normal convention if normal maps,publisher-disclosure
ThirdPartyResources/New UI/1.3.0UI/ticket_top.png,texture,MIT,medium,https://www.codester.com/items/55926/bullethell-elemental-template-unity,B,publisher disclosure: NewUI images MIT by Evghenii Conev (no public original located 2026-09-02); keep MIT notice + disclosure with repo; upload Restricted anyway. texture <=1024px (Roblox downscales larger); OpenGL-normal convention if normal maps,publisher-disclosure
ThirdPartyResources/New UI/1.3.0UI/ui_monster_bg.png,texture,MIT,medium,https://www.codester.com/items/55926/bullethell-elemental-template-unity,B,publisher disclosure: NewUI images MIT by Evghenii Conev (no public original located 2026-09-02); keep MIT notice + disclosure with repo; upload Restricted anyway. texture <=1024px (Roblox downscales larger); OpenGL-normal convention if normal maps,publisher-disclosure
ThirdPartyResources/New UI/1.3.0UI/ui_rank_bg.png,texture,MIT,medium,https://www.codester.com/items/55926/bullethell-elemental-template-unity,B,publisher disclosure: NewUI images MIT by Evghenii Conev (no public original located 2026-09-02); keep MIT notice + disclosure with repo; upload Restricted anyway. texture <=1024px (Roblox downscales larger); OpenGL-normal convention if normal maps,publisher-disclosure
ThirdPartyResources/New UI/1.3.0UI/xr_t_fazhen001.png,texture,MIT,medium,https://www.codester.com/items/55926/bullethell-elemental-template-unity,B,publisher disclosure: NewUI images MIT by Evghenii Conev (no public original located 2026-09-02); keep MIT notice + disclosure with repo; upload Restricted anyway. texture <=1024px (Roblox downscales larger); OpenGL-normal convention if normal maps,publisher-disclosure
ThirdPartyResources/New UI/ElementaIcons/ElectricalElement.png,texture,MIT,medium,https://www.codester.com/items/55926/bullethell-elemental-template-unity,B,publisher disclosure: NewUI images MIT by Evghenii Conev (no public original located 2026-09-02); keep MIT notice + disclosure with repo; upload Restricted anyway. texture <=1024px (Roblox downscales larger); OpenGL-normal convention if normal maps,publisher-disclosure
ThirdPartyResources/New UI/ElementaIcons/FireElement.png,texture,MIT,medium,https://www.codester.com/items/55926/bullethell-elemental-template-unity,B,publisher disclosure: NewUI images MIT by Evghenii Conev (no public original located 2026-09-02); keep MIT notice + disclosure with repo; upload Restricted anyway. texture <=1024px (Roblox downscales larger); OpenGL-normal convention if normal maps,publisher-disclosure
ThirdPartyResources/New UI/ElementaIcons/FlyingElement.png,texture,MIT,medium,https://www.codester.com/items/55926/bullethell-elemental-template-unity,B,publisher disclosure: NewUI images MIT by Evghenii Conev (no public original located 2026-09-02); keep MIT notice + disclosure with repo; upload Restricted anyway. texture <=1024px (Roblox downscales larger); OpenGL-normal convention if normal maps,publisher-disclosure
ThirdPartyResources/New UI/ElementaIcons/GrassElement.png,texture,MIT,medium,https://www.codester.com/items/55926/bullethell-elemental-template-unity,B,publisher disclosure: NewUI images MIT by Evghenii Conev (no public original located 2026-09-02); keep MIT notice + disclosure with repo; upload Restricted anyway. texture <=1024px (Roblox downscales larger); OpenGL-normal convention if normal maps,publisher-disclosure
ThirdPartyResources/New UI/ElementaIcons/GroundElement.png,texture,MIT,medium,https://www.codester.com/items/55926/bullethell-elemental-template-unity,B,publisher disclosure: NewUI images MIT by Evghenii Conev (no public original located 2026-09-02); keep MIT notice + disclosure with repo; upload Restricted anyway. texture <=1024px (Roblox downscales larger); OpenGL-normal convention if normal maps,publisher-disclosure
ThirdPartyResources/New UI/ElementaIcons/MysticElement.png,texture,MIT,medium,https://www.codester.com/items/55926/bullethell-elemental-template-unity,B,publisher disclosure: NewUI images MIT by Evghenii Conev (no public original located 2026-09-02); keep MIT notice + disclosure with repo; upload Restricted anyway. texture <=1024px (Roblox downscales larger); OpenGL-normal convention if normal maps,publisher-disclosure
ThirdPartyResources/New UI/ElementaIcons/PoisonElement.png,texture,MIT,medium,https://www.codester.com/items/55926/bullethell-elemental-template-unity,B,publisher disclosure: NewUI images MIT by Evghenii Conev (no public original located 2026-09-02); keep MIT notice + disclosure with repo; upload Restricted anyway. texture <=1024px (Roblox downscales larger); OpenGL-normal convention if normal maps,publisher-disclosure
ThirdPartyResources/New UI/ElementaIcons/SteelElement.png,texture,MIT,medium,https://www.codester.com/items/55926/bullethell-elemental-template-unity,B,publisher disclosure: NewUI images MIT by Evghenii Conev (no public original located 2026-09-02); keep MIT notice + disclosure with repo; upload Restricted anyway. texture <=1024px (Roblox downscales larger); OpenGL-normal convention if normal maps,publisher-disclosure
ThirdPartyResources/New UI/ElementaIcons/WaterElement.png,texture,MIT,medium,https://www.codester.com/items/55926/bullethell-elemental-template-unity,B,publisher disclosure: NewUI images MIT by Evghenii Conev (no public original located 2026-09-02); keep MIT notice + disclosure with repo; upload Restricted anyway. texture <=1024px (Roblox downscales larger); OpenGL-normal convention if normal maps,publisher-disclosure
ThirdPartyResources/New UI/UI_old/AdventurerIcon.png,texture,MIT,medium,https://www.codester.com/items/55926/bullethell-elemental-template-unity,B,publisher disclosure: NewUI images MIT by Evghenii Conev (no public original located 2026-09-02); keep MIT notice + disclosure with repo; upload Restricted anyway. texture <=1024px (Roblox downscales larger); OpenGL-normal convention if normal maps,publisher-disclosure
ThirdPartyResources/New UI/UI_old/BG1.png,texture,MIT,medium,https://www.codester.com/items/55926/bullethell-elemental-template-unity,B,publisher disclosure: NewUI images MIT by Evghenii Conev (no public original located 2026-09-02); keep MIT notice + disclosure with repo; upload Restricted anyway. texture <=1024px (Roblox downscales larger); OpenGL-normal convention if normal maps,publisher-disclosure
ThirdPartyResources/New UI/UI_old/BG2.png,texture,MIT,medium,https://www.codester.com/items/55926/bullethell-elemental-template-unity,B,publisher disclosure: NewUI images MIT by Evghenii Conev (no public original located 2026-09-02); keep MIT notice + disclosure with repo; upload Restricted anyway. texture <=1024px (Roblox downscales larger); OpenGL-normal convention if normal maps,publisher-disclosure
ThirdPartyResources/New UI/UI_old/Bar.png,texture,MIT,medium,https://www.codester.com/items/55926/bullethell-elemental-template-unity,B,publisher disclosure: NewUI images MIT by Evghenii Conev (no public original located 2026-09-02); keep MIT notice + disclosure with repo; upload Restricted anyway. texture <=1024px (Roblox downscales larger); OpenGL-normal convention if normal maps,publisher-disclosure
ThirdPartyResources/New UI/UI_old/BarBG.png,texture,MIT,medium,https://www.codester.com/items/55926/bullethell-elemental-template-unity,B,publisher disclosure: NewUI images MIT by Evghenii Conev (no public original located 2026-09-02); keep MIT notice + disclosure with repo; upload Restricted anyway. texture <=1024px (Roblox downscales larger); OpenGL-normal convention if normal maps,publisher-disclosure
ThirdPartyResources/New UI/UI_old/Box1.png,texture,MIT,medium,https://www.codester.com/items/55926/bullethell-elemental-template-unity,B,publisher disclosure: NewUI images MIT by Evghenii Conev (no public original located 2026-09-02); keep MIT notice + disclosure with repo; upload Restricted anyway. texture <=1024px (Roblox downscales larger); OpenGL-normal convention if normal maps,publisher-disclosure
ThirdPartyResources/New UI/UI_old/Box2.png,texture,MIT,medium,https://www.codester.com/items/55926/bullethell-elemental-template-unity,B,publisher disclosure: NewUI images MIT by Evghenii Conev (no public original located 2026-09-02); keep MIT notice + disclosure with repo; upload Restricted anyway. texture <=1024px (Roblox downscales larger); OpenGL-normal convention if normal maps,publisher-disclosure
ThirdPartyResources/New UI/UI_old/Box3.png,texture,MIT,medium,https://www.codester.com/items/55926/bullethell-elemental-template-unity,B,publisher disclosure: NewUI images MIT by Evghenii Conev (no public original located 2026-09-02); keep MIT notice + disclosure with repo; upload Restricted anyway. texture <=1024px (Roblox downscales larger); OpenGL-normal convention if normal maps,publisher-disclosure
ThirdPartyResources/New UI/UI_old/Box3Selected.png,texture,MIT,medium,https://www.codester.com/items/55926/bullethell-elemental-template-unity,B,publisher disclosure: NewUI images MIT by Evghenii Conev (no public original located 2026-09-02); keep MIT notice + disclosure with repo; upload Restricted anyway. texture <=1024px (Roblox downscales larger); OpenGL-normal convention if normal maps,publisher-disclosure
ThirdPartyResources/New UI/UI_old/Box4.png,texture,MIT,medium,https://www.codester.com/items/55926/bullethell-elemental-template-unity,B,publisher disclosure: NewUI images MIT by Evghenii Conev (no public original located 2026-09-02); keep MIT notice + disclosure with repo; upload Restricted anyway. texture <=1024px (Roblox downscales larger); OpenGL-normal convention if normal maps,publisher-disclosure
ThirdPartyResources/New UI/UI_old/Box4Selected.png,texture,MIT,medium,https://www.codester.com/items/55926/bullethell-elemental-template-unity,B,publisher disclosure: NewUI images MIT by Evghenii Conev (no public original located 2026-09-02); keep MIT notice + disclosure with repo; upload Restricted anyway. texture <=1024px (Roblox downscales larger); OpenGL-normal convention if normal maps,publisher-disclosure
ThirdPartyResources/New UI/UI_old/Box5.png,texture,MIT,medium,https://www.codester.com/items/55926/bullethell-elemental-template-unity,B,publisher disclosure: NewUI images MIT by Evghenii Conev (no public original located 2026-09-02); keep MIT notice + disclosure with repo; upload Restricted anyway. texture <=1024px (Roblox downscales larger); OpenGL-normal convention if normal maps,publisher-disclosure
ThirdPartyResources/New UI/UI_old/Box5Selected.png,texture,MIT,medium,https://www.codester.com/items/55926/bullethell-elemental-template-unity,B,publisher disclosure: NewUI images MIT by Evghenii Conev (no public original located 2026-09-02); keep MIT notice + disclosure with repo; upload Restricted anyway. texture <=1024px (Roblox downscales larger); OpenGL-normal convention if normal maps,publisher-disclosure
ThirdPartyResources/New UI/UI_old/BoxSelect.png,texture,MIT,medium,https://www.codester.com/items/55926/bullethell-elemental-template-unity,B,publisher disclosure: NewUI images MIT by Evghenii Conev (no public original located 2026-09-02); keep MIT notice + disclosure with repo; upload Restricted anyway. texture <=1024px (Roblox downscales larger); OpenGL-normal convention if normal maps,publisher-disclosure
ThirdPartyResources/New UI/UI_old/Button1 1.png,texture,MIT,medium,https://www.codester.com/items/55926/bullethell-elemental-template-unity,B,publisher disclosure: NewUI images MIT by Evghenii Conev (no public original located 2026-09-02); keep MIT notice + disclosure with repo; upload Restricted anyway. texture <=1024px (Roblox downscales larger); OpenGL-normal convention if normal maps,publisher-disclosure
ThirdPartyResources/New UI/UI_old/Button1.png,texture,MIT,medium,https://www.codester.com/items/55926/bullethell-elemental-template-unity,B,publisher disclosure: NewUI images MIT by Evghenii Conev (no public original located 2026-09-02); keep MIT notice + disclosure with repo; upload Restricted anyway. texture <=1024px (Roblox downscales larger); OpenGL-normal convention if normal maps,publisher-disclosure
ThirdPartyResources/New UI/UI_old/Button2.png,texture,MIT,medium,https://www.codester.com/items/55926/bullethell-elemental-template-unity,B,publisher disclosure: NewUI images MIT by Evghenii Conev (no public original located 2026-09-02); keep MIT notice + disclosure with repo; upload Restricted anyway. texture <=1024px (Roblox downscales larger); OpenGL-normal convention if normal maps,publisher-disclosure
ThirdPartyResources/New UI/UI_old/Button3.png,texture,MIT,medium,https://www.codester.com/items/55926/bullethell-elemental-template-unity,B,publisher disclosure: NewUI images MIT by Evghenii Conev (no public original located 2026-09-02); keep MIT notice + disclosure with repo; upload Restricted anyway. texture <=1024px (Roblox downscales larger); OpenGL-normal convention if normal maps,publisher-disclosure
ThirdPartyResources/New UI/UI_old/Button4.png,texture,MIT,medium,https://www.codester.com/items/55926/bullethell-elemental-template-unity,B,publisher disclosure: NewUI images MIT by Evghenii Conev (no public original located 2026-09-02); keep MIT notice + disclosure with repo; upload Restricted anyway. texture <=1024px (Roblox downscales larger); OpenGL-normal convention if normal maps,publisher-disclosure
ThirdPartyResources/New UI/UI_old/CIrcleIcon.png,texture,MIT,medium,https://www.codester.com/items/55926/bullethell-elemental-template-unity,B,publisher disclosure: NewUI images MIT by Evghenii Conev (no public original located 2026-09-02); keep MIT notice + disclosure with repo; upload Restricted anyway. texture <=1024px (Roblox downscales larger); OpenGL-normal convention if normal maps,publisher-disclosure
ThirdPartyResources/New UI/UI_old/CIrcleIconSelected.png,texture,MIT,medium,https://www.codester.com/items/55926/bullethell-elemental-template-unity,B,publisher disclosure: NewUI images MIT by Evghenii Conev (no public original located 2026-09-02); keep MIT notice + disclosure with repo; upload Restricted anyway. texture <=1024px (Roblox downscales larger); OpenGL-normal convention if normal maps,publisher-disclosure
ThirdPartyResources/New UI/UI_old/Circle.png,texture,MIT,medium,https://www.codester.com/items/55926/bullethell-elemental-template-unity,B,publisher disclosure: NewUI images MIT by Evghenii Conev (no public original located 2026-09-02); keep MIT notice + disclosure with repo; upload Restricted anyway. texture <=1024px (Roblox downscales larger); OpenGL-normal convention if normal maps,publisher-disclosure
ThirdPartyResources/New UI/UI_old/Component 3 (1).png,texture,MIT,medium,https://www.codester.com/items/55926/bullethell-elemental-template-unity,B,publisher disclosure: NewUI images MIT by Evghenii Conev (no public original located 2026-09-02); keep MIT notice + disclosure with repo; upload Restricted anyway. texture <=1024px (Roblox downscales larger); OpenGL-normal convention if normal maps,publisher-disclosure
ThirdPartyResources/New UI/UI_old/Component 4 (1).png,texture,MIT,medium,https://www.codester.com/items/55926/bullethell-elemental-template-unity,B,publisher disclosure: NewUI images MIT by Evghenii Conev (no public original located 2026-09-02); keep MIT notice + disclosure with repo; upload Restricted anyway. texture <=1024px (Roblox downscales larger); OpenGL-normal convention if normal maps,publisher-disclosure
ThirdPartyResources/New UI/UI_old/Component 4 (2).png,texture,MIT,medium,https://www.codester.com/items/55926/bullethell-elemental-template-unity,B,publisher disclosure: NewUI images MIT by Evghenii Conev (no public original located 2026-09-02); keep MIT notice + disclosure with repo; upload Restricted anyway. texture <=1024px (Roblox downscales larger); OpenGL-normal convention if normal maps,publisher-disclosure
ThirdPartyResources/New UI/UI_old/Component 4 (3).png,texture,MIT,medium,https://www.codester.com/items/55926/bullethell-elemental-template-unity,B,publisher disclosure: NewUI images MIT by Evghenii Conev (no public original located 2026-09-02); keep MIT notice + disclosure with repo; upload Restricted anyway. texture <=1024px (Roblox downscales larger); OpenGL-normal convention if normal maps,publisher-disclosure
ThirdPartyResources/New UI/UI_old/Component 5 (2).png,texture,MIT,medium,https://www.codester.com/items/55926/bullethell-elemental-template-unity,B,publisher disclosure: NewUI images MIT by Evghenii Conev (no public original located 2026-09-02); keep MIT notice + disclosure with repo; upload Restricted anyway. texture <=1024px (Roblox downscales larger); OpenGL-normal convention if normal maps,publisher-disclosure
ThirdPartyResources/New UI/UI_old/Component 5 (3).png,texture,MIT,medium,https://www.codester.com/items/55926/bullethell-elemental-template-unity,B,publisher disclosure: NewUI images MIT by Evghenii Conev (no public original located 2026-09-02); keep MIT notice + disclosure with repo; upload Restricted anyway. texture <=1024px (Roblox downscales larger); OpenGL-normal convention if normal maps,publisher-disclosure
ThirdPartyResources/New UI/UI_old/Component 6.png,texture,MIT,medium,https://www.codester.com/items/55926/bullethell-elemental-template-unity,B,publisher disclosure: NewUI images MIT by Evghenii Conev (no public original located 2026-09-02); keep MIT notice + disclosure with repo; upload Restricted anyway. texture <=1024px (Roblox downscales larger); OpenGL-normal convention if normal maps,publisher-disclosure
ThirdPartyResources/New UI/UI_old/EvilEmpire.asset,other,OFL-1.1,high,https://www.dafont.com/evil-empire.font,rebuild,TMP SDF asset derived from 'Evil Empire' font (Tup Wanders); re-download OFL original (extraction/originals/font-evil-empire); upload TTF/OTF as custom font (FontFace); Roblox does not use TMP SDF assets,verified
ThirdPartyResources/New UI/UI_old/Flag.png,texture,MIT,medium,https://www.codester.com/items/55926/bullethell-elemental-template-unity,B,publisher disclosure: NewUI images MIT by Evghenii Conev (no public original located 2026-09-02); keep MIT notice + disclosure with repo; upload Restricted anyway. texture <=1024px (Roblox downscales larger); OpenGL-normal convention if normal maps,publisher-disclosure
ThirdPartyResources/New UI/UI_old/GunnerIcon.png,texture,MIT,medium,https://www.codester.com/items/55926/bullethell-elemental-template-unity,B,publisher disclosure: NewUI images MIT by Evghenii Conev (no public original located 2026-09-02); keep MIT notice + disclosure with repo; upload Restricted anyway. texture <=1024px (Roblox downscales larger); OpenGL-normal convention if normal maps,publisher-disclosure
ThirdPartyResources/New UI/UI_old/MageIcon.png,texture,MIT,medium,https://www.codester.com/items/55926/bullethell-elemental-template-unity,B,publisher disclosure: NewUI images MIT by Evghenii Conev (no public original located 2026-09-02); keep MIT notice + disclosure with repo; upload Restricted anyway. texture <=1024px (Roblox downscales larger); OpenGL-normal convention if normal maps,publisher-disclosure
ThirdPartyResources/New UI/UI_old/PassIcon.png,texture,MIT,medium,https://www.codester.com/items/55926/bullethell-elemental-template-unity,B,publisher disclosure: NewUI images MIT by Evghenii Conev (no public original located 2026-09-02); keep MIT notice + disclosure with repo; upload Restricted anyway. texture <=1024px (Roblox downscales larger); OpenGL-normal convention if normal maps,publisher-disclosure
ThirdPartyResources/New UI/UI_old/Progress.png,texture,MIT,medium,https://www.codester.com/items/55926/bullethell-elemental-template-unity,B,publisher disclosure: NewUI images MIT by Evghenii Conev (no public original located 2026-09-02); keep MIT notice + disclosure with repo; upload Restricted anyway. texture <=1024px (Roblox downscales larger); OpenGL-normal convention if normal maps,publisher-disclosure
ThirdPartyResources/New UI/UI_old/SlayerIcon.png,texture,MIT,medium,https://www.codester.com/items/55926/bullethell-elemental-template-unity,B,publisher disclosure: NewUI images MIT by Evghenii Conev (no public original located 2026-09-02); keep MIT notice + disclosure with repo; upload Restricted anyway. texture <=1024px (Roblox downscales larger); OpenGL-normal convention if normal maps,publisher-disclosure
ThirdPartyResources/New UI/UI_old/SurvivalChracter.png,texture,MIT,medium,https://www.codester.com/items/55926/bullethell-elemental-template-unity,B,publisher disclosure: NewUI images MIT by Evghenii Conev (no public original located 2026-09-02); keep MIT notice + disclosure with repo; upload Restricted anyway. texture <=1024px (Roblox downscales larger); OpenGL-normal convention if normal maps,publisher-disclosure
ThirdPartyResources/New UI/UI_old/WarriorIcon.png,texture,MIT,medium,https://www.codester.com/items/55926/bullethell-elemental-template-unity,B,publisher disclosure: NewUI images MIT by Evghenii Conev (no public original located 2026-09-02); keep MIT notice + disclosure with repo; upload Restricted anyway. texture <=1024px (Roblox downscales larger); OpenGL-normal convention if normal maps,publisher-disclosure
ThirdPartyResources/Particle samples/License.txt,other,CC0,high,https://kenney.nl/assets/particle-pack,A,pack license file; archived at legal/licenses/Kenney-ParticlePack-bundled-in-template-CC0.txt,verified
ThirdPartyResources/Particle samples/Materials/Fire.mat,other,CC0,high,https://kenney.nl/assets/particle-pack,rebuild,rebuilt natively in Roblox; nothing imported; Unity mat wrapper around Kenney CC0 sprite,bundled-license
ThirdPartyResources/Particle samples/Materials/Heart.mat,other,CC0,high,https://kenney.nl/assets/particle-pack,rebuild,rebuilt natively in Roblox; nothing imported; Unity mat wrapper around Kenney CC0 sprite,bundled-license
ThirdPartyResources/Particle samples/Materials/Smoke.mat,other,CC0,high,https://kenney.nl/assets/particle-pack,rebuild,rebuilt natively in Roblox; nothing imported; Unity mat wrapper around Kenney CC0 sprite,bundled-license
ThirdPartyResources/Particle samples/Materials/Spark.mat,other,CC0,high,https://kenney.nl/assets/particle-pack,rebuild,rebuilt natively in Roblox; nothing imported; Unity mat wrapper around Kenney CC0 sprite,bundled-license
ThirdPartyResources/Particle samples/Materials/Star.mat,other,CC0,high,https://kenney.nl/assets/particle-pack,rebuild,rebuilt natively in Roblox; nothing imported; Unity mat wrapper around Kenney CC0 sprite,bundled-license
ThirdPartyResources/Particle samples/Materials/Trace.mat,other,CC0,high,https://kenney.nl/assets/particle-pack,rebuild,rebuilt natively in Roblox; nothing imported; Unity mat wrapper around Kenney CC0 sprite,bundled-license
ThirdPartyResources/Particle samples/Prefabs/Electricity.prefab,other,CC0,high,https://kenney.nl/assets/particle-pack,rebuild,rebuilt natively in Roblox; nothing imported; Unity prefab wrapper around Kenney CC0 sprite,bundled-license
ThirdPartyResources/Particle samples/Prefabs/Fire.prefab,other,CC0,high,https://kenney.nl/assets/particle-pack,rebuild,rebuilt natively in Roblox; nothing imported; Unity prefab wrapper around Kenney CC0 sprite,bundled-license
ThirdPartyResources/Particle samples/Prefabs/Hearts.prefab,other,CC0,high,https://kenney.nl/assets/particle-pack,rebuild,rebuilt natively in Roblox; nothing imported; Unity prefab wrapper around Kenney CC0 sprite,bundled-license
ThirdPartyResources/Particle samples/Prefabs/Magic.prefab,other,CC0,high,https://kenney.nl/assets/particle-pack,rebuild,rebuilt natively in Roblox; nothing imported; Unity prefab wrapper around Kenney CC0 sprite,bundled-license
ThirdPartyResources/Particle samples/Prefabs/Smoke.prefab,other,CC0,high,https://kenney.nl/assets/particle-pack,rebuild,rebuilt natively in Roblox; nothing imported; Unity prefab wrapper around Kenney CC0 sprite,bundled-license
ThirdPartyResources/Particle samples/Prefabs/Sparks.prefab,other,CC0,high,https://kenney.nl/assets/particle-pack,rebuild,rebuilt natively in Roblox; nothing imported; Unity prefab wrapper around Kenney CC0 sprite,bundled-license
ThirdPartyResources/Particle samples/Sprites/Rotated/flame_05_rotated.png,texture,CC0,high,https://kenney.nl/assets/particle-pack,A,"Kenney Particle Pack sprite (re-downloaded zip, CC0); use as ParticleEmitter texture/flipbook, <=400 particles/s. texture <=1024px (Roblox downscales larger); OpenGL-normal convention if normal maps",verified
ThirdPartyResources/Particle samples/Sprites/Rotated/flame_06_rotated.png,texture,CC0,high,https://kenney.nl/assets/particle-pack,A,"Kenney Particle Pack sprite (re-downloaded zip, CC0); use as ParticleEmitter texture/flipbook, <=400 particles/s. texture <=1024px (Roblox downscales larger); OpenGL-normal convention if normal maps",verified
ThirdPartyResources/Particle samples/Sprites/Rotated/muzzle_01_rotated.png,texture,CC0,high,https://kenney.nl/assets/particle-pack,A,"Kenney Particle Pack sprite (re-downloaded zip, CC0); use as ParticleEmitter texture/flipbook, <=400 particles/s. texture <=1024px (Roblox downscales larger); OpenGL-normal convention if normal maps",verified
ThirdPartyResources/Particle samples/Sprites/Rotated/muzzle_02_rotated.png,texture,CC0,high,https://kenney.nl/assets/particle-pack,A,"Kenney Particle Pack sprite (re-downloaded zip, CC0); use as ParticleEmitter texture/flipbook, <=400 particles/s. texture <=1024px (Roblox downscales larger); OpenGL-normal convention if normal maps",verified
ThirdPartyResources/Particle samples/Sprites/Rotated/muzzle_03_rotated.png,texture,CC0,high,https://kenney.nl/assets/particle-pack,A,"Kenney Particle Pack sprite (re-downloaded zip, CC0); use as ParticleEmitter texture/flipbook, <=400 particles/s. texture <=1024px (Roblox downscales larger); OpenGL-normal convention if normal maps",verified
ThirdPartyResources/Particle samples/Sprites/Rotated/muzzle_04_rotated.png,texture,CC0,high,https://kenney.nl/assets/particle-pack,A,"Kenney Particle Pack sprite (re-downloaded zip, CC0); use as ParticleEmitter texture/flipbook, <=400 particles/s. texture <=1024px (Roblox downscales larger); OpenGL-normal convention if normal maps",verified
ThirdPartyResources/Particle samples/Sprites/Rotated/muzzle_05_rotated.png,texture,CC0,high,https://kenney.nl/assets/particle-pack,A,"Kenney Particle Pack sprite (re-downloaded zip, CC0); use as ParticleEmitter texture/flipbook, <=400 particles/s. texture <=1024px (Roblox downscales larger); OpenGL-normal convention if normal maps",verified
ThirdPartyResources/Particle samples/Sprites/Rotated/spark_05_rotated.png,texture,CC0,high,https://kenney.nl/assets/particle-pack,A,"Kenney Particle Pack sprite (re-downloaded zip, CC0); use as ParticleEmitter texture/flipbook, <=400 particles/s. texture <=1024px (Roblox downscales larger); OpenGL-normal convention if normal maps",verified
ThirdPartyResources/Particle samples/Sprites/Rotated/spark_06_rotated.png,texture,CC0,high,https://kenney.nl/assets/particle-pack,A,"Kenney Particle Pack sprite (re-downloaded zip, CC0); use as ParticleEmitter texture/flipbook, <=400 particles/s. texture <=1024px (Roblox downscales larger); OpenGL-normal convention if normal maps",verified
ThirdPartyResources/Particle samples/Sprites/Rotated/trace_01_rotated.png,texture,CC0,high,https://kenney.nl/assets/particle-pack,A,"Kenney Particle Pack sprite (re-downloaded zip, CC0); use as ParticleEmitter texture/flipbook, <=400 particles/s. texture <=1024px (Roblox downscales larger); OpenGL-normal convention if normal maps",verified
ThirdPartyResources/Particle samples/Sprites/Rotated/trace_02_rotated.png,texture,CC0,high,https://kenney.nl/assets/particle-pack,A,"Kenney Particle Pack sprite (re-downloaded zip, CC0); use as ParticleEmitter texture/flipbook, <=400 particles/s. texture <=1024px (Roblox downscales larger); OpenGL-normal convention if normal maps",verified
ThirdPartyResources/Particle samples/Sprites/Rotated/trace_03_rotated.png,texture,CC0,high,https://kenney.nl/assets/particle-pack,A,"Kenney Particle Pack sprite (re-downloaded zip, CC0); use as ParticleEmitter texture/flipbook, <=400 particles/s. texture <=1024px (Roblox downscales larger); OpenGL-normal convention if normal maps",verified
ThirdPartyResources/Particle samples/Sprites/Rotated/trace_04_rotated.png,texture,CC0,high,https://kenney.nl/assets/particle-pack,A,"Kenney Particle Pack sprite (re-downloaded zip, CC0); use as ParticleEmitter texture/flipbook, <=400 particles/s. texture <=1024px (Roblox downscales larger); OpenGL-normal convention if normal maps",verified
ThirdPartyResources/Particle samples/Sprites/Rotated/trace_05_rotated.png,texture,CC0,high,https://kenney.nl/assets/particle-pack,A,"Kenney Particle Pack sprite (re-downloaded zip, CC0); use as ParticleEmitter texture/flipbook, <=400 particles/s. texture <=1024px (Roblox downscales larger); OpenGL-normal convention if normal maps",verified
ThirdPartyResources/Particle samples/Sprites/Rotated/trace_06_rotated.png,texture,CC0,high,https://kenney.nl/assets/particle-pack,A,"Kenney Particle Pack sprite (re-downloaded zip, CC0); use as ParticleEmitter texture/flipbook, <=400 particles/s. texture <=1024px (Roblox downscales larger); OpenGL-normal convention if normal maps",verified
ThirdPartyResources/Particle samples/Sprites/Rotated/trace_07_rotated.png,texture,CC0,high,https://kenney.nl/assets/particle-pack,A,"Kenney Particle Pack sprite (re-downloaded zip, CC0); use as ParticleEmitter texture/flipbook, <=400 particles/s. texture <=1024px (Roblox downscales larger); OpenGL-normal convention if normal maps",verified
ThirdPartyResources/Particle samples/Sprites/circle_01.png,texture,CC0,high,https://kenney.nl/assets/particle-pack,A,"Kenney Particle Pack sprite (re-downloaded zip, CC0); use as ParticleEmitter texture/flipbook, <=400 particles/s. texture <=1024px (Roblox downscales larger); OpenGL-normal convention if normal maps",verified
ThirdPartyResources/Particle samples/Sprites/circle_02.png,texture,CC0,high,https://kenney.nl/assets/particle-pack,A,"Kenney Particle Pack sprite (re-downloaded zip, CC0); use as ParticleEmitter texture/flipbook, <=400 particles/s. texture <=1024px (Roblox downscales larger); OpenGL-normal convention if normal maps",verified
ThirdPartyResources/Particle samples/Sprites/circle_03.png,texture,CC0,high,https://kenney.nl/assets/particle-pack,A,"Kenney Particle Pack sprite (re-downloaded zip, CC0); use as ParticleEmitter texture/flipbook, <=400 particles/s. texture <=1024px (Roblox downscales larger); OpenGL-normal convention if normal maps",verified
ThirdPartyResources/Particle samples/Sprites/circle_04.png,texture,CC0,high,https://kenney.nl/assets/particle-pack,A,"Kenney Particle Pack sprite (re-downloaded zip, CC0); use as ParticleEmitter texture/flipbook, <=400 particles/s. texture <=1024px (Roblox downscales larger); OpenGL-normal convention if normal maps",verified
ThirdPartyResources/Particle samples/Sprites/circle_05.png,texture,CC0,high,https://kenney.nl/assets/particle-pack,A,"Kenney Particle Pack sprite (re-downloaded zip, CC0); use as ParticleEmitter texture/flipbook, <=400 particles/s. texture <=1024px (Roblox downscales larger); OpenGL-normal convention if normal maps",verified
ThirdPartyResources/Particle samples/Sprites/dirt_01.png,texture,CC0,high,https://kenney.nl/assets/particle-pack,A,"Kenney Particle Pack sprite (re-downloaded zip, CC0); use as ParticleEmitter texture/flipbook, <=400 particles/s. texture <=1024px (Roblox downscales larger); OpenGL-normal convention if normal maps",verified
ThirdPartyResources/Particle samples/Sprites/dirt_02.png,texture,CC0,high,https://kenney.nl/assets/particle-pack,A,"Kenney Particle Pack sprite (re-downloaded zip, CC0); use as ParticleEmitter texture/flipbook, <=400 particles/s. texture <=1024px (Roblox downscales larger); OpenGL-normal convention if normal maps",verified
ThirdPartyResources/Particle samples/Sprites/dirt_03.png,texture,CC0,high,https://kenney.nl/assets/particle-pack,A,"Kenney Particle Pack sprite (re-downloaded zip, CC0); use as ParticleEmitter texture/flipbook, <=400 particles/s. texture <=1024px (Roblox downscales larger); OpenGL-normal convention if normal maps",verified
ThirdPartyResources/Particle samples/Sprites/fire_01.png,texture,CC0,high,https://kenney.nl/assets/particle-pack,A,"Kenney Particle Pack sprite (re-downloaded zip, CC0); use as ParticleEmitter texture/flipbook, <=400 particles/s. texture <=1024px (Roblox downscales larger); OpenGL-normal convention if normal maps",verified
ThirdPartyResources/Particle samples/Sprites/fire_02.png,texture,CC0,high,https://kenney.nl/assets/particle-pack,A,"Kenney Particle Pack sprite (re-downloaded zip, CC0); use as ParticleEmitter texture/flipbook, <=400 particles/s. texture <=1024px (Roblox downscales larger); OpenGL-normal convention if normal maps",verified
ThirdPartyResources/Particle samples/Sprites/flame_01.png,texture,CC0,high,https://kenney.nl/assets/particle-pack,A,"Kenney Particle Pack sprite (re-downloaded zip, CC0); use as ParticleEmitter texture/flipbook, <=400 particles/s. texture <=1024px (Roblox downscales larger); OpenGL-normal convention if normal maps",verified
ThirdPartyResources/Particle samples/Sprites/flame_02.png,texture,CC0,high,https://kenney.nl/assets/particle-pack,A,"Kenney Particle Pack sprite (re-downloaded zip, CC0); use as ParticleEmitter texture/flipbook, <=400 particles/s. texture <=1024px (Roblox downscales larger); OpenGL-normal convention if normal maps",verified
ThirdPartyResources/Particle samples/Sprites/flame_03.png,texture,CC0,high,https://kenney.nl/assets/particle-pack,A,"Kenney Particle Pack sprite (re-downloaded zip, CC0); use as ParticleEmitter texture/flipbook, <=400 particles/s. texture <=1024px (Roblox downscales larger); OpenGL-normal convention if normal maps",verified
ThirdPartyResources/Particle samples/Sprites/flame_04.png,texture,CC0,high,https://kenney.nl/assets/particle-pack,A,"Kenney Particle Pack sprite (re-downloaded zip, CC0); use as ParticleEmitter texture/flipbook, <=400 particles/s. texture <=1024px (Roblox downscales larger); OpenGL-normal convention if normal maps",verified
ThirdPartyResources/Particle samples/Sprites/flame_05.png,texture,CC0,high,https://kenney.nl/assets/particle-pack,A,"Kenney Particle Pack sprite (re-downloaded zip, CC0); use as ParticleEmitter texture/flipbook, <=400 particles/s. texture <=1024px (Roblox downscales larger); OpenGL-normal convention if normal maps",verified
ThirdPartyResources/Particle samples/Sprites/flame_06.png,texture,CC0,high,https://kenney.nl/assets/particle-pack,A,"Kenney Particle Pack sprite (re-downloaded zip, CC0); use as ParticleEmitter texture/flipbook, <=400 particles/s. texture <=1024px (Roblox downscales larger); OpenGL-normal convention if normal maps",verified
ThirdPartyResources/Particle samples/Sprites/flare_01.png,texture,CC0,high,https://kenney.nl/assets/particle-pack,A,"Kenney Particle Pack sprite (re-downloaded zip, CC0); use as ParticleEmitter texture/flipbook, <=400 particles/s. texture <=1024px (Roblox downscales larger); OpenGL-normal convention if normal maps",verified
ThirdPartyResources/Particle samples/Sprites/light_01.png,texture,CC0,high,https://kenney.nl/assets/particle-pack,A,"Kenney Particle Pack sprite (re-downloaded zip, CC0); use as ParticleEmitter texture/flipbook, <=400 particles/s. texture <=1024px (Roblox downscales larger); OpenGL-normal convention if normal maps",verified
ThirdPartyResources/Particle samples/Sprites/light_02.png,texture,CC0,high,https://kenney.nl/assets/particle-pack,A,"Kenney Particle Pack sprite (re-downloaded zip, CC0); use as ParticleEmitter texture/flipbook, <=400 particles/s. texture <=1024px (Roblox downscales larger); OpenGL-normal convention if normal maps",verified
ThirdPartyResources/Particle samples/Sprites/light_03.png,texture,CC0,high,https://kenney.nl/assets/particle-pack,A,"Kenney Particle Pack sprite (re-downloaded zip, CC0); use as ParticleEmitter texture/flipbook, <=400 particles/s. texture <=1024px (Roblox downscales larger); OpenGL-normal convention if normal maps",verified
ThirdPartyResources/Particle samples/Sprites/magic_01.png,texture,CC0,high,https://kenney.nl/assets/particle-pack,A,"Kenney Particle Pack sprite (re-downloaded zip, CC0); use as ParticleEmitter texture/flipbook, <=400 particles/s. texture <=1024px (Roblox downscales larger); OpenGL-normal convention if normal maps",verified
ThirdPartyResources/Particle samples/Sprites/magic_02.png,texture,CC0,high,https://kenney.nl/assets/particle-pack,A,"Kenney Particle Pack sprite (re-downloaded zip, CC0); use as ParticleEmitter texture/flipbook, <=400 particles/s. texture <=1024px (Roblox downscales larger); OpenGL-normal convention if normal maps",verified
ThirdPartyResources/Particle samples/Sprites/magic_03.png,texture,CC0,high,https://kenney.nl/assets/particle-pack,A,"Kenney Particle Pack sprite (re-downloaded zip, CC0); use as ParticleEmitter texture/flipbook, <=400 particles/s. texture <=1024px (Roblox downscales larger); OpenGL-normal convention if normal maps",verified
ThirdPartyResources/Particle samples/Sprites/magic_04.png,texture,CC0,high,https://kenney.nl/assets/particle-pack,A,"Kenney Particle Pack sprite (re-downloaded zip, CC0); use as ParticleEmitter texture/flipbook, <=400 particles/s. texture <=1024px (Roblox downscales larger); OpenGL-normal convention if normal maps",verified
ThirdPartyResources/Particle samples/Sprites/magic_05.png,texture,CC0,high,https://kenney.nl/assets/particle-pack,A,"Kenney Particle Pack sprite (re-downloaded zip, CC0); use as ParticleEmitter texture/flipbook, <=400 particles/s. texture <=1024px (Roblox downscales larger); OpenGL-normal convention if normal maps",verified
ThirdPartyResources/Particle samples/Sprites/muzzle_01.png,texture,CC0,high,https://kenney.nl/assets/particle-pack,A,"Kenney Particle Pack sprite (re-downloaded zip, CC0); use as ParticleEmitter texture/flipbook, <=400 particles/s. texture <=1024px (Roblox downscales larger); OpenGL-normal convention if normal maps",verified
ThirdPartyResources/Particle samples/Sprites/muzzle_02.png,texture,CC0,high,https://kenney.nl/assets/particle-pack,A,"Kenney Particle Pack sprite (re-downloaded zip, CC0); use as ParticleEmitter texture/flipbook, <=400 particles/s. texture <=1024px (Roblox downscales larger); OpenGL-normal convention if normal maps",verified
ThirdPartyResources/Particle samples/Sprites/muzzle_03.png,texture,CC0,high,https://kenney.nl/assets/particle-pack,A,"Kenney Particle Pack sprite (re-downloaded zip, CC0); use as ParticleEmitter texture/flipbook, <=400 particles/s. texture <=1024px (Roblox downscales larger); OpenGL-normal convention if normal maps",verified
ThirdPartyResources/Particle samples/Sprites/muzzle_04.png,texture,CC0,high,https://kenney.nl/assets/particle-pack,A,"Kenney Particle Pack sprite (re-downloaded zip, CC0); use as ParticleEmitter texture/flipbook, <=400 particles/s. texture <=1024px (Roblox downscales larger); OpenGL-normal convention if normal maps",verified
ThirdPartyResources/Particle samples/Sprites/muzzle_05.png,texture,CC0,high,https://kenney.nl/assets/particle-pack,A,"Kenney Particle Pack sprite (re-downloaded zip, CC0); use as ParticleEmitter texture/flipbook, <=400 particles/s. texture <=1024px (Roblox downscales larger); OpenGL-normal convention if normal maps",verified
ThirdPartyResources/Particle samples/Sprites/scorch_01.png,texture,CC0,high,https://kenney.nl/assets/particle-pack,A,"Kenney Particle Pack sprite (re-downloaded zip, CC0); use as ParticleEmitter texture/flipbook, <=400 particles/s. texture <=1024px (Roblox downscales larger); OpenGL-normal convention if normal maps",verified
ThirdPartyResources/Particle samples/Sprites/scorch_02.png,texture,CC0,high,https://kenney.nl/assets/particle-pack,A,"Kenney Particle Pack sprite (re-downloaded zip, CC0); use as ParticleEmitter texture/flipbook, <=400 particles/s. texture <=1024px (Roblox downscales larger); OpenGL-normal convention if normal maps",verified
ThirdPartyResources/Particle samples/Sprites/scorch_03.png,texture,CC0,high,https://kenney.nl/assets/particle-pack,A,"Kenney Particle Pack sprite (re-downloaded zip, CC0); use as ParticleEmitter texture/flipbook, <=400 particles/s. texture <=1024px (Roblox downscales larger); OpenGL-normal convention if normal maps",verified
ThirdPartyResources/Particle samples/Sprites/scratch_01.png,texture,CC0,high,https://kenney.nl/assets/particle-pack,A,"Kenney Particle Pack sprite (re-downloaded zip, CC0); use as ParticleEmitter texture/flipbook, <=400 particles/s. texture <=1024px (Roblox downscales larger); OpenGL-normal convention if normal maps",verified
ThirdPartyResources/Particle samples/Sprites/slash_01.png,texture,CC0,high,https://kenney.nl/assets/particle-pack,A,"Kenney Particle Pack sprite (re-downloaded zip, CC0); use as ParticleEmitter texture/flipbook, <=400 particles/s. texture <=1024px (Roblox downscales larger); OpenGL-normal convention if normal maps",verified
ThirdPartyResources/Particle samples/Sprites/slash_02.png,texture,CC0,high,https://kenney.nl/assets/particle-pack,A,"Kenney Particle Pack sprite (re-downloaded zip, CC0); use as ParticleEmitter texture/flipbook, <=400 particles/s. texture <=1024px (Roblox downscales larger); OpenGL-normal convention if normal maps",verified
ThirdPartyResources/Particle samples/Sprites/slash_03.png,texture,CC0,high,https://kenney.nl/assets/particle-pack,A,"Kenney Particle Pack sprite (re-downloaded zip, CC0); use as ParticleEmitter texture/flipbook, <=400 particles/s. texture <=1024px (Roblox downscales larger); OpenGL-normal convention if normal maps",verified
ThirdPartyResources/Particle samples/Sprites/slash_04.png,texture,CC0,high,https://kenney.nl/assets/particle-pack,A,"Kenney Particle Pack sprite (re-downloaded zip, CC0); use as ParticleEmitter texture/flipbook, <=400 particles/s. texture <=1024px (Roblox downscales larger); OpenGL-normal convention if normal maps",verified
ThirdPartyResources/Particle samples/Sprites/smoke_01.png,texture,CC0,high,https://kenney.nl/assets/particle-pack,A,"Kenney Particle Pack sprite (re-downloaded zip, CC0); use as ParticleEmitter texture/flipbook, <=400 particles/s. texture <=1024px (Roblox downscales larger); OpenGL-normal convention if normal maps",verified
ThirdPartyResources/Particle samples/Sprites/smoke_02.png,texture,CC0,high,https://kenney.nl/assets/particle-pack,A,"Kenney Particle Pack sprite (re-downloaded zip, CC0); use as ParticleEmitter texture/flipbook, <=400 particles/s. texture <=1024px (Roblox downscales larger); OpenGL-normal convention if normal maps",verified
ThirdPartyResources/Particle samples/Sprites/smoke_03.png,texture,CC0,high,https://kenney.nl/assets/particle-pack,A,"Kenney Particle Pack sprite (re-downloaded zip, CC0); use as ParticleEmitter texture/flipbook, <=400 particles/s. texture <=1024px (Roblox downscales larger); OpenGL-normal convention if normal maps",verified
ThirdPartyResources/Particle samples/Sprites/smoke_04.png,texture,CC0,high,https://kenney.nl/assets/particle-pack,A,"Kenney Particle Pack sprite (re-downloaded zip, CC0); use as ParticleEmitter texture/flipbook, <=400 particles/s. texture <=1024px (Roblox downscales larger); OpenGL-normal convention if normal maps",verified
ThirdPartyResources/Particle samples/Sprites/smoke_05.png,texture,CC0,high,https://kenney.nl/assets/particle-pack,A,"Kenney Particle Pack sprite (re-downloaded zip, CC0); use as ParticleEmitter texture/flipbook, <=400 particles/s. texture <=1024px (Roblox downscales larger); OpenGL-normal convention if normal maps",verified
ThirdPartyResources/Particle samples/Sprites/smoke_06.png,texture,CC0,high,https://kenney.nl/assets/particle-pack,A,"Kenney Particle Pack sprite (re-downloaded zip, CC0); use as ParticleEmitter texture/flipbook, <=400 particles/s. texture <=1024px (Roblox downscales larger); OpenGL-normal convention if normal maps",verified
ThirdPartyResources/Particle samples/Sprites/smoke_07.png,texture,CC0,high,https://kenney.nl/assets/particle-pack,A,"Kenney Particle Pack sprite (re-downloaded zip, CC0); use as ParticleEmitter texture/flipbook, <=400 particles/s. texture <=1024px (Roblox downscales larger); OpenGL-normal convention if normal maps",verified
ThirdPartyResources/Particle samples/Sprites/smoke_08.png,texture,CC0,high,https://kenney.nl/assets/particle-pack,A,"Kenney Particle Pack sprite (re-downloaded zip, CC0); use as ParticleEmitter texture/flipbook, <=400 particles/s. texture <=1024px (Roblox downscales larger); OpenGL-normal convention if normal maps",verified
ThirdPartyResources/Particle samples/Sprites/smoke_09.png,texture,CC0,high,https://kenney.nl/assets/particle-pack,A,"Kenney Particle Pack sprite (re-downloaded zip, CC0); use as ParticleEmitter texture/flipbook, <=400 particles/s. texture <=1024px (Roblox downscales larger); OpenGL-normal convention if normal maps",verified
ThirdPartyResources/Particle samples/Sprites/smoke_10.png,texture,CC0,high,https://kenney.nl/assets/particle-pack,A,"Kenney Particle Pack sprite (re-downloaded zip, CC0); use as ParticleEmitter texture/flipbook, <=400 particles/s. texture <=1024px (Roblox downscales larger); OpenGL-normal convention if normal maps",verified
ThirdPartyResources/Particle samples/Sprites/spark_01.png,texture,CC0,high,https://kenney.nl/assets/particle-pack,A,"Kenney Particle Pack sprite (re-downloaded zip, CC0); use as ParticleEmitter texture/flipbook, <=400 particles/s. texture <=1024px (Roblox downscales larger); OpenGL-normal convention if normal maps",verified
ThirdPartyResources/Particle samples/Sprites/spark_02.png,texture,CC0,high,https://kenney.nl/assets/particle-pack,A,"Kenney Particle Pack sprite (re-downloaded zip, CC0); use as ParticleEmitter texture/flipbook, <=400 particles/s. texture <=1024px (Roblox downscales larger); OpenGL-normal convention if normal maps",verified
ThirdPartyResources/Particle samples/Sprites/spark_03.png,texture,CC0,high,https://kenney.nl/assets/particle-pack,A,"Kenney Particle Pack sprite (re-downloaded zip, CC0); use as ParticleEmitter texture/flipbook, <=400 particles/s. texture <=1024px (Roblox downscales larger); OpenGL-normal convention if normal maps",verified
ThirdPartyResources/Particle samples/Sprites/spark_04.png,texture,CC0,high,https://kenney.nl/assets/particle-pack,A,"Kenney Particle Pack sprite (re-downloaded zip, CC0); use as ParticleEmitter texture/flipbook, <=400 particles/s. texture <=1024px (Roblox downscales larger); OpenGL-normal convention if normal maps",verified
ThirdPartyResources/Particle samples/Sprites/spark_05.png,texture,CC0,high,https://kenney.nl/assets/particle-pack,A,"Kenney Particle Pack sprite (re-downloaded zip, CC0); use as ParticleEmitter texture/flipbook, <=400 particles/s. texture <=1024px (Roblox downscales larger); OpenGL-normal convention if normal maps",verified
ThirdPartyResources/Particle samples/Sprites/spark_06.png,texture,CC0,high,https://kenney.nl/assets/particle-pack,A,"Kenney Particle Pack sprite (re-downloaded zip, CC0); use as ParticleEmitter texture/flipbook, <=400 particles/s. texture <=1024px (Roblox downscales larger); OpenGL-normal convention if normal maps",verified
ThirdPartyResources/Particle samples/Sprites/spark_07.png,texture,CC0,high,https://kenney.nl/assets/particle-pack,A,"Kenney Particle Pack sprite (re-downloaded zip, CC0); use as ParticleEmitter texture/flipbook, <=400 particles/s. texture <=1024px (Roblox downscales larger); OpenGL-normal convention if normal maps",verified
ThirdPartyResources/Particle samples/Sprites/star_01.png,texture,CC0,high,https://kenney.nl/assets/particle-pack,A,"Kenney Particle Pack sprite (re-downloaded zip, CC0); use as ParticleEmitter texture/flipbook, <=400 particles/s. texture <=1024px (Roblox downscales larger); OpenGL-normal convention if normal maps",verified
ThirdPartyResources/Particle samples/Sprites/star_02.png,texture,CC0,high,https://kenney.nl/assets/particle-pack,A,"Kenney Particle Pack sprite (re-downloaded zip, CC0); use as ParticleEmitter texture/flipbook, <=400 particles/s. texture <=1024px (Roblox downscales larger); OpenGL-normal convention if normal maps",verified
ThirdPartyResources/Particle samples/Sprites/star_03.png,texture,CC0,high,https://kenney.nl/assets/particle-pack,A,"Kenney Particle Pack sprite (re-downloaded zip, CC0); use as ParticleEmitter texture/flipbook, <=400 particles/s. texture <=1024px (Roblox downscales larger); OpenGL-normal convention if normal maps",verified
ThirdPartyResources/Particle samples/Sprites/star_04.png,texture,CC0,high,https://kenney.nl/assets/particle-pack,A,"Kenney Particle Pack sprite (re-downloaded zip, CC0); use as ParticleEmitter texture/flipbook, <=400 particles/s. texture <=1024px (Roblox downscales larger); OpenGL-normal convention if normal maps",verified
ThirdPartyResources/Particle samples/Sprites/star_05.png,texture,CC0,high,https://kenney.nl/assets/particle-pack,A,"Kenney Particle Pack sprite (re-downloaded zip, CC0); use as ParticleEmitter texture/flipbook, <=400 particles/s. texture <=1024px (Roblox downscales larger); OpenGL-normal convention if normal maps",verified
ThirdPartyResources/Particle samples/Sprites/star_06.png,texture,CC0,high,https://kenney.nl/assets/particle-pack,A,"Kenney Particle Pack sprite (re-downloaded zip, CC0); use as ParticleEmitter texture/flipbook, <=400 particles/s. texture <=1024px (Roblox downscales larger); OpenGL-normal convention if normal maps",verified
ThirdPartyResources/Particle samples/Sprites/star_07.png,texture,CC0,high,https://kenney.nl/assets/particle-pack,A,"Kenney Particle Pack sprite (re-downloaded zip, CC0); use as ParticleEmitter texture/flipbook, <=400 particles/s. texture <=1024px (Roblox downscales larger); OpenGL-normal convention if normal maps",verified
ThirdPartyResources/Particle samples/Sprites/star_08.png,texture,CC0,high,https://kenney.nl/assets/particle-pack,A,"Kenney Particle Pack sprite (re-downloaded zip, CC0); use as ParticleEmitter texture/flipbook, <=400 particles/s. texture <=1024px (Roblox downscales larger); OpenGL-normal convention if normal maps",verified
ThirdPartyResources/Particle samples/Sprites/star_09.png,texture,CC0,high,https://kenney.nl/assets/particle-pack,A,"Kenney Particle Pack sprite (re-downloaded zip, CC0); use as ParticleEmitter texture/flipbook, <=400 particles/s. texture <=1024px (Roblox downscales larger); OpenGL-normal convention if normal maps",verified
ThirdPartyResources/Particle samples/Sprites/symbol_01.png,texture,CC0,high,https://kenney.nl/assets/particle-pack,A,"Kenney Particle Pack sprite (re-downloaded zip, CC0); use as ParticleEmitter texture/flipbook, <=400 particles/s. texture <=1024px (Roblox downscales larger); OpenGL-normal convention if normal maps",verified
ThirdPartyResources/Particle samples/Sprites/symbol_02.png,texture,CC0,high,https://kenney.nl/assets/particle-pack,A,"Kenney Particle Pack sprite (re-downloaded zip, CC0); use as ParticleEmitter texture/flipbook, <=400 particles/s. texture <=1024px (Roblox downscales larger); OpenGL-normal convention if normal maps",verified
ThirdPartyResources/Particle samples/Sprites/trace_01.png,texture,CC0,high,https://kenney.nl/assets/particle-pack,A,"Kenney Particle Pack sprite (re-downloaded zip, CC0); use as ParticleEmitter texture/flipbook, <=400 particles/s. texture <=1024px (Roblox downscales larger); OpenGL-normal convention if normal maps",verified
ThirdPartyResources/Particle samples/Sprites/trace_02.png,texture,CC0,high,https://kenney.nl/assets/particle-pack,A,"Kenney Particle Pack sprite (re-downloaded zip, CC0); use as ParticleEmitter texture/flipbook, <=400 particles/s. texture <=1024px (Roblox downscales larger); OpenGL-normal convention if normal maps",verified
ThirdPartyResources/Particle samples/Sprites/trace_03.png,texture,CC0,high,https://kenney.nl/assets/particle-pack,A,"Kenney Particle Pack sprite (re-downloaded zip, CC0); use as ParticleEmitter texture/flipbook, <=400 particles/s. texture <=1024px (Roblox downscales larger); OpenGL-normal convention if normal maps",verified
ThirdPartyResources/Particle samples/Sprites/trace_04.png,texture,CC0,high,https://kenney.nl/assets/particle-pack,A,"Kenney Particle Pack sprite (re-downloaded zip, CC0); use as ParticleEmitter texture/flipbook, <=400 particles/s. texture <=1024px (Roblox downscales larger); OpenGL-normal convention if normal maps",verified
ThirdPartyResources/Particle samples/Sprites/trace_05.png,texture,CC0,high,https://kenney.nl/assets/particle-pack,A,"Kenney Particle Pack sprite (re-downloaded zip, CC0); use as ParticleEmitter texture/flipbook, <=400 particles/s. texture <=1024px (Roblox downscales larger); OpenGL-normal convention if normal maps",verified
ThirdPartyResources/Particle samples/Sprites/trace_06.png,texture,CC0,high,https://kenney.nl/assets/particle-pack,A,"Kenney Particle Pack sprite (re-downloaded zip, CC0); use as ParticleEmitter texture/flipbook, <=400 particles/s. texture <=1024px (Roblox downscales larger); OpenGL-normal convention if normal maps",verified
ThirdPartyResources/Particle samples/Sprites/trace_07.png,texture,CC0,high,https://kenney.nl/assets/particle-pack,A,"Kenney Particle Pack sprite (re-downloaded zip, CC0); use as ParticleEmitter texture/flipbook, <=400 particles/s. texture <=1024px (Roblox downscales larger); OpenGL-normal convention if normal maps",verified
ThirdPartyResources/Particle samples/Sprites/twirl_01.png,texture,CC0,high,https://kenney.nl/assets/particle-pack,A,"Kenney Particle Pack sprite (re-downloaded zip, CC0); use as ParticleEmitter texture/flipbook, <=400 particles/s. texture <=1024px (Roblox downscales larger); OpenGL-normal convention if normal maps",verified
ThirdPartyResources/Particle samples/Sprites/twirl_02.png,texture,CC0,high,https://kenney.nl/assets/particle-pack,A,"Kenney Particle Pack sprite (re-downloaded zip, CC0); use as ParticleEmitter texture/flipbook, <=400 particles/s. texture <=1024px (Roblox downscales larger); OpenGL-normal convention if normal maps",verified
ThirdPartyResources/Particle samples/Sprites/twirl_03.png,texture,CC0,high,https://kenney.nl/assets/particle-pack,A,"Kenney Particle Pack sprite (re-downloaded zip, CC0); use as ParticleEmitter texture/flipbook, <=400 particles/s. texture <=1024px (Roblox downscales larger); OpenGL-normal convention if normal maps",verified
ThirdPartyResources/Particle samples/Sprites/window_01.png,texture,CC0,high,https://kenney.nl/assets/particle-pack,A,"Kenney Particle Pack sprite (re-downloaded zip, CC0); use as ParticleEmitter texture/flipbook, <=400 particles/s. texture <=1024px (Roblox downscales larger); OpenGL-normal convention if normal maps",verified
ThirdPartyResources/Particle samples/Sprites/window_02.png,texture,CC0,high,https://kenney.nl/assets/particle-pack,A,"Kenney Particle Pack sprite (re-downloaded zip, CC0); use as ParticleEmitter texture/flipbook, <=400 particles/s. texture <=1024px (Roblox downscales larger); OpenGL-normal convention if normal maps",verified
ThirdPartyResources/Particle samples/Sprites/window_03.png,texture,CC0,high,https://kenney.nl/assets/particle-pack,A,"Kenney Particle Pack sprite (re-downloaded zip, CC0); use as ParticleEmitter texture/flipbook, <=400 particles/s. texture <=1024px (Roblox downscales larger); OpenGL-normal convention if normal maps",verified
ThirdPartyResources/Particle samples/Sprites/window_04.png,texture,CC0,high,https://kenney.nl/assets/particle-pack,A,"Kenney Particle Pack sprite (re-downloaded zip, CC0); use as ParticleEmitter texture/flipbook, <=400 particles/s. texture <=1024px (Roblox downscales larger); OpenGL-normal convention if normal maps",verified
ThirdPartyResources/Shaders/UnityURPToonLitShaderExample-master/LICENSE.txt,other,MIT,high,https://github.com/ColinLeung-NiloCat/UnityURPToonLitShaderExample,A,NiloToon MIT license; archived at legal/licenses/NiloToon-SimpleURPToonLit-MIT.txt,verified
ThirdPartyResources/Shaders/UnityURPToonLitShaderExample-master/NiloInvLerpRemap.hlsl,other,MIT,high,https://github.com/ColinLeung-NiloCat/UnityURPToonLitShaderExample,rebuild,"SimpleURPToonLit (NiloToon, MIT) is Unity URP shader code - not portable; rebuilt natively in Roblox; nothing imported (toon look approximated with SurfaceAppearance/MaterialVariant)",verified
ThirdPartyResources/Shaders/UnityURPToonLitShaderExample-master/NiloOutlineUtil.hlsl,other,MIT,high,https://github.com/ColinLeung-NiloCat/UnityURPToonLitShaderExample,rebuild,"SimpleURPToonLit (NiloToon, MIT) is Unity URP shader code - not portable; rebuilt natively in Roblox; nothing imported (toon look approximated with SurfaceAppearance/MaterialVariant)",verified
ThirdPartyResources/Shaders/UnityURPToonLitShaderExample-master/NiloZOffset.hlsl,other,MIT,high,https://github.com/ColinLeung-NiloCat/UnityURPToonLitShaderExample,rebuild,"SimpleURPToonLit (NiloToon, MIT) is Unity URP shader code - not portable; rebuilt natively in Roblox; nothing imported (toon look approximated with SurfaceAppearance/MaterialVariant)",verified
ThirdPartyResources/Shaders/UnityURPToonLitShaderExample-master/SimpleURPToonLitOutlineExample.shader,other,MIT,high,https://github.com/ColinLeung-NiloCat/UnityURPToonLitShaderExample,rebuild,"SimpleURPToonLit (NiloToon, MIT) is Unity URP shader code - not portable; rebuilt natively in Roblox; nothing imported (toon look approximated with SurfaceAppearance/MaterialVariant)",verified
ThirdPartyResources/Shaders/UnityURPToonLitShaderExample-master/SimpleURPToonLitOutlineExample_LightingEquation.hlsl,other,MIT,high,https://github.com/ColinLeung-NiloCat/UnityURPToonLitShaderExample,rebuild,"SimpleURPToonLit (NiloToon, MIT) is Unity URP shader code - not portable; rebuilt natively in Roblox; nothing imported (toon look approximated with SurfaceAppearance/MaterialVariant)",verified
ThirdPartyResources/Shaders/UnityURPToonLitShaderExample-master/SimpleURPToonLitOutlineExample_Shared.hlsl,other,MIT,high,https://github.com/ColinLeung-NiloCat/UnityURPToonLitShaderExample,rebuild,"SimpleURPToonLit (NiloToon, MIT) is Unity URP shader code - not portable; rebuilt natively in Roblox; nothing imported (toon look approximated with SurfaceAppearance/MaterialVariant)",verified
ThirdPartyResources/ShurikenSkill/Material_0.mat,other,Unity-EULA,high,https://www.codester.com/items/55926/bullethell-elemental-template-unity,rebuild,rebuilt natively in Roblox; nothing imported,unverified
ThirdPartyResources/ShurikenSkill/Materials/gltf_embedded_0.mat,other,Unity-EULA,high,https://www.codester.com/items/55926/bullethell-elemental-template-unity,rebuild,rebuilt natively in Roblox; nothing imported,unverified
ThirdPartyResources/ShurikenSkill/Shuriken.controller,animation,Unity-EULA,high,https://www.codester.com/items/55926/bullethell-elemental-template-unity,rebuild,rebuilt natively in Roblox; nothing imported,unverified
ThirdPartyResources/ShurikenSkill/Shuriken.fbx,mesh,CC0,low,https://www.codester.com/items/55926/bullethell-elemental-template-unity,B,"shuriken mesh/texture, no public original located; publisher disclosure covers ThirdPartyResources as poly.pizza CC0; re-verify before upload. mesh <=20k tri, single UV, watertight; identical MeshId+TextureId for instancing",unverified
ThirdPartyResources/ShurikenSkill/ShurikenPrefab.prefab,other,Unity-EULA,high,https://www.codester.com/items/55926/bullethell-elemental-template-unity,rebuild,rebuilt natively in Roblox; nothing imported,unverified
ThirdPartyResources/ShurikenSkill/gltf_embedded_0.png,texture,CC0,low,https://www.codester.com/items/55926/bullethell-elemental-template-unity,B,"shuriken mesh/texture, no public original located; publisher disclosure covers ThirdPartyResources as poly.pizza CC0; re-verify before upload. mesh <=20k tri, single UV, watertight; identical MeshId+TextureId for instancing",unverified
